landmark,frame,x,y
NOSE,0,418.32,241.64
NOSE,1,372.15,283.06
NOSE,2,372.65,284.60
NOSE,3,355.22,302.04
NOSE,4,354.73,301.98
NOSE,5,337.07,328.02
NOSE,6,316.37,364.15
NOSE,7,316.21,363.49
NOSE,8,320.31,376.82
NOSE,9,334.43,383.06
NOSE,10,354.03,392.72
NOSE,11,354.29,392.85
NOSE,12,446.01,407.06
NOSE,13,445.93,405.94
NOSE,14,503.26,414.39
NOSE,15,550.51,407.73
NOSE,16,607.14,404.46
NOSE,17,607.65,404.15
NOSE,18,646.38,409.51
NOSE,19,671.50,415.70
NOSE,20,700.12,409.64
NOSE,21,706.11,415.44
NOSE,22,705.83,415.40
NOSE,23,694.93,424.48
NOSE,24,659.89,433.86
NOSE,25,612.48,421.90
NOSE,27,550.25,363.51
NOSE,29,433.02,469.36
NOSE,30,387.47,524.98
NOSE,31,387.53,524.76
NOSE,32,349.92,523.17
NOSE,33,322.99,519.49
NOSE,34,332.11,509.86
NOSE,35,335.34,509.23
NOSE,36,350.11,497.25
NOSE,37,387.70,479.91
NOSE,38,420.70,457.37
NOSE,39,424.70,457.42
NOSE,40,496.65,421.79
NOSE,41,541.52,415.44
NOSE,42,648.39,355.96
NOSE,43,648.49,356.30
NOSE,44,682.18,322.90
NOSE,45,692.24,307.77
NOSE,46,692.83,307.94
NOSE,47,674.97,279.46
NOSE,48,648.93,277.90
NOSE,49,648.87,277.98
NOSE,50,617.14,273.11
NOSE,51,585.59,275.14
NOSE,52,547.27,289.72
NOSE,53,547.50,288.37
NOSE,54,507.09,288.98
NOSE,55,437.22,259.09
NOSE,56,437.60,258.04
NOSE,57,397.57,238.95
NOSE,58,384.73,254.34
NOSE,59,384.81,254.24
NOSE,60,387.35,258.13
NOSE,61,415.29,253.69
NOSE,62,460.36,241.02
NOSE,63,526.92,226.12
NOSE,64,554.42,239.76
NOSE,65,554.77,237.95
NOSE,66,594.86,259.76
NOSE,67,606.37,266.74
NOSE,68,616.23,246.32
NOSE,69,618.89,245.17
NOSE,70,598.79,222.76
NOSE,71,598.52,222.27
NOSE,72,524.63,216.19
NOSE,73,481.00,253.54
NOSE,74,430.60,262.17
NOSE,75,430.09,260.33
NOSE,76,438.27,247.76
NOSE,77,489.22,222.46
NOSE,78,536.67,242.82
NOSE,79,526.62,246.25
NOSE,80,578.17,249.47
NOSE,81,608.81,263.54
NOSE,82,609.36,263.49
NOSE,83,600.14,261.56
NOSE,84,579.63,263.23
NOSE,85,580.76,261.17
NOSE,86,509.87,231.54
NOSE,87,454.82,259.22
NOSE,88,454.78,257.87
NOSE,89,375.02,283.78
NOSE,90,386.51,262.53
NOSE,91,384.93,264.02
NOSE,92,411.23,258.93
NOSE,93,411.52,259.00
NOSE,94,512.89,289.15
NOSE,95,513.78,284.57
NOSE,96,535.35,293.31
NOSE,97,556.90,274.37
NOSE,98,568.33,263.55
NOSE,99,569.10,263.82
NOSE,100,475.59,234.33
NOSE,101,475.33,235.03
NOSE,102,430.35,238.81
NOSE,103,371.33,267.77
NOSE,104,335.49,278.20
NOSE,105,318.16,288.78
NOSE,106,318.41,290.23
NOSE,107,342.38,263.43
NOSE,108,350.09,254.56
NOSE,109,433.01,318.49
NOSE,110,432.76,318.33
NOSE,111,463.23,293.54
NOSE,112,487.09,275.81
NOSE,113,487.60,276.46
NOSE,114,478.50,289.30
NOSE,115,439.35,264.97
NOSE,116,370.27,246.65
NOSE,117,369.21,247.18
NOSE,118,274.71,284.70
NOSE,119,273.66,285.54
NOSE,120,249.52,278.02
NOSE,121,249.17,278.22
NOSE,122,274.07,276.57
NOSE,123,274.05,276.64
NOSE,124,299.38,283.16
NOSE,125,352.90,288.98
NOSE,126,435.49,335.43
NOSE,127,432.24,336.86
NOSE,128,486.61,318.10
NOSE,129,485.17,318.51
NOSE,130,489.10,313.84
NOSE,131,449.46,337.87
NOSE,132,446.84,337.11
NOSE,133,342.15,388.10
NOSE,134,276.12,363.09
NOSE,135,275.16,366.30
NOSE,136,204.49,325.74
NOSE,137,204.46,325.72
NOSE,138,224.72,325.95
NOSE,139,255.46,327.32
NOSE,140,332.21,341.28
NOSE,141,479.31,349.45
NOSE,142,477.24,348.88
NOSE,143,477.56,346.73
NOSE,144,515.69,322.97
NOSE,145,518.83,332.15
NOSE,146,518.70,332.18
NOSE,147,496.72,347.18
NOSE,148,394.01,365.88
NOSE,149,402.80,375.40
NOSE,150,336.31,357.89
NOSE,151,289.33,344.08
NOSE,152,267.93,319.45
NOSE,153,273.85,323.69
NOSE,154,313.99,320.21
NOSE,155,377.64,335.12
NOSE,156,368.74,340.40
NOSE,157,429.21,324.54
NOSE,158,566.65,318.54
NOSE,159,567.87,318.88
NOSE,160,585.93,305.74
NOSE,161,586.30,305.65
NOSE,162,550.90,325.28
NOSE,163,549.73,326.43
NOSE,164,460.04,317.83
NOSE,165,450.41,328.31
NOSE,166,400.69,312.06
NOSE,167,312.16,333.21
NOSE,168,289.02,312.71
NOSE,169,289.55,312.55
NOSE,170,307.97,318.94
NOSE,171,307.09,319.06
NOSE,172,401.93,322.64
NOSE,173,442.64,383.19
NOSE,174,444.23,357.15
NOSE,175,534.61,335.24
NOSE,176,536.48,333.91
NOSE,177,583.15,293.53
NOSE,178,563.55,295.93
NOSE,179,565.42,294.69
NOSE,180,475.20,267.18
NOSE,181,482.08,276.73
NOSE,182,318.93,281.78
NOSE,183,318.37,281.50
NOSE,184,317.00,280.58
NOSE,185,297.17,263.63
NOSE,186,298.95,262.64
NOSE,187,336.54,263.89
NOSE,188,335.84,264.03
NOSE,189,424.04,330.69
NOSE,190,416.15,338.03
NOSE,191,493.99,251.10
NOSE,192,516.39,231.63
NOSE,193,517.84,231.89
NOSE,194,496.77,242.14
NOSE,195,450.02,250.12
NOSE,196,457.75,241.99
NOSE,197,350.24,286.65
NOSE,198,346.55,279.80
NOSE,199,289.13,239.77
NOSE,200,280.47,255.09
NOSE,201,280.76,254.92
NOSE,202,279.06,254.62
NOSE,203,308.32,254.54
NOSE,204,332.74,257.71
NOSE,205,426.33,254.02
NOSE,206,424.59,252.07
NOSE,207,454.56,248.67
NOSE,208,454.84,248.65
NOSE,209,464.59,232.92
NOSE,210,465.43,233.05
NOSE,211,429.37,231.08
NOSE,212,424.89,230.92
NOSE,213,385.93,225.66
NOSE,214,391.56,235.01
NOSE,215,367.56,234.78
NOSE,216,302.88,199.12
NOSE,217,302.23,199.40
NOSE,218,302.94,200.26
NOSE,219,301.40,211.23
NOSE,220,302.59,210.66
NOSE,221,360.29,224.66
NOSE,224,391.14,218.65
NOSE,225,390.28,218.13
NOSE,228,344.24,237.74
NOSE,229,314.06,256.87
NOSE,230,311.37,254.09
NOSE,231,286.13,235.87
NOSE,232,286.73,235.79
NOSE,238,384.22,232.63
NOSE,239,383.40,236.43
NOSE,240,352.76,221.93
NOSE,242,246.48,247.17
NOSE,243,247.85,245.13
NOSE,244,245.83,246.88
NOSE,245,262.50,235.59
NOSE,250,380.09,230.25
NOSE,251,371.60,228.70
NOSE,252,406.73,262.80
NOSE,253,298.28,247.75
NOSE,254,299.10,247.77
NOSE,255,253.92,250.94
NOSE,256,254.33,250.83
NOSE,257,279.50,240.37
NOSE,258,385.74,249.89
NOSE,259,381.96,248.46
NOSE,260,418.55,259.66
NOSE,261,418.97,264.31
NOSE,263,421.08,207.86
NOSE,265,417.59,191.84
NOSE,266,412.88,199.52
NOSE,267,412.01,196.80
NOSE,268,379.91,198.93
NOSE,269,390.90,183.76
NOSE,270,407.90,183.61
NOSE,271,416.66,198.78
NOSE,272,417.01,200.49
NOSE,273,415.56,201.28
NOSE,274,364.60,207.33
NOSE,275,365.35,208.47
NOSE,276,359.28,206.37
NOSE,277,331.06,184.36
NOSE,278,330.65,185.25
NOSE,279,354.33,193.28
NOSE,280,355.08,192.37
NOSE,281,424.61,213.20
NOSE,282,478.18,215.97
NOSE,283,477.95,215.18
NOSE,284,510.19,215.66
NOSE,285,508.63,213.93
NOSE,286,538.67,219.18
NOSE,287,586.07,244.86
NOSE,288,587.18,243.65
NOSE,289,549.77,245.50
NOSE,293,425.49,211.77
NOSE,294,379.68,200.99
NOSE,295,379.19,201.58
NOSE,296,379.67,200.23
NOSE,297,441.89,198.69
NOSE,298,448.33,208.71
NOSE,299,449.92,210.88
NOSE,300,522.39,205.98
NOSE,301,525.51,205.73
NOSE,302,574.63,217.03
NOSE,303,573.02,215.38
NOSE,304,586.56,223.17
NOSE,305,570.58,232.10
NOSE,306,530.19,245.94
NOSE,307,526.36,246.40
NOSE,308,527.34,243.94
NOSE,309,472.68,231.90
NOSE,310,444.07,215.08
NOSE,311,444.85,214.05
NOSE,312,416.20,216.93
NOSE,313,403.96,214.24
NOSE,314,488.58,210.61
NOSE,315,491.57,207.75
NOSE,316,492.50,206.84
NOSE,317,537.41,221.22
NOSE,318,536.67,221.55
NOSE,319,567.62,209.28
NOSE,320,565.21,209.87
NOSE,321,614.09,217.42
NOSE,322,613.17,216.76
NOSE,323,628.62,241.15
NOSE,324,599.31,244.58
NOSE,325,532.30,239.12
NOSE,326,520.00,242.88
NOSE,328,473.34,230.11
NOSE,329,444.21,225.57
NOSE,330,380.99,218.98
NOSE,331,381.83,218.10
NOSE,332,395.49,215.05
NOSE,333,395.84,214.60
NOSE,334,395.93,214.52
NOSE,335,413.80,220.98
NOSE,336,481.08,222.66
NOSE,337,481.18,222.21
NOSE,338,505.57,217.61
NOSE,339,527.36,212.88
NOSE,340,527.67,213.13
NOSE,341,549.58,209.90
NOSE,342,561.40,209.04
NOSE,343,571.86,205.63
NOSE,344,572.95,196.61
NOSE,345,573.06,197.07
NOSE,346,573.12,196.37
NOSE,347,575.33,195.62
NOSE,348,571.55,188.61
NOSE,349,571.23,189.20
NOSE,350,563.10,192.31
NOSE,351,563.10,192.27
NOSE,352,544.56,197.74
NOSE,353,506.20,213.79
NOSE,354,458.99,210.03
NOSE,355,458.95,211.33
NOSE,356,439.01,214.76
NOSE,357,425.48,241.22
NOSE,358,426.42,240.60
NOSE,359,419.84,236.88
NOSE,360,382.99,246.80
NOSE,361,382.85,246.57
NOSE,362,382.49,246.63
NOSE,363,384.95,243.46
NOSE,364,383.59,240.80
NOSE,365,419.11,257.54
NOSE,366,470.63,231.74
NOSE,367,469.85,232.02
NOSE,368,471.10,225.23
NOSE,369,478.37,223.62
NOSE,370,478.54,223.80
NOSE,371,482.13,203.57
NOSE,372,481.95,203.29
NOSE,373,480.54,192.98
NOSE,374,470.54,195.32
NOSE,375,466.68,190.48
NOSE,376,465.14,191.19
NOSE,377,463.63,185.79
NOSE,378,458.78,181.04
NOSE,379,458.74,181.53
NOSE,380,462.07,182.40
NOSE,381,454.89,179.36
NOSE,382,440.89,183.75
NOSE,383,441.20,183.98
NOSE,384,430.25,182.70
NOSE,385,423.50,182.79
NOSE,386,419.73,183.26
NOSE,387,408.41,183.65
NOSE,388,403.62,182.00
NOSE,389,404.36,181.98
NOSE,390,401.85,182.01
NOSE,391,399.34,183.31
NOSE,392,397.64,183.92
NOSE,393,398.44,191.10
NOSE,394,399.84,207.00
NOSE,395,400.44,206.80
NOSE,396,405.34,229.83
NOSE,397,408.51,253.46
NOSE,398,409.07,273.52
NOSE,399,408.59,272.93
NOSE,400,413.37,300.20
NOSE,401,428.33,373.67
NOSE,402,436.15,413.70
NOSE,403,435.48,414.13
NOSE,404,421.49,502.03
NOSE,405,421.47,502.02
NOSE,406,405.57,528.07
NOSE,407,401.80,541.79
NOSE,408,400.81,541.15
NOSE,409,399.00,549.84
NOSE,410,402.43,553.90
NOSE,411,403.06,553.94
NOSE,412,402.80,551.21
NOSE,413,405.38,552.12
NOSE,414,412.31,539.35
NOSE,415,411.68,539.78
NOSE,416,418.42,532.59
NOSE,417,421.57,526.08
NOSE,418,419.32,510.23
NOSE,419,420.61,509.78
NOSE,420,419.46,495.80
NOSE,421,419.17,484.72
NOSE,422,412.09,466.66
NOSE,423,416.83,451.05
NOSE,424,416.84,434.78
NOSE,425,421.72,421.32
NOSE,426,429.96,395.45
NOSE,427,426.89,372.57
NOSE,428,426.81,372.86
NOSE,429,428.65,350.22
NOSE,430,436.08,339.00
NOSE,431,436.04,338.34
NOSE,432,432.17,299.60
LEFT_EYE_INNER,0,419.28,229.90
LEFT_EYE_INNER,1,377.80,273.68
LEFT_EYE_INNER,2,378.06,274.48
LEFT_EYE_INNER,3,360.90,294.00
LEFT_EYE_INNER,4,360.21,293.93
LEFT_EYE_INNER,5,342.07,319.15
LEFT_EYE_INNER,6,324.04,352.88
LEFT_EYE_INNER,7,323.96,352.38
LEFT_EYE_INNER,8,326.02,368.46
LEFT_EYE_INNER,9,344.09,372.67
LEFT_EYE_INNER,10,366.63,381.78
LEFT_EYE_INNER,11,366.79,381.92
LEFT_EYE_INNER,12,457.97,396.43
LEFT_EYE_INNER,13,458.09,395.30
LEFT_EYE_INNER,14,513.36,406.27
LEFT_EYE_INNER,15,558.12,399.14
LEFT_EYE_INNER,16,613.62,397.58
LEFT_EYE_INNER,17,613.88,397.14
LEFT_EYE_INNER,18,655.69,401.72
LEFT_EYE_INNER,19,677.81,406.44
LEFT_EYE_INNER,20,707.24,403.20
LEFT_EYE_INNER,21,715.26,413.44
LEFT_EYE_INNER,22,714.85,413.48
LEFT_EYE_INNER,23,703.67,422.79
LEFT_EYE_INNER,24,665.62,434.65
LEFT_EYE_INNER,25,614.62,423.59
LEFT_EYE_INNER,27,551.41,360.12
LEFT_EYE_INNER,29,426.89,469.28
LEFT_EYE_INNER,30,372.73,526.72
LEFT_EYE_INNER,31,372.83,526.45
LEFT_EYE_INNER,32,341.38,528.66
LEFT_EYE_INNER,33,318.49,524.83
LEFT_EYE_INNER,34,328.46,514.98
LEFT_EYE_INNER,35,331.30,514.37
LEFT_EYE_INNER,36,346.79,503.59
LEFT_EYE_INNER,37,382.26,489.49
LEFT_EYE_INNER,38,423.06,461.59
LEFT_EYE_INNER,39,426.86,462.26
LEFT_EYE_INNER,40,501.88,425.21
LEFT_EYE_INNER,41,556.96,416.44
LEFT_EYE_INNER,42,663.15,349.17
LEFT_EYE_INNER,43,663.18,349.44
LEFT_EYE_INNER,44,692.49,314.89
LEFT_EYE_INNER,45,700.61,298.11
LEFT_EYE_INNER,46,701.04,298.25
LEFT_EYE_INNER,47,672.38,267.30
LEFT_EYE_INNER,48,644.79,263.03
LEFT_EYE_INNER,49,644.75,263.06
LEFT_EYE_INNER,50,612.22,259.32
LEFT_EYE_INNER,51,581.66,262.79
LEFT_EYE_INNER,52,545.19,272.29
LEFT_EYE_INNER,53,545.31,270.90
LEFT_EYE_INNER,54,506.88,275.85
LEFT_EYE_INNER,55,436.50,247.39
LEFT_EYE_INNER,56,436.99,246.22
LEFT_EYE_INNER,57,411.01,234.72
LEFT_EYE_INNER,58,389.52,240.86
LEFT_EYE_INNER,59,389.78,240.85
LEFT_EYE_INNER,60,390.45,244.40
LEFT_EYE_INNER,61,414.87,241.47
LEFT_EYE_INNER,62,455.04,230.58
LEFT_EYE_INNER,63,511.74,218.34
LEFT_EYE_INNER,64,546.53,230.06
LEFT_EYE_INNER,65,547.03,225.88
LEFT_EYE_INNER,66,595.87,248.21
LEFT_EYE_INNER,67,610.87,257.53
LEFT_EYE_INNER,68,622.71,238.93
LEFT_EYE_INNER,69,625.32,237.47
LEFT_EYE_INNER,70,601.49,217.73
LEFT_EYE_INNER,71,601.67,217.28
LEFT_EYE_INNER,72,530.40,212.64
LEFT_EYE_INNER,73,486.90,243.74
LEFT_EYE_INNER,74,429.78,255.19
LEFT_EYE_INNER,75,429.82,253.93
LEFT_EYE_INNER,76,426.16,245.31
LEFT_EYE_INNER,77,474.54,226.16
LEFT_EYE_INNER,78,527.80,238.52
LEFT_EYE_INNER,79,517.61,243.34
LEFT_EYE_INNER,80,576.31,241.64
LEFT_EYE_INNER,81,614.98,256.44
LEFT_EYE_INNER,82,615.78,256.52
LEFT_EYE_INNER,83,607.16,254.72
LEFT_EYE_INNER,84,582.35,257.12
LEFT_EYE_INNER,85,583.44,254.96
LEFT_EYE_INNER,86,521.54,230.35
LEFT_EYE_INNER,87,462.31,254.97
LEFT_EYE_INNER,88,462.17,253.73
LEFT_EYE_INNER,89,370.62,280.25
LEFT_EYE_INNER,90,378.19,267.60
LEFT_EYE_INNER,91,377.17,269.39
LEFT_EYE_INNER,92,398.67,267.99
LEFT_EYE_INNER,93,398.87,267.73
LEFT_EYE_INNER,94,510.05,282.78
LEFT_EYE_INNER,95,510.15,282.40
LEFT_EYE_INNER,96,541.46,286.94
LEFT_EYE_INNER,97,562.27,268.95
LEFT_EYE_INNER,98,572.37,259.37
LEFT_EYE_INNER,99,572.49,260.18
LEFT_EYE_INNER,100,489.34,239.55
LEFT_EYE_INNER,101,488.82,239.94
LEFT_EYE_INNER,102,444.29,232.39
LEFT_EYE_INNER,103,370.87,266.31
LEFT_EYE_INNER,104,331.34,278.32
LEFT_EYE_INNER,105,311.61,283.70
LEFT_EYE_INNER,106,311.80,284.61
LEFT_EYE_INNER,107,328.11,270.46
LEFT_EYE_INNER,108,337.95,262.12
LEFT_EYE_INNER,109,435.82,308.79
LEFT_EYE_INNER,110,435.55,308.10
LEFT_EYE_INNER,111,469.37,285.41
LEFT_EYE_INNER,112,492.47,270.11
LEFT_EYE_INNER,113,492.98,270.62
LEFT_EYE_INNER,114,483.73,281.39
LEFT_EYE_INNER,115,449.31,265.00
LEFT_EYE_INNER,116,381.18,243.29
LEFT_EYE_INNER,117,379.66,245.21
LEFT_EYE_INNER,118,274.41,279.22
LEFT_EYE_INNER,119,272.41,279.94
LEFT_EYE_INNER,120,238.63,281.59
LEFT_EYE_INNER,121,238.34,281.76
LEFT_EYE_INNER,122,262.03,285.56
LEFT_EYE_INNER,123,262.02,285.55
LEFT_EYE_INNER,124,288.74,293.69
LEFT_EYE_INNER,125,338.11,297.73
LEFT_EYE_INNER,126,438.25,334.04
LEFT_EYE_INNER,127,435.18,335.40
LEFT_EYE_INNER,128,486.74,333.84
LEFT_EYE_INNER,129,486.00,333.60
LEFT_EYE_INNER,130,491.63,328.17
LEFT_EYE_INNER,131,456.60,345.99
LEFT_EYE_INNER,132,454.19,344.99
LEFT_EYE_INNER,133,350.19,379.14
LEFT_EYE_INNER,134,270.04,357.38
LEFT_EYE_INNER,135,266.67,361.41
LEFT_EYE_INNER,136,199.02,338.50
LEFT_EYE_INNER,137,198.99,338.48
LEFT_EYE_INNER,138,220.60,338.33
LEFT_EYE_INNER,139,250.64,340.35
LEFT_EYE_INNER,140,318.59,343.13
LEFT_EYE_INNER,141,478.20,354.84
LEFT_EYE_INNER,142,476.71,353.62
LEFT_EYE_INNER,143,475.54,352.11
LEFT_EYE_INNER,144,518.94,339.03
LEFT_EYE_INNER,145,519.73,345.52
LEFT_EYE_INNER,146,520.24,345.31
LEFT_EYE_INNER,147,504.81,345.95
LEFT_EYE_INNER,148,398.83,357.81
LEFT_EYE_INNER,149,399.61,367.39
LEFT_EYE_INNER,150,331.57,349.80
LEFT_EYE_INNER,151,285.63,346.77
LEFT_EYE_INNER,152,263.85,333.73
LEFT_EYE_INNER,153,272.54,336.56
LEFT_EYE_INNER,154,308.57,333.06
LEFT_EYE_INNER,155,381.19,339.17
LEFT_EYE_INNER,156,367.92,341.99
LEFT_EYE_INNER,157,422.61,337.02
LEFT_EYE_INNER,158,570.04,332.89
LEFT_EYE_INNER,159,570.69,333.16
LEFT_EYE_INNER,160,589.63,322.20
LEFT_EYE_INNER,161,589.92,322.05
LEFT_EYE_INNER,162,553.71,333.95
LEFT_EYE_INNER,163,552.62,334.81
LEFT_EYE_INNER,164,466.13,309.06
LEFT_EYE_INNER,165,457.18,319.60
LEFT_EYE_INNER,166,399.81,304.15
LEFT_EYE_INNER,167,309.12,338.05
LEFT_EYE_INNER,168,283.17,324.53
LEFT_EYE_INNER,169,283.72,324.48
LEFT_EYE_INNER,170,304.40,332.21
LEFT_EYE_INNER,171,303.94,332.66
LEFT_EYE_INNER,172,398.35,325.93
LEFT_EYE_INNER,173,432.85,396.79
LEFT_EYE_INNER,174,433.63,370.04
LEFT_EYE_INNER,175,534.91,340.75
LEFT_EYE_INNER,176,536.70,340.63
LEFT_EYE_INNER,177,587.00,308.52
LEFT_EYE_INNER,178,570.87,308.55
LEFT_EYE_INNER,179,571.79,308.40
LEFT_EYE_INNER,180,487.18,268.31
LEFT_EYE_INNER,181,487.91,268.88
LEFT_EYE_INNER,182,319.07,286.78
LEFT_EYE_INNER,183,318.81,286.30
LEFT_EYE_INNER,184,317.23,285.20
LEFT_EYE_INNER,185,287.52,274.55
LEFT_EYE_INNER,186,289.89,273.78
LEFT_EYE_INNER,187,325.74,273.77
LEFT_EYE_INNER,188,325.05,274.12
LEFT_EYE_INNER,189,429.25,321.98
LEFT_EYE_INNER,190,418.45,324.05
LEFT_EYE_INNER,191,490.24,256.18
LEFT_EYE_INNER,192,526.91,240.32
LEFT_EYE_INNER,193,527.63,240.30
LEFT_EYE_INNER,194,505.29,248.97
LEFT_EYE_INNER,195,462.73,256.41
LEFT_EYE_INNER,196,466.71,248.36
LEFT_EYE_INNER,197,346.90,273.22
LEFT_EYE_INNER,198,344.70,268.47
LEFT_EYE_INNER,199,288.74,248.25
LEFT_EYE_INNER,200,271.83,263.71
LEFT_EYE_INNER,201,271.90,263.03
LEFT_EYE_INNER,202,271.06,263.03
LEFT_EYE_INNER,203,297.77,264.54
LEFT_EYE_INNER,204,323.24,267.75
LEFT_EYE_INNER,205,419.25,261.99
LEFT_EYE_INNER,206,417.07,260.40
LEFT_EYE_INNER,207,452.79,258.19
LEFT_EYE_INNER,208,453.01,258.13
LEFT_EYE_INNER,209,469.54,247.24
LEFT_EYE_INNER,210,470.21,247.61
LEFT_EYE_INNER,211,438.57,239.36
LEFT_EYE_INNER,212,435.93,238.85
LEFT_EYE_INNER,213,395.86,224.09
LEFT_EYE_INNER,214,395.71,230.84
LEFT_EYE_INNER,215,368.65,227.11
LEFT_EYE_INNER,216,293.90,210.26
LEFT_EYE_INNER,217,293.33,210.38
LEFT_EYE_INNER,218,293.60,211.71
LEFT_EYE_INNER,219,289.14,225.89
LEFT_EYE_INNER,220,290.27,225.05
LEFT_EYE_INNER,221,360.57,234.67
LEFT_EYE_INNER,224,399.16,237.15
LEFT_EYE_INNER,225,398.11,236.53
LEFT_EYE_INNER,228,348.27,235.66
LEFT_EYE_INNER,229,315.04,260.01
LEFT_EYE_INNER,230,311.95,256.43
LEFT_EYE_INNER,231,278.50,250.30
LEFT_EYE_INNER,232,278.92,250.32
LEFT_EYE_INNER,238,388.10,246.10
LEFT_EYE_INNER,239,387.74,249.09
LEFT_EYE_INNER,240,356.11,218.56
LEFT_EYE_INNER,242,244.69,260.17
LEFT_EYE_INNER,243,246.26,257.57
LEFT_EYE_INNER,244,243.85,259.98
LEFT_EYE_INNER,245,256.97,250.03
LEFT_EYE_INNER,250,390.79,240.92
LEFT_EYE_INNER,251,384.28,237.83
LEFT_EYE_INNER,252,412.75,268.06
LEFT_EYE_INNER,253,292.19,252.82
LEFT_EYE_INNER,254,292.86,252.28
LEFT_EYE_INNER,255,251.15,263.93
LEFT_EYE_INNER,256,251.52,263.52
LEFT_EYE_INNER,257,275.60,255.79
LEFT_EYE_INNER,258,381.58,255.33
LEFT_EYE_INNER,259,377.38,255.84
LEFT_EYE_INNER,260,416.92,263.61
LEFT_EYE_INNER,261,417.89,264.07
LEFT_EYE_INNER,263,432.19,205.19
LEFT_EYE_INNER,265,425.13,192.40
LEFT_EYE_INNER,266,417.29,197.76
LEFT_EYE_INNER,267,416.59,196.66
LEFT_EYE_INNER,268,376.27,200.62
LEFT_EYE_INNER,269,380.67,190.37
LEFT_EYE_INNER,270,396.67,192.50
LEFT_EYE_INNER,271,408.08,201.93
LEFT_EYE_INNER,272,408.74,203.37
LEFT_EYE_INNER,273,407.90,204.09
LEFT_EYE_INNER,274,360.10,205.26
LEFT_EYE_INNER,275,361.62,206.92
LEFT_EYE_INNER,276,355.86,202.55
LEFT_EYE_INNER,277,350.33,189.49
LEFT_EYE_INNER,278,349.67,190.92
LEFT_EYE_INNER,279,367.29,195.01
LEFT_EYE_INNER,280,368.40,194.23
LEFT_EYE_INNER,281,435.95,214.63
LEFT_EYE_INNER,282,486.85,211.81
LEFT_EYE_INNER,283,486.92,211.48
LEFT_EYE_INNER,284,513.14,211.72
LEFT_EYE_INNER,285,512.01,210.43
LEFT_EYE_INNER,286,539.72,210.59
LEFT_EYE_INNER,287,572.29,235.46
LEFT_EYE_INNER,288,573.41,235.04
LEFT_EYE_INNER,289,540.27,240.09
LEFT_EYE_INNER,293,423.12,214.87
LEFT_EYE_INNER,294,398.39,204.20
LEFT_EYE_INNER,295,397.52,204.35
LEFT_EYE_INNER,296,398.69,203.62
LEFT_EYE_INNER,297,453.16,192.79
LEFT_EYE_INNER,298,461.63,210.80
LEFT_EYE_INNER,299,461.94,212.01
LEFT_EYE_INNER,300,522.33,201.46
LEFT_EYE_INNER,301,525.74,201.11
LEFT_EYE_INNER,302,569.07,208.52
LEFT_EYE_INNER,303,566.79,206.38
LEFT_EYE_INNER,304,571.77,221.07
LEFT_EYE_INNER,305,557.54,230.99
LEFT_EYE_INNER,306,522.85,242.97
LEFT_EYE_INNER,307,518.84,243.87
LEFT_EYE_INNER,308,520.35,240.89
LEFT_EYE_INNER,309,468.61,234.14
LEFT_EYE_INNER,310,444.56,219.21
LEFT_EYE_INNER,311,444.69,217.84
LEFT_EYE_INNER,312,428.94,217.30
LEFT_EYE_INNER,313,420.25,214.40
LEFT_EYE_INNER,314,501.47,212.40
LEFT_EYE_INNER,315,506.03,207.67
LEFT_EYE_INNER,316,507.84,207.51
LEFT_EYE_INNER,317,543.66,219.81
LEFT_EYE_INNER,318,543.00,220.37
LEFT_EYE_INNER,319,572.48,207.47
LEFT_EYE_INNER,320,571.38,207.89
LEFT_EYE_INNER,321,600.33,216.40
LEFT_EYE_INNER,322,599.19,215.69
LEFT_EYE_INNER,323,615.41,233.70
LEFT_EYE_INNER,324,587.34,236.37
LEFT_EYE_INNER,325,524.88,235.49
LEFT_EYE_INNER,326,516.12,234.80
LEFT_EYE_INNER,328,468.89,230.24
LEFT_EYE_INNER,329,442.65,226.91
LEFT_EYE_INNER,330,399.24,215.91
LEFT_EYE_INNER,331,399.82,214.70
LEFT_EYE_INNER,332,413.96,213.51
LEFT_EYE_INNER,333,414.28,213.40
LEFT_EYE_INNER,334,413.17,213.21
LEFT_EYE_INNER,335,428.15,215.21
LEFT_EYE_INNER,336,488.24,212.79
LEFT_EYE_INNER,337,488.26,212.60
LEFT_EYE_INNER,338,508.70,208.47
LEFT_EYE_INNER,339,525.38,199.79
LEFT_EYE_INNER,340,525.27,199.89
LEFT_EYE_INNER,341,544.82,196.67
LEFT_EYE_INNER,342,554.36,195.33
LEFT_EYE_INNER,343,562.96,191.03
LEFT_EYE_INNER,344,564.64,181.47
LEFT_EYE_INNER,345,564.85,181.81
LEFT_EYE_INNER,346,565.16,181.21
LEFT_EYE_INNER,347,565.58,180.66
LEFT_EYE_INNER,348,561.23,174.75
LEFT_EYE_INNER,349,559.65,176.17
LEFT_EYE_INNER,350,552.46,179.04
LEFT_EYE_INNER,351,552.45,179.00
LEFT_EYE_INNER,352,535.74,184.71
LEFT_EYE_INNER,353,498.37,199.54
LEFT_EYE_INNER,354,452.94,200.06
LEFT_EYE_INNER,355,453.01,201.26
LEFT_EYE_INNER,356,430.93,205.78
LEFT_EYE_INNER,357,418.55,228.24
LEFT_EYE_INNER,358,418.80,228.06
LEFT_EYE_INNER,359,410.13,224.93
LEFT_EYE_INNER,360,380.26,234.52
LEFT_EYE_INNER,361,380.09,234.39
LEFT_EYE_INNER,362,379.97,233.83
LEFT_EYE_INNER,363,393.03,229.51
LEFT_EYE_INNER,364,391.77,227.00
LEFT_EYE_INNER,365,427.92,241.85
LEFT_EYE_INNER,366,475.25,216.79
LEFT_EYE_INNER,367,474.78,216.98
LEFT_EYE_INNER,368,479.14,212.22
LEFT_EYE_INNER,369,483.32,207.34
LEFT_EYE_INNER,370,483.35,207.18
LEFT_EYE_INNER,371,485.05,190.15
LEFT_EYE_INNER,372,484.95,189.91
LEFT_EYE_INNER,373,484.51,182.00
LEFT_EYE_INNER,374,477.19,182.32
LEFT_EYE_INNER,375,470.89,177.89
LEFT_EYE_INNER,376,470.36,178.03
LEFT_EYE_INNER,377,466.72,172.02
LEFT_EYE_INNER,378,460.63,166.17
LEFT_EYE_INNER,379,460.35,166.51
LEFT_EYE_INNER,380,458.61,168.61
LEFT_EYE_INNER,381,452.79,165.80
LEFT_EYE_INNER,382,441.68,169.89
LEFT_EYE_INNER,383,441.78,170.21
LEFT_EYE_INNER,384,431.81,168.36
LEFT_EYE_INNER,385,427.04,169.79
LEFT_EYE_INNER,386,419.72,169.02
LEFT_EYE_INNER,387,409.72,169.43
LEFT_EYE_INNER,388,405.13,168.06
LEFT_EYE_INNER,389,405.69,168.11
LEFT_EYE_INNER,390,402.90,169.24
LEFT_EYE_INNER,391,399.41,169.72
LEFT_EYE_INNER,392,396.97,171.52
LEFT_EYE_INNER,393,395.00,179.29
LEFT_EYE_INNER,394,394.55,194.92
LEFT_EYE_INNER,395,395.08,194.74
LEFT_EYE_INNER,396,396.92,216.88
LEFT_EYE_INNER,397,397.49,242.86
LEFT_EYE_INNER,398,400.86,266.39
LEFT_EYE_INNER,399,400.57,266.24
LEFT_EYE_INNER,400,405.67,290.98
LEFT_EYE_INNER,401,421.61,359.98
LEFT_EYE_INNER,402,431.95,398.37
LEFT_EYE_INNER,403,431.66,398.84
LEFT_EYE_INNER,404,426.48,493.20
LEFT_EYE_INNER,405,426.82,493.24
LEFT_EYE_INNER,406,413.49,523.09
LEFT_EYE_INNER,407,407.89,537.78
LEFT_EYE_INNER,408,407.47,537.64
LEFT_EYE_INNER,409,406.00,546.37
LEFT_EYE_INNER,410,409.45,550.70
LEFT_EYE_INNER,411,408.80,550.82
LEFT_EYE_INNER,412,410.14,548.03
LEFT_EYE_INNER,413,412.02,548.72
LEFT_EYE_INNER,414,419.46,536.23
LEFT_EYE_INNER,415,419.12,536.83
LEFT_EYE_INNER,416,424.78,529.70
LEFT_EYE_INNER,417,428.44,522.52
LEFT_EYE_INNER,418,425.87,508.07
LEFT_EYE_INNER,419,426.41,507.12
LEFT_EYE_INNER,420,426.48,492.89
LEFT_EYE_INNER,421,425.71,482.47
LEFT_EYE_INNER,422,420.97,463.86
LEFT_EYE_INNER,423,425.26,447.13
LEFT_EYE_INNER,424,426.15,429.76
LEFT_EYE_INNER,425,429.37,415.04
LEFT_EYE_INNER,426,437.88,387.22
LEFT_EYE_INNER,427,435.02,363.80
LEFT_EYE_INNER,428,435.03,364.04
LEFT_EYE_INNER,429,437.90,342.86
LEFT_EYE_INNER,430,443.80,329.45
LEFT_EYE_INNER,431,443.64,329.13
LEFT_EYE_INNER,432,439.04,287.90
LEFT_EYE,0,419.40,229.79
LEFT_EYE,1,379.45,273.90
LEFT_EYE,2,379.72,274.73
LEFT_EYE,3,362.64,295.12
LEFT_EYE,4,362.14,294.98
LEFT_EYE,5,344.00,319.81
LEFT_EYE,6,327.07,353.81
LEFT_EYE,7,327.02,353.39
LEFT_EYE,8,329.54,368.88
LEFT_EYE,9,348.19,372.96
LEFT_EYE,10,371.37,382.47
LEFT_EYE,11,371.48,382.52
LEFT_EYE,12,462.23,396.58
LEFT_EYE,13,462.26,395.38
LEFT_EYE,14,516.90,406.57
LEFT_EYE,15,560.10,400.28
LEFT_EYE,16,615.54,398.90
LEFT_EYE,17,615.73,398.40
LEFT_EYE,18,656.36,402.42
LEFT_EYE,19,677.41,405.84
LEFT_EYE,20,707.18,403.45
LEFT_EYE,21,715.00,414.73
LEFT_EYE,22,714.57,414.78
LEFT_EYE,23,702.94,423.52
LEFT_EYE,24,664.77,436.23
LEFT_EYE,25,614.97,427.75
LEFT_EYE,27,550.59,359.40
LEFT_EYE,29,426.20,468.83
LEFT_EYE,30,371.44,526.34
LEFT_EYE,31,371.52,526.07
LEFT_EYE,32,342.28,530.09
LEFT_EYE,33,320.87,526.62
LEFT_EYE,34,330.20,516.85
LEFT_EYE,35,332.67,516.18
LEFT_EYE,36,348.94,506.11
LEFT_EYE,37,384.53,492.66
LEFT_EYE,38,426.06,464.50
LEFT_EYE,39,430.19,465.11
LEFT_EYE,40,501.90,428.76
LEFT_EYE,41,559.06,418.19
LEFT_EYE,42,666.37,352.35
LEFT_EYE,43,666.33,352.65
LEFT_EYE,44,696.14,318.21
LEFT_EYE,45,703.89,301.06
LEFT_EYE,46,704.28,301.15
LEFT_EYE,47,672.35,268.31
LEFT_EYE,48,644.27,262.67
LEFT_EYE,49,644.19,262.68
LEFT_EYE,50,610.10,259.01
LEFT_EYE,51,579.40,262.37
LEFT_EYE,52,542.27,269.66
LEFT_EYE,53,542.42,268.43
LEFT_EYE,54,504.16,274.11
LEFT_EYE,55,433.16,245.53
LEFT_EYE,56,433.58,244.33
LEFT_EYE,57,413.13,234.70
LEFT_EYE,58,392.69,240.21
LEFT_EYE,59,392.93,240.27
LEFT_EYE,60,394.38,241.27
LEFT_EYE,61,418.06,236.97
LEFT_EYE,62,457.42,226.88
LEFT_EYE,63,511.48,217.88
LEFT_EYE,64,546.29,228.66
LEFT_EYE,65,546.73,224.38
LEFT_EYE,66,594.17,245.89
LEFT_EYE,67,609.61,254.79
LEFT_EYE,68,621.76,236.70
LEFT_EYE,69,624.36,234.93
LEFT_EYE,70,599.95,216.04
LEFT_EYE,71,600.35,215.70
LEFT_EYE,72,531.40,212.26
LEFT_EYE,73,488.11,242.51
LEFT_EYE,74,431.15,249.29
LEFT_EYE,75,431.26,247.98
LEFT_EYE,76,425.70,241.47
LEFT_EYE,77,472.85,226.40
LEFT_EYE,78,525.83,238.78
LEFT_EYE,79,515.53,244.22
LEFT_EYE,80,574.33,239.19
LEFT_EYE,81,613.76,252.77
LEFT_EYE,82,614.03,252.96
LEFT_EYE,83,605.87,251.54
LEFT_EYE,84,580.62,254.38
LEFT_EYE,85,581.71,252.20
LEFT_EYE,86,522.37,230.49
LEFT_EYE,87,464.48,254.23
LEFT_EYE,88,464.35,252.98
LEFT_EYE,89,372.03,275.35
LEFT_EYE,90,378.60,266.40
LEFT_EYE,91,377.81,268.21
LEFT_EYE,92,397.72,269.66
LEFT_EYE,93,397.91,269.41
LEFT_EYE,94,509.49,281.43
LEFT_EYE,95,509.60,280.98
LEFT_EYE,96,539.29,284.74
LEFT_EYE,97,560.51,265.94
LEFT_EYE,98,570.09,256.79
LEFT_EYE,99,570.16,257.69
LEFT_EYE,100,489.59,240.44
LEFT_EYE,101,489.13,240.81
LEFT_EYE,102,445.08,232.89
LEFT_EYE,103,372.24,263.38
LEFT_EYE,104,332.48,273.75
LEFT_EYE,105,312.63,277.90
LEFT_EYE,106,312.76,278.57
LEFT_EYE,107,328.16,269.77
LEFT_EYE,108,337.59,263.69
LEFT_EYE,109,433.09,308.05
LEFT_EYE,110,432.94,307.27
LEFT_EYE,111,467.85,281.12
LEFT_EYE,112,491.07,266.94
LEFT_EYE,113,491.51,267.45
LEFT_EYE,114,481.73,278.21
LEFT_EYE,115,448.91,264.40
LEFT_EYE,116,382.97,243.38
LEFT_EYE,117,381.41,245.30
LEFT_EYE,118,276.99,277.95
LEFT_EYE,119,274.10,279.03
LEFT_EYE,120,239.60,280.00
LEFT_EYE,121,239.32,280.19
LEFT_EYE,122,262.18,286.38
LEFT_EYE,123,262.19,286.38
LEFT_EYE,124,288.58,294.83
LEFT_EYE,125,336.38,298.88
LEFT_EYE,126,435.70,331.62
LEFT_EYE,127,432.76,333.09
LEFT_EYE,128,483.83,335.27
LEFT_EYE,129,483.31,335.07
LEFT_EYE,130,490.15,329.78
LEFT_EYE,131,455.03,346.51
LEFT_EYE,132,452.85,345.49
LEFT_EYE,133,351.90,379.23
LEFT_EYE,134,269.43,357.41
LEFT_EYE,135,266.39,361.42
LEFT_EYE,136,200.72,339.54
LEFT_EYE,137,200.68,339.55
LEFT_EYE,138,221.48,339.40
LEFT_EYE,139,251.95,341.58
LEFT_EYE,140,318.31,343.75
LEFT_EYE,141,474.85,353.22
LEFT_EYE,142,472.28,351.64
LEFT_EYE,143,471.20,350.70
LEFT_EYE,144,516.97,340.60
LEFT_EYE,145,517.63,346.09
LEFT_EYE,146,518.24,345.82
LEFT_EYE,147,502.90,346.16
LEFT_EYE,148,400.35,356.13
LEFT_EYE,149,409.31,367.17
LEFT_EYE,150,332.60,347.93
LEFT_EYE,151,286.52,346.00
LEFT_EYE,152,265.46,335.48
LEFT_EYE,153,273.17,338.10
LEFT_EYE,154,309.25,334.06
LEFT_EYE,155,381.33,339.74
LEFT_EYE,156,368.34,342.53
LEFT_EYE,157,419.78,337.64
LEFT_EYE,158,567.63,333.43
LEFT_EYE,159,568.20,333.61
LEFT_EYE,160,587.86,324.28
LEFT_EYE,161,588.22,324.08
LEFT_EYE,162,552.16,334.43
LEFT_EYE,163,551.07,335.32
LEFT_EYE,164,466.45,308.45
LEFT_EYE,165,457.70,318.75
LEFT_EYE,166,406.72,305.93
LEFT_EYE,167,310.07,338.31
LEFT_EYE,168,284.24,325.08
LEFT_EYE,169,284.75,325.11
LEFT_EYE,170,304.98,333.70
LEFT_EYE,171,304.44,334.16
LEFT_EYE,172,397.94,326.50
LEFT_EYE,173,427.21,395.48
LEFT_EYE,174,427.78,368.99
LEFT_EYE,175,531.97,339.64
LEFT_EYE,176,533.41,339.56
LEFT_EYE,177,585.74,309.93
LEFT_EYE,178,570.27,310.55
LEFT_EYE,179,571.18,310.42
LEFT_EYE,180,488.10,267.99
LEFT_EYE,181,488.83,268.52
LEFT_EYE,182,320.24,287.12
LEFT_EYE,183,320.14,286.53
LEFT_EYE,184,318.85,285.20
LEFT_EYE,185,288.38,274.86
LEFT_EYE,186,290.16,274.55
LEFT_EYE,187,324.87,274.78
LEFT_EYE,188,324.28,275.26
LEFT_EYE,189,430.14,319.17
LEFT_EYE,190,420.85,322.69
LEFT_EYE,191,488.08,255.18
LEFT_EYE,192,526.06,241.66
LEFT_EYE,193,526.78,241.57
LEFT_EYE,194,504.28,249.07
LEFT_EYE,195,463.20,257.35
LEFT_EYE,196,467.25,249.62
LEFT_EYE,197,347.52,267.65
LEFT_EYE,198,346.57,265.93
LEFT_EYE,199,290.14,247.52
LEFT_EYE,200,272.32,263.75
LEFT_EYE,201,272.36,262.97
LEFT_EYE,202,271.74,263.07
LEFT_EYE,203,297.31,265.05
LEFT_EYE,204,322.92,268.27
LEFT_EYE,205,415.61,261.82
LEFT_EYE,206,413.54,260.50
LEFT_EYE,207,449.59,258.33
LEFT_EYE,208,449.82,258.27
LEFT_EYE,209,467.72,248.43
LEFT_EYE,210,468.37,248.78
LEFT_EYE,211,438.26,241.23
LEFT_EYE,212,435.57,240.96
LEFT_EYE,213,396.35,224.74
LEFT_EYE,214,395.78,230.92
LEFT_EYE,215,371.57,225.59
LEFT_EYE,216,294.38,212.42
LEFT_EYE,217,293.75,212.45
LEFT_EYE,218,293.93,213.84
LEFT_EYE,219,288.87,227.59
LEFT_EYE,220,289.92,226.78
LEFT_EYE,221,357.28,236.53
LEFT_EYE,224,396.32,239.67
LEFT_EYE,225,395.82,239.25
LEFT_EYE,228,351.78,236.41
LEFT_EYE,229,319.16,260.89
LEFT_EYE,230,315.79,257.42
LEFT_EYE,231,278.41,252.25
LEFT_EYE,232,278.88,252.28
LEFT_EYE,238,387.65,248.89
LEFT_EYE,239,387.31,252.28
LEFT_EYE,240,358.02,219.27
LEFT_EYE,242,246.35,261.87
LEFT_EYE,243,247.87,259.42
LEFT_EYE,244,245.51,261.78
LEFT_EYE,245,255.62,251.70
LEFT_EYE,250,390.12,243.73
LEFT_EYE,251,384.05,240.68
LEFT_EYE,252,412.79,269.56
LEFT_EYE,253,293.12,253.36
LEFT_EYE,254,293.88,252.69
LEFT_EYE,255,251.71,265.61
LEFT_EYE,256,252.20,265.10
LEFT_EYE,257,276.17,257.48
LEFT_EYE,258,377.89,255.59
LEFT_EYE,259,372.88,256.47
LEFT_EYE,260,410.24,264.64
LEFT_EYE,261,411.25,265.02
LEFT_EYE,263,433.11,209.74
LEFT_EYE,265,428.28,194.27
LEFT_EYE,266,420.17,199.23
LEFT_EYE,267,419.69,198.35
LEFT_EYE,268,378.14,201.27
LEFT_EYE,269,380.72,192.33
LEFT_EYE,270,396.89,194.96
LEFT_EYE,271,406.67,204.22
LEFT_EYE,272,407.42,205.46
LEFT_EYE,273,406.63,206.18
LEFT_EYE,274,357.33,207.33
LEFT_EYE,275,358.83,209.08
LEFT_EYE,276,351.82,203.66
LEFT_EYE,277,351.51,193.17
LEFT_EYE,278,350.89,194.36
LEFT_EYE,279,368.39,196.67
LEFT_EYE,280,369.45,196.01
LEFT_EYE,281,440.76,216.90
LEFT_EYE,282,491.94,213.32
LEFT_EYE,283,492.26,213.16
LEFT_EYE,284,516.51,212.48
LEFT_EYE,285,515.57,211.32
LEFT_EYE,286,542.46,210.68
LEFT_EYE,287,570.05,237.11
LEFT_EYE,288,571.15,236.72
LEFT_EYE,289,537.87,241.79
LEFT_EYE,293,419.47,216.28
LEFT_EYE,294,400.24,207.71
LEFT_EYE,295,399.42,207.78
LEFT_EYE,296,400.50,207.20
LEFT_EYE,297,456.25,193.04
LEFT_EYE,298,465.37,213.20
LEFT_EYE,299,465.70,214.04
LEFT_EYE,300,526.15,201.97
LEFT_EYE,301,529.82,201.41
LEFT_EYE,302,568.26,208.99
LEFT_EYE,303,561.36,206.34
LEFT_EYE,304,570.36,223.09
LEFT_EYE,305,556.11,233.81
LEFT_EYE,306,519.25,244.76
LEFT_EYE,307,515.46,245.61
LEFT_EYE,308,517.09,242.82
LEFT_EYE,309,465.02,235.92
LEFT_EYE,310,441.86,220.99
LEFT_EYE,311,441.84,219.80
LEFT_EYE,312,428.84,219.44
LEFT_EYE,313,422.04,217.01
LEFT_EYE,314,507.76,213.47
LEFT_EYE,315,509.86,209.72
LEFT_EYE,316,511.67,210.26
LEFT_EYE,317,548.28,221.16
LEFT_EYE,318,547.72,221.65
LEFT_EYE,319,575.94,208.86
LEFT_EYE,320,575.72,209.36
LEFT_EYE,321,598.85,218.70
LEFT_EYE,322,597.68,218.03
LEFT_EYE,323,613.35,234.72
LEFT_EYE,324,585.36,237.32
LEFT_EYE,325,521.57,236.96
LEFT_EYE,326,514.73,234.77
LEFT_EYE,328,465.24,232.37
LEFT_EYE,329,439.58,228.56
LEFT_EYE,330,401.58,218.15
LEFT_EYE,331,402.07,216.91
LEFT_EYE,332,418.81,216.85
LEFT_EYE,333,419.06,216.72
LEFT_EYE,334,417.83,216.40
LEFT_EYE,335,434.47,218.49
LEFT_EYE,336,493.08,213.86
LEFT_EYE,337,493.09,213.73
LEFT_EYE,338,512.82,209.20
LEFT_EYE,339,528.67,199.28
LEFT_EYE,340,528.43,199.29
LEFT_EYE,341,546.99,195.90
LEFT_EYE,342,556.13,194.50
LEFT_EYE,343,564.57,190.09
LEFT_EYE,344,566.07,180.92
LEFT_EYE,345,566.33,181.22
LEFT_EYE,346,566.95,180.54
LEFT_EYE,347,566.64,180.33
LEFT_EYE,348,561.49,174.65
LEFT_EYE,349,558.80,175.90
LEFT_EYE,350,550.13,179.13
LEFT_EYE,351,550.14,179.08
LEFT_EYE,352,533.40,184.97
LEFT_EYE,353,494.31,199.05
LEFT_EYE,354,449.08,200.53
LEFT_EYE,355,449.25,201.72
LEFT_EYE,356,427.73,206.34
LEFT_EYE,357,415.13,228.51
LEFT_EYE,358,415.36,228.51
LEFT_EYE,359,406.98,225.84
LEFT_EYE,360,379.26,235.33
LEFT_EYE,361,379.10,235.20
LEFT_EYE,362,379.15,234.47
LEFT_EYE,363,397.73,230.30
LEFT_EYE,364,396.12,227.70
LEFT_EYE,365,433.14,241.13
LEFT_EYE,366,480.30,216.19
LEFT_EYE,367,479.92,216.37
LEFT_EYE,368,484.06,211.84
LEFT_EYE,369,488.46,206.03
LEFT_EYE,370,488.47,205.93
LEFT_EYE,371,490.19,190.09
LEFT_EYE,372,490.08,189.86
LEFT_EYE,373,489.13,182.40
LEFT_EYE,374,483.05,182.35
LEFT_EYE,375,476.23,177.77
LEFT_EYE,376,476.07,177.93
LEFT_EYE,377,471.89,171.76
LEFT_EYE,378,465.74,165.50
LEFT_EYE,379,465.42,165.85
LEFT_EYE,380,461.81,168.29
LEFT_EYE,381,456.27,165.43
LEFT_EYE,382,445.94,169.35
LEFT_EYE,383,446.00,169.65
LEFT_EYE,384,436.30,168.02
LEFT_EYE,385,431.10,169.82
LEFT_EYE,386,422.77,168.30
LEFT_EYE,387,412.31,169.21
LEFT_EYE,388,408.22,167.96
LEFT_EYE,389,408.63,167.98
LEFT_EYE,390,405.89,169.07
LEFT_EYE,391,402.69,169.96
LEFT_EYE,392,401.38,171.73
LEFT_EYE,393,398.22,178.61
LEFT_EYE,394,396.58,194.56
LEFT_EYE,395,397.07,194.43
LEFT_EYE,396,398.76,215.96
LEFT_EYE,397,398.79,242.29
LEFT_EYE,398,401.40,266.71
LEFT_EYE,399,401.16,266.58
LEFT_EYE,400,406.27,291.15
LEFT_EYE,401,422.48,359.24
LEFT_EYE,402,432.80,397.10
LEFT_EYE,403,432.78,397.51
LEFT_EYE,404,428.52,491.41
LEFT_EYE,405,428.80,491.34
LEFT_EYE,406,415.46,521.66
LEFT_EYE,407,409.81,536.24
LEFT_EYE,408,409.48,536.17
LEFT_EYE,409,408.40,545.03
LEFT_EYE,410,411.62,549.35
LEFT_EYE,411,411.29,549.06
LEFT_EYE,412,412.08,546.00
LEFT_EYE,413,414.28,547.11
LEFT_EYE,414,421.51,534.49
LEFT_EYE,415,421.18,535.27
LEFT_EYE,416,426.87,527.95
LEFT_EYE,417,430.86,520.71
LEFT_EYE,418,428.10,506.70
LEFT_EYE,419,428.32,505.62
LEFT_EYE,420,428.16,491.24
LEFT_EYE,421,427.39,481.74
LEFT_EYE,422,423.42,462.18
LEFT_EYE,423,427.04,446.02
LEFT_EYE,424,428.90,428.47
LEFT_EYE,425,432.00,413.39
LEFT_EYE,426,439.44,385.93
LEFT_EYE,427,436.49,362.78
LEFT_EYE,428,436.43,363.01
LEFT_EYE,429,439.50,341.76
LEFT_EYE,430,445.68,328.00
LEFT_EYE,431,445.58,327.68
LEFT_EYE,432,440.99,286.31
LEFT_EYE_OUTER,0,419.22,229.90
LEFT_EYE_OUTER,1,380.87,274.33
LEFT_EYE_OUTER,2,381.11,275.19
LEFT_EYE_OUTER,3,364.17,296.10
LEFT_EYE_OUTER,4,363.71,295.98
LEFT_EYE_OUTER,5,345.78,320.57
LEFT_EYE_OUTER,6,330.34,354.97
LEFT_EYE_OUTER,7,330.30,354.58
LEFT_EYE_OUTER,8,333.73,369.38
LEFT_EYE_OUTER,9,352.22,373.48
LEFT_EYE_OUTER,10,376.08,383.47
LEFT_EYE_OUTER,11,376.17,383.40
LEFT_EYE_OUTER,12,466.31,396.72
LEFT_EYE_OUTER,13,466.27,395.51
LEFT_EYE_OUTER,14,520.01,406.90
LEFT_EYE_OUTER,15,562.09,401.55
LEFT_EYE_OUTER,16,617.49,400.18
LEFT_EYE_OUTER,17,617.61,399.64
LEFT_EYE_OUTER,18,657.19,403.27
LEFT_EYE_OUTER,19,676.94,405.19
LEFT_EYE_OUTER,20,707.08,403.62
LEFT_EYE_OUTER,21,714.70,416.03
LEFT_EYE_OUTER,22,714.25,416.07
LEFT_EYE_OUTER,23,702.23,424.27
LEFT_EYE_OUTER,24,664.04,437.73
LEFT_EYE_OUTER,25,615.40,429.07
LEFT_EYE_OUTER,27,547.81,355.95
LEFT_EYE_OUTER,29,425.79,468.16
LEFT_EYE_OUTER,30,370.38,526.05
LEFT_EYE_OUTER,31,370.45,525.79
LEFT_EYE_OUTER,32,343.49,531.43
LEFT_EYE_OUTER,33,323.24,528.76
LEFT_EYE_OUTER,34,331.73,518.78
LEFT_EYE_OUTER,35,333.92,518.23
LEFT_EYE_OUTER,36,350.80,508.63
LEFT_EYE_OUTER,37,389.18,494.61
LEFT_EYE_OUTER,38,430.90,466.87
LEFT_EYE_OUTER,39,433.14,467.92
LEFT_EYE_OUTER,40,502.55,432.33
LEFT_EYE_OUTER,41,564.63,420.77
LEFT_EYE_OUTER,42,669.56,355.55
LEFT_EYE_OUTER,43,669.46,355.87
LEFT_EYE_OUTER,44,700.21,321.50
LEFT_EYE_OUTER,45,707.15,304.15
LEFT_EYE_OUTER,46,707.48,304.11
LEFT_EYE_OUTER,47,672.68,269.53
LEFT_EYE_OUTER,48,643.99,262.14
LEFT_EYE_OUTER,49,643.88,262.14
LEFT_EYE_OUTER,50,608.10,258.60
LEFT_EYE_OUTER,51,577.09,261.87
LEFT_EYE_OUTER,52,539.67,267.42
LEFT_EYE_OUTER,53,539.83,266.31
LEFT_EYE_OUTER,54,501.54,272.63
LEFT_EYE_OUTER,55,429.96,243.63
LEFT_EYE_OUTER,56,430.32,242.37
LEFT_EYE_OUTER,57,414.66,234.62
LEFT_EYE_OUTER,58,395.77,239.71
LEFT_EYE_OUTER,59,395.97,239.81
LEFT_EYE_OUTER,60,398.18,238.29
LEFT_EYE_OUTER,61,421.25,232.90
LEFT_EYE_OUTER,62,459.75,223.46
LEFT_EYE_OUTER,63,511.34,217.38
LEFT_EYE_OUTER,64,546.13,227.61
LEFT_EYE_OUTER,65,546.54,223.13
LEFT_EYE_OUTER,66,592.52,243.73
LEFT_EYE_OUTER,67,607.28,251.51
LEFT_EYE_OUTER,68,619.84,233.58
LEFT_EYE_OUTER,69,622.36,231.38
LEFT_EYE_OUTER,70,595.67,212.92
LEFT_EYE_OUTER,71,596.16,212.64
LEFT_EYE_OUTER,72,531.89,211.87
LEFT_EYE_OUTER,73,488.71,241.49
LEFT_EYE_OUTER,74,433.50,245.29
LEFT_EYE_OUTER,75,433.70,244.06
LEFT_EYE_OUTER,76,425.60,238.29
LEFT_EYE_OUTER,77,471.39,226.25
LEFT_EYE_OUTER,78,523.95,238.97
LEFT_EYE_OUTER,79,513.38,244.81
LEFT_EYE_OUTER,80,570.64,234.73
LEFT_EYE_OUTER,81,612.21,249.33
LEFT_EYE_OUTER,82,612.72,249.20
LEFT_EYE_OUTER,83,604.72,247.95
LEFT_EYE_OUTER,84,579.08,251.84
LEFT_EYE_OUTER,85,580.13,249.56
LEFT_EYE_OUTER,86,522.86,230.56
LEFT_EYE_OUTER,87,466.48,253.40
LEFT_EYE_OUTER,88,466.38,252.14
LEFT_EYE_OUTER,89,373.45,270.73
LEFT_EYE_OUTER,90,378.88,265.05
LEFT_EYE_OUTER,91,378.23,266.93
LEFT_EYE_OUTER,92,397.20,271.09
LEFT_EYE_OUTER,93,397.36,270.91
LEFT_EYE_OUTER,94,509.27,279.69
LEFT_EYE_OUTER,95,509.32,279.24
LEFT_EYE_OUTER,96,537.22,282.36
LEFT_EYE_OUTER,97,559.11,262.77
LEFT_EYE_OUTER,98,567.47,253.34
LEFT_EYE_OUTER,99,567.30,254.20
LEFT_EYE_OUTER,100,489.39,241.35
LEFT_EYE_OUTER,101,489.01,241.72
LEFT_EYE_OUTER,102,446.86,233.32
LEFT_EYE_OUTER,103,374.15,261.88
LEFT_EYE_OUTER,104,334.27,270.73
LEFT_EYE_OUTER,105,313.49,272.44
LEFT_EYE_OUTER,106,313.57,272.90
LEFT_EYE_OUTER,107,328.32,269.03
LEFT_EYE_OUTER,108,337.34,264.95
LEFT_EYE_OUTER,109,432.46,306.44
LEFT_EYE_OUTER,110,432.36,305.73
LEFT_EYE_OUTER,111,465.95,275.90
LEFT_EYE_OUTER,112,489.91,263.65
LEFT_EYE_OUTER,113,490.30,264.12
LEFT_EYE_OUTER,114,479.34,274.38
LEFT_EYE_OUTER,115,448.06,263.49
LEFT_EYE_OUTER,116,384.86,244.05
LEFT_EYE_OUTER,117,383.27,245.96
LEFT_EYE_OUTER,118,277.63,274.29
LEFT_EYE_OUTER,119,275.34,275.53
LEFT_EYE_OUTER,120,240.25,277.97
LEFT_EYE_OUTER,121,239.99,278.16
LEFT_EYE_OUTER,122,262.21,286.98
LEFT_EYE_OUTER,123,262.22,286.99
LEFT_EYE_OUTER,124,288.06,295.86
LEFT_EYE_OUTER,125,334.62,299.96
LEFT_EYE_OUTER,126,433.15,329.35
LEFT_EYE_OUTER,127,429.11,329.84
LEFT_EYE_OUTER,128,480.88,336.60
LEFT_EYE_OUTER,129,480.48,336.47
LEFT_EYE_OUTER,130,488.72,331.33
LEFT_EYE_OUTER,131,453.54,347.20
LEFT_EYE_OUTER,132,450.01,345.73
LEFT_EYE_OUTER,133,353.84,379.36
LEFT_EYE_OUTER,134,266.79,358.20
LEFT_EYE_OUTER,135,265.88,361.52
LEFT_EYE_OUTER,136,202.53,340.78
LEFT_EYE_OUTER,137,202.49,340.81
LEFT_EYE_OUTER,138,222.38,340.47
LEFT_EYE_OUTER,139,253.47,343.21
LEFT_EYE_OUTER,140,309.14,349.29
LEFT_EYE_OUTER,141,471.51,351.90
LEFT_EYE_OUTER,142,469.38,350.65
LEFT_EYE_OUTER,143,467.60,349.88
LEFT_EYE_OUTER,144,514.97,341.99
LEFT_EYE_OUTER,145,514.92,347.13
LEFT_EYE_OUTER,146,515.61,346.80
LEFT_EYE_OUTER,147,498.03,350.43
LEFT_EYE_OUTER,148,402.02,354.93
LEFT_EYE_OUTER,149,411.03,366.13
LEFT_EYE_OUTER,150,334.75,345.52
LEFT_EYE_OUTER,151,287.19,345.50
LEFT_EYE_OUTER,152,267.24,337.29
LEFT_EYE_OUTER,153,273.78,339.70
LEFT_EYE_OUTER,154,309.80,335.14
LEFT_EYE_OUTER,155,381.19,340.45
LEFT_EYE_OUTER,156,367.98,343.17
LEFT_EYE_OUTER,157,413.25,338.06
LEFT_EYE_OUTER,158,565.22,333.94
LEFT_EYE_OUTER,159,565.69,334.04
LEFT_EYE_OUTER,160,585.98,326.08
LEFT_EYE_OUTER,161,586.23,325.93
LEFT_EYE_OUTER,162,550.51,334.87
LEFT_EYE_OUTER,163,549.45,335.77
LEFT_EYE_OUTER,164,466.76,308.34
LEFT_EYE_OUTER,165,458.19,318.40
LEFT_EYE_OUTER,166,407.03,305.51
LEFT_EYE_OUTER,167,313.25,340.73
LEFT_EYE_OUTER,168,285.55,325.57
LEFT_EYE_OUTER,169,286.05,325.69
LEFT_EYE_OUTER,170,305.44,335.00
LEFT_EYE_OUTER,171,304.82,335.46
LEFT_EYE_OUTER,172,396.75,326.93
LEFT_EYE_OUTER,173,421.70,394.86
LEFT_EYE_OUTER,174,422.06,368.62
LEFT_EYE_OUTER,175,529.05,338.58
LEFT_EYE_OUTER,176,530.21,338.62
LEFT_EYE_OUTER,177,584.39,311.12
LEFT_EYE_OUTER,178,569.57,312.22
LEFT_EYE_OUTER,179,570.44,312.11
LEFT_EYE_OUTER,180,489.07,268.16
LEFT_EYE_OUTER,181,489.80,268.66
LEFT_EYE_OUTER,182,321.34,287.87
LEFT_EYE_OUTER,183,321.43,287.20
LEFT_EYE_OUTER,184,320.53,285.61
LEFT_EYE_OUTER,185,289.27,275.15
LEFT_EYE_OUTER,186,290.33,275.25
LEFT_EYE_OUTER,187,323.82,275.73
LEFT_EYE_OUTER,188,323.32,276.35
LEFT_EYE_OUTER,189,431.15,316.98
LEFT_EYE_OUTER,190,425.78,324.91
LEFT_EYE_OUTER,191,486.32,254.05
LEFT_EYE_OUTER,192,525.11,242.64
LEFT_EYE_OUTER,193,525.66,242.63
LEFT_EYE_OUTER,194,503.45,249.06
LEFT_EYE_OUTER,195,463.37,258.06
LEFT_EYE_OUTER,196,467.46,250.61
LEFT_EYE_OUTER,197,348.98,264.99
LEFT_EYE_OUTER,198,348.11,263.36
LEFT_EYE_OUTER,199,291.57,246.62
LEFT_EYE_OUTER,200,272.77,263.60
LEFT_EYE_OUTER,201,272.77,262.68
LEFT_EYE_OUTER,202,272.42,262.94
LEFT_EYE_OUTER,203,296.68,265.35
LEFT_EYE_OUTER,204,322.46,268.74
LEFT_EYE_OUTER,205,411.96,261.69
LEFT_EYE_OUTER,206,409.95,260.53
LEFT_EYE_OUTER,207,446.22,258.49
LEFT_EYE_OUTER,208,446.46,258.43
LEFT_EYE_OUTER,209,465.55,250.09
LEFT_EYE_OUTER,210,466.25,250.34
LEFT_EYE_OUTER,211,437.53,243.55
LEFT_EYE_OUTER,212,434.86,243.39
LEFT_EYE_OUTER,213,397.27,225.88
LEFT_EYE_OUTER,214,396.26,231.25
LEFT_EYE_OUTER,215,374.09,224.84
LEFT_EYE_OUTER,216,294.61,214.64
LEFT_EYE_OUTER,217,294.00,214.70
LEFT_EYE_OUTER,218,294.13,216.09
LEFT_EYE_OUTER,219,288.59,229.00
LEFT_EYE_OUTER,220,289.57,228.26
LEFT_EYE_OUTER,221,353.39,238.45
LEFT_EYE_OUTER,224,394.01,242.57
LEFT_EYE_OUTER,225,393.43,242.19
LEFT_EYE_OUTER,228,354.68,236.94
LEFT_EYE_OUTER,229,322.84,261.72
LEFT_EYE_OUTER,230,319.34,258.39
LEFT_EYE_OUTER,231,277.99,254.43
LEFT_EYE_OUTER,232,278.49,254.46
LEFT_EYE_OUTER,238,386.62,251.87
LEFT_EYE_OUTER,239,387.03,254.33
LEFT_EYE_OUTER,240,359.68,220.07
LEFT_EYE_OUTER,242,247.72,263.41
LEFT_EYE_OUTER,243,249.17,261.02
LEFT_EYE_OUTER,244,246.85,263.38
LEFT_EYE_OUTER,245,253.95,253.28
LEFT_EYE_OUTER,250,389.23,246.31
LEFT_EYE_OUTER,251,382.49,245.69
LEFT_EYE_OUTER,252,412.57,270.79
LEFT_EYE_OUTER,253,294.13,253.85
LEFT_EYE_OUTER,254,294.98,253.03
LEFT_EYE_OUTER,255,252.07,267.07
LEFT_EYE_OUTER,256,252.67,266.43
LEFT_EYE_OUTER,257,276.45,259.02
LEFT_EYE_OUTER,258,372.29,255.38
LEFT_EYE_OUTER,259,368.86,257.11
LEFT_EYE_OUTER,260,406.14,265.22
LEFT_EYE_OUTER,261,407.32,265.45
LEFT_EYE_OUTER,263,434.88,211.15
LEFT_EYE_OUTER,265,430.93,196.09
LEFT_EYE_OUTER,266,425.39,202.42
LEFT_EYE_OUTER,267,424.88,200.28
LEFT_EYE_OUTER,268,379.63,202.14
LEFT_EYE_OUTER,269,380.73,194.42
LEFT_EYE_OUTER,270,397.16,197.39
LEFT_EYE_OUTER,271,405.44,206.17
LEFT_EYE_OUTER,272,406.22,207.20
LEFT_EYE_OUTER,273,405.45,207.91
LEFT_EYE_OUTER,274,354.61,209.31
LEFT_EYE_OUTER,275,356.00,211.18
LEFT_EYE_OUTER,276,348.18,204.60
LEFT_EYE_OUTER,277,353.13,196.65
LEFT_EYE_OUTER,278,352.30,197.78
LEFT_EYE_OUTER,279,369.24,198.45
LEFT_EYE_OUTER,280,370.28,197.89
LEFT_EYE_OUTER,281,445.75,219.27
LEFT_EYE_OUTER,282,496.35,215.69
LEFT_EYE_OUTER,283,496.85,215.63
LEFT_EYE_OUTER,284,520.01,213.53
LEFT_EYE_OUTER,285,519.30,212.51
LEFT_EYE_OUTER,286,544.84,210.44
LEFT_EYE_OUTER,287,567.38,238.61
LEFT_EYE_OUTER,288,568.40,238.21
LEFT_EYE_OUTER,289,536.16,243.50
LEFT_EYE_OUTER,293,416.03,217.51
LEFT_EYE_OUTER,294,401.74,211.24
LEFT_EYE_OUTER,295,400.95,211.22
LEFT_EYE_OUTER,296,402.04,210.80
LEFT_EYE_OUTER,297,459.40,192.54
LEFT_EYE_OUTER,298,469.58,215.79
LEFT_EYE_OUTER,299,470.10,216.13
LEFT_EYE_OUTER,300,529.55,202.35
LEFT_EYE_OUTER,301,533.80,201.73
LEFT_EYE_OUTER,302,562.80,209.04
LEFT_EYE_OUTER,303,559.64,206.72
LEFT_EYE_OUTER,304,568.77,225.16
LEFT_EYE_OUTER,305,555.30,236.62
LEFT_EYE_OUTER,306,515.93,246.27
LEFT_EYE_OUTER,307,512.32,247.06
LEFT_EYE_OUTER,308,514.09,244.51
LEFT_EYE_OUTER,309,461.59,237.77
LEFT_EYE_OUTER,310,439.05,223.00
LEFT_EYE_OUTER,311,438.98,221.92
LEFT_EYE_OUTER,312,428.60,221.76
LEFT_EYE_OUTER,313,423.71,219.58
LEFT_EYE_OUTER,314,511.65,215.22
LEFT_EYE_OUTER,315,513.43,211.25
LEFT_EYE_OUTER,316,515.17,212.42
LEFT_EYE_OUTER,317,552.71,222.80
LEFT_EYE_OUTER,318,552.21,223.22
LEFT_EYE_OUTER,319,579.21,210.05
LEFT_EYE_OUTER,320,579.76,210.80
LEFT_EYE_OUTER,321,597.21,220.86
LEFT_EYE_OUTER,322,595.98,220.18
LEFT_EYE_OUTER,323,611.38,235.96
LEFT_EYE_OUTER,324,583.98,238.40
LEFT_EYE_OUTER,325,517.46,238.03
LEFT_EYE_OUTER,326,513.00,234.88
LEFT_EYE_OUTER,328,461.49,234.36
LEFT_EYE_OUTER,329,436.76,230.18
LEFT_EYE_OUTER,330,403.74,220.37
LEFT_EYE_OUTER,331,404.18,219.15
LEFT_EYE_OUTER,332,423.51,220.14
LEFT_EYE_OUTER,333,423.87,220.22
LEFT_EYE_OUTER,334,422.48,219.70
LEFT_EYE_OUTER,335,441.23,222.28
LEFT_EYE_OUTER,336,497.38,215.32
LEFT_EYE_OUTER,337,497.38,215.15
LEFT_EYE_OUTER,338,516.38,210.00
LEFT_EYE_OUTER,339,531.79,198.81
LEFT_EYE_OUTER,340,531.44,198.74
LEFT_EYE_OUTER,341,549.06,194.73
LEFT_EYE_OUTER,342,558.39,193.60
LEFT_EYE_OUTER,343,566.74,188.87
LEFT_EYE_OUTER,344,567.81,180.19
LEFT_EYE_OUTER,345,568.13,180.44
LEFT_EYE_OUTER,346,569.04,179.59
LEFT_EYE_OUTER,347,567.76,179.87
LEFT_EYE_OUTER,348,561.81,174.42
LEFT_EYE_OUTER,349,558.23,175.59
LEFT_EYE_OUTER,350,547.76,179.38
LEFT_EYE_OUTER,351,547.79,179.31
LEFT_EYE_OUTER,352,531.10,185.21
LEFT_EYE_OUTER,353,490.59,198.83
LEFT_EYE_OUTER,354,445.14,201.03
LEFT_EYE_OUTER,355,445.39,202.21
LEFT_EYE_OUTER,356,424.08,206.94
LEFT_EYE_OUTER,357,411.59,228.94
LEFT_EYE_OUTER,358,411.88,229.06
LEFT_EYE_OUTER,359,403.85,227.06
LEFT_EYE_OUTER,360,378.06,236.27
LEFT_EYE_OUTER,361,377.90,236.13
LEFT_EYE_OUTER,362,378.11,235.25
LEFT_EYE_OUTER,363,402.55,231.49
LEFT_EYE_OUTER,364,400.94,229.09
LEFT_EYE_OUTER,365,438.55,240.45
LEFT_EYE_OUTER,366,485.41,215.49
LEFT_EYE_OUTER,367,485.12,215.67
LEFT_EYE_OUTER,368,489.27,210.99
LEFT_EYE_OUTER,369,494.02,204.79
LEFT_EYE_OUTER,370,493.92,204.72
LEFT_EYE_OUTER,371,494.93,189.95
LEFT_EYE_OUTER,372,494.88,189.73
LEFT_EYE_OUTER,373,493.96,182.83
LEFT_EYE_OUTER,374,488.73,182.75
LEFT_EYE_OUTER,375,481.49,177.72
LEFT_EYE_OUTER,376,481.52,177.95
LEFT_EYE_OUTER,377,476.82,171.46
LEFT_EYE_OUTER,378,470.66,165.07
LEFT_EYE_OUTER,379,470.29,165.44
LEFT_EYE_OUTER,380,465.07,168.01
LEFT_EYE_OUTER,381,459.61,165.05
LEFT_EYE_OUTER,382,449.85,168.59
LEFT_EYE_OUTER,383,449.91,168.87
LEFT_EYE_OUTER,384,440.37,167.50
LEFT_EYE_OUTER,385,435.38,169.71
LEFT_EYE_OUTER,386,426.06,167.32
LEFT_EYE_OUTER,387,415.59,168.90
LEFT_EYE_OUTER,388,411.26,167.47
LEFT_EYE_OUTER,389,411.73,167.49
LEFT_EYE_OUTER,390,408.86,168.77
LEFT_EYE_OUTER,391,405.32,169.45
LEFT_EYE_OUTER,392,404.49,171.91
LEFT_EYE_OUTER,393,401.92,178.28
LEFT_EYE_OUTER,394,399.14,194.35
LEFT_EYE_OUTER,395,399.59,194.23
LEFT_EYE_OUTER,396,400.98,215.09
LEFT_EYE_OUTER,397,400.38,241.69
LEFT_EYE_OUTER,398,402.32,266.76
LEFT_EYE_OUTER,399,402.17,266.67
LEFT_EYE_OUTER,400,407.34,291.23
LEFT_EYE_OUTER,401,423.55,358.50
LEFT_EYE_OUTER,402,433.94,395.84
LEFT_EYE_OUTER,403,434.14,396.21
LEFT_EYE_OUTER,404,430.46,489.71
LEFT_EYE_OUTER,405,430.60,489.59
LEFT_EYE_OUTER,406,417.65,520.08
LEFT_EYE_OUTER,407,411.82,534.72
LEFT_EYE_OUTER,408,411.47,534.55
LEFT_EYE_OUTER,409,411.04,543.58
LEFT_EYE_OUTER,410,414.70,547.87
LEFT_EYE_OUTER,411,413.94,547.32
LEFT_EYE_OUTER,412,414.50,543.80
LEFT_EYE_OUTER,413,417.04,545.50
LEFT_EYE_OUTER,414,424.12,532.66
LEFT_EYE_OUTER,415,423.89,533.63
LEFT_EYE_OUTER,416,429.56,526.14
LEFT_EYE_OUTER,417,433.86,518.77
LEFT_EYE_OUTER,418,430.62,505.41
LEFT_EYE_OUTER,419,430.56,504.17
LEFT_EYE_OUTER,420,430.15,489.72
LEFT_EYE_OUTER,421,429.40,481.09
LEFT_EYE_OUTER,422,425.87,460.59
LEFT_EYE_OUTER,423,428.92,445.03
LEFT_EYE_OUTER,424,431.79,427.35
LEFT_EYE_OUTER,425,434.67,412.18
LEFT_EYE_OUTER,426,440.99,384.85
LEFT_EYE_OUTER,427,438.06,361.92
LEFT_EYE_OUTER,428,437.96,362.14
LEFT_EYE_OUTER,429,441.33,340.84
LEFT_EYE_OUTER,430,447.67,326.62
LEFT_EYE_OUTER,431,447.66,326.28
LEFT_EYE_OUTER,432,443.08,284.92
RIGHT_EYE_INNER,0,422.66,228.59
RIGHT_EYE_INNER,1,378.31,273.00
RIGHT_EYE_INNER,2,378.65,273.74
RIGHT_EYE_INNER,3,360.85,291.81
RIGHT_EYE_INNER,4,360.29,291.71
RIGHT_EYE_INNER,5,341.73,316.91
RIGHT_EYE_INNER,6,322.32,350.84
RIGHT_EYE_INNER,7,322.23,350.29
RIGHT_EYE_INNER,8,321.88,366.16
RIGHT_EYE_INNER,9,337.75,370.69
RIGHT_EYE_INNER,10,357.23,379.31
RIGHT_EYE_INNER,11,357.35,379.52
RIGHT_EYE_INNER,12,447.79,392.83
RIGHT_EYE_INNER,13,448.27,391.61
RIGHT_EYE_INNER,14,502.36,400.65
RIGHT_EYE_INNER,15,552.37,394.83
RIGHT_EYE_INNER,16,607.45,392.07
RIGHT_EYE_INNER,17,607.79,391.74
RIGHT_EYE_INNER,18,652.54,396.94
RIGHT_EYE_INNER,19,676.39,403.60
RIGHT_EYE_INNER,20,705.42,397.95
RIGHT_EYE_INNER,21,715.22,406.20
RIGHT_EYE_INNER,22,714.82,406.23
RIGHT_EYE_INNER,23,704.11,416.10
RIGHT_EYE_INNER,24,669.41,426.41
RIGHT_EYE_INNER,25,615.14,417.54
RIGHT_EYE_INNER,27,553.71,362.04
RIGHT_EYE_INNER,29,429.33,469.00
RIGHT_EYE_INNER,30,371.96,524.62
RIGHT_EYE_INNER,31,372.10,524.34
RIGHT_EYE_INNER,32,337.21,523.72
RIGHT_EYE_INNER,33,311.97,519.22
RIGHT_EYE_INNER,34,322.96,508.15
RIGHT_EYE_INNER,35,326.22,507.91
RIGHT_EYE_INNER,36,341.11,495.94
RIGHT_EYE_INNER,37,375.87,480.75
RIGHT_EYE_INNER,38,417.27,451.55
RIGHT_EYE_INNER,39,419.03,452.70
RIGHT_EYE_INNER,40,501.92,415.67
RIGHT_EYE_INNER,41,547.56,405.14
RIGHT_EYE_INNER,42,653.98,338.82
RIGHT_EYE_INNER,43,654.42,338.94
RIGHT_EYE_INNER,44,684.02,306.61
RIGHT_EYE_INNER,45,691.38,291.55
RIGHT_EYE_INNER,46,691.91,291.62
RIGHT_EYE_INNER,47,667.40,264.63
RIGHT_EYE_INNER,48,640.67,261.82
RIGHT_EYE_INNER,49,640.69,261.90
RIGHT_EYE_INNER,50,611.12,258.57
RIGHT_EYE_INNER,51,580.97,261.96
RIGHT_EYE_INNER,52,547.82,274.49
RIGHT_EYE_INNER,53,547.99,273.13
RIGHT_EYE_INNER,54,510.72,276.40
RIGHT_EYE_INNER,55,446.94,250.51
RIGHT_EYE_INNER,56,447.52,249.41
RIGHT_EYE_INNER,57,408.79,234.73
RIGHT_EYE_INNER,58,388.44,242.20
RIGHT_EYE_INNER,59,388.70,242.09
RIGHT_EYE_INNER,60,387.20,247.49
RIGHT_EYE_INNER,61,410.80,251.51
RIGHT_EYE_INNER,62,448.15,239.46
RIGHT_EYE_INNER,63,507.62,222.58
RIGHT_EYE_INNER,64,541.49,231.57
RIGHT_EYE_INNER,65,541.76,227.52
RIGHT_EYE_INNER,66,597.88,252.17
RIGHT_EYE_INNER,67,612.25,260.55
RIGHT_EYE_INNER,68,625.47,244.63
RIGHT_EYE_INNER,69,628.09,244.24
RIGHT_EYE_INNER,70,606.71,223.23
RIGHT_EYE_INNER,71,606.38,222.43
RIGHT_EYE_INNER,72,529.01,215.23
RIGHT_EYE_INNER,73,488.88,245.59
RIGHT_EYE_INNER,74,428.21,261.97
RIGHT_EYE_INNER,75,428.28,260.68
RIGHT_EYE_INNER,76,425.79,253.37
RIGHT_EYE_INNER,77,476.12,230.73
RIGHT_EYE_INNER,78,529.47,237.40
RIGHT_EYE_INNER,79,521.57,243.34
RIGHT_EYE_INNER,80,580.88,248.06
RIGHT_EYE_INNER,81,618.50,265.56
RIGHT_EYE_INNER,82,618.77,265.81
RIGHT_EYE_INNER,83,611.18,263.55
RIGHT_EYE_INNER,84,585.94,264.74
RIGHT_EYE_INNER,85,586.92,262.63
RIGHT_EYE_INNER,86,521.32,233.03
RIGHT_EYE_INNER,87,461.94,256.62
RIGHT_EYE_INNER,88,461.63,255.62
RIGHT_EYE_INNER,89,369.00,291.70
RIGHT_EYE_INNER,90,376.85,274.91
RIGHT_EYE_INNER,91,375.84,276.42
RIGHT_EYE_INNER,92,399.17,268.23
RIGHT_EYE_INNER,93,399.42,267.96
RIGHT_EYE_INNER,94,510.57,286.31
RIGHT_EYE_INNER,95,510.62,286.15
RIGHT_EYE_INNER,96,545.67,293.90
RIGHT_EYE_INNER,97,565.28,277.89
RIGHT_EYE_INNER,98,575.67,268.91
RIGHT_EYE_INNER,99,575.71,269.54
RIGHT_EYE_INNER,100,490.19,241.32
RIGHT_EYE_INNER,101,489.42,241.65
RIGHT_EYE_INNER,102,441.48,234.29
RIGHT_EYE_INNER,103,368.04,271.94
RIGHT_EYE_INNER,104,329.87,285.30
RIGHT_EYE_INNER,105,312.12,295.50
RIGHT_EYE_INNER,106,312.32,297.02
RIGHT_EYE_INNER,107,327.06,276.38
RIGHT_EYE_INNER,108,337.88,262.41
RIGHT_EYE_INNER,109,435.27,317.53
RIGHT_EYE_INNER,110,436.38,310.28
RIGHT_EYE_INNER,111,471.59,296.27
RIGHT_EYE_INNER,112,495.65,281.14
RIGHT_EYE_INNER,113,496.18,281.58
RIGHT_EYE_INNER,114,486.99,291.33
RIGHT_EYE_INNER,115,450.53,268.79
RIGHT_EYE_INNER,116,377.88,245.12
RIGHT_EYE_INNER,117,376.66,245.85
RIGHT_EYE_INNER,118,271.80,283.48
RIGHT_EYE_INNER,119,269.87,283.97
RIGHT_EYE_INNER,120,238.60,289.09
RIGHT_EYE_INNER,121,238.35,289.18
RIGHT_EYE_INNER,122,261.90,289.33
RIGHT_EYE_INNER,123,261.86,289.27
RIGHT_EYE_INNER,124,289.69,295.65
RIGHT_EYE_INNER,125,341.12,301.25
RIGHT_EYE_INNER,126,445.37,342.09
RIGHT_EYE_INNER,127,442.50,343.40
RIGHT_EYE_INNER,128,490.00,334.63
RIGHT_EYE_INNER,129,489.30,334.39
RIGHT_EYE_INNER,130,492.63,329.40
RIGHT_EYE_INNER,131,454.41,345.83
RIGHT_EYE_INNER,132,451.36,344.84
RIGHT_EYE_INNER,133,339.22,378.84
RIGHT_EYE_INNER,134,272.18,353.53
RIGHT_EYE_INNER,135,270.01,357.17
RIGHT_EYE_INNER,136,198.97,340.61
RIGHT_EYE_INNER,137,198.94,340.54
RIGHT_EYE_INNER,138,222.63,340.81
RIGHT_EYE_INNER,139,250.26,340.76
RIGHT_EYE_INNER,140,319.89,343.93
RIGHT_EYE_INNER,141,483.59,361.16
RIGHT_EYE_INNER,142,481.39,359.21
RIGHT_EYE_INNER,143,481.69,357.36
RIGHT_EYE_INNER,144,520.39,339.55
RIGHT_EYE_INNER,145,520.09,345.90
RIGHT_EYE_INNER,146,520.38,345.73
RIGHT_EYE_INNER,147,502.54,350.45
RIGHT_EYE_INNER,148,384.94,355.39
RIGHT_EYE_INNER,149,393.80,367.31
RIGHT_EYE_INNER,150,330.06,352.39
RIGHT_EYE_INNER,151,284.40,349.05
RIGHT_EYE_INNER,152,264.61,335.70
RIGHT_EYE_INNER,153,275.17,338.03
RIGHT_EYE_INNER,154,309.89,334.06
RIGHT_EYE_INNER,155,381.14,340.75
RIGHT_EYE_INNER,156,367.73,343.35
RIGHT_EYE_INNER,157,442.23,336.58
RIGHT_EYE_INNER,158,573.61,334.76
RIGHT_EYE_INNER,159,574.47,335.26
RIGHT_EYE_INNER,160,590.45,322.33
RIGHT_EYE_INNER,161,590.76,322.16
RIGHT_EYE_INNER,162,553.42,334.60
RIGHT_EYE_INNER,163,552.26,335.41
RIGHT_EYE_INNER,164,464.98,309.05
RIGHT_EYE_INNER,165,449.73,314.84
RIGHT_EYE_INNER,166,400.30,304.59
RIGHT_EYE_INNER,167,310.04,338.31
RIGHT_EYE_INNER,168,283.67,328.09
RIGHT_EYE_INNER,169,284.27,327.83
RIGHT_EYE_INNER,170,307.11,334.51
RIGHT_EYE_INNER,171,306.91,334.83
RIGHT_EYE_INNER,172,398.97,326.08
RIGHT_EYE_INNER,173,448.84,400.00
RIGHT_EYE_INNER,174,450.15,373.01
RIGHT_EYE_INNER,175,541.99,346.86
RIGHT_EYE_INNER,176,543.76,346.39
RIGHT_EYE_INNER,177,587.55,309.66
RIGHT_EYE_INNER,178,570.18,307.86
RIGHT_EYE_INNER,179,571.09,307.66
RIGHT_EYE_INNER,180,484.22,268.21
RIGHT_EYE_INNER,181,484.93,268.83
RIGHT_EYE_INNER,182,318.50,288.76
RIGHT_EYE_INNER,183,318.14,288.71
RIGHT_EYE_INNER,184,316.13,288.63
RIGHT_EYE_INNER,185,287.52,277.84
RIGHT_EYE_INNER,186,290.65,276.80
RIGHT_EYE_INNER,187,328.35,277.31
RIGHT_EYE_INNER,188,327.63,277.41
RIGHT_EYE_INNER,189,421.99,324.75
RIGHT_EYE_INNER,190,407.21,324.28
RIGHT_EYE_INNER,191,494.69,260.96
RIGHT_EYE_INNER,192,528.86,243.02
RIGHT_EYE_INNER,193,529.55,243.12
RIGHT_EYE_INNER,194,507.63,252.60
RIGHT_EYE_INNER,195,460.91,257.48
RIGHT_EYE_INNER,196,464.55,249.01
RIGHT_EYE_INNER,197,341.49,279.65
RIGHT_EYE_INNER,198,340.59,277.67
RIGHT_EYE_INNER,199,287.65,254.46
RIGHT_EYE_INNER,200,272.00,268.64
RIGHT_EYE_INNER,201,272.00,267.96
RIGHT_EYE_INNER,202,270.83,267.66
RIGHT_EYE_INNER,203,299.90,269.17
RIGHT_EYE_INNER,204,324.42,270.96
RIGHT_EYE_INNER,205,426.01,265.89
RIGHT_EYE_INNER,206,423.93,263.88
RIGHT_EYE_INNER,207,456.64,261.36
RIGHT_EYE_INNER,208,456.86,261.27
RIGHT_EYE_INNER,209,470.94,247.20
RIGHT_EYE_INNER,210,471.64,247.65
RIGHT_EYE_INNER,211,438.21,238.89
RIGHT_EYE_INNER,212,435.47,237.79
RIGHT_EYE_INNER,213,390.28,222.40
RIGHT_EYE_INNER,214,391.04,229.95
RIGHT_EYE_INNER,215,357.58,231.92
RIGHT_EYE_INNER,216,293.57,212.42
RIGHT_EYE_INNER,217,292.94,212.43
RIGHT_EYE_INNER,218,293.14,213.76
RIGHT_EYE_INNER,219,291.90,226.70
RIGHT_EYE_INNER,220,293.21,225.95
RIGHT_EYE_INNER,221,367.16,235.22
RIGHT_EYE_INNER,224,401.34,235.35
RIGHT_EYE_INNER,225,400.99,234.78
RIGHT_EYE_INNER,228,334.99,234.90
RIGHT_EYE_INNER,229,304.60,262.11
RIGHT_EYE_INNER,230,302.24,258.66
RIGHT_EYE_INNER,231,279.28,251.26
RIGHT_EYE_INNER,232,279.48,251.21
RIGHT_EYE_INNER,238,387.46,243.90
RIGHT_EYE_INNER,239,384.06,246.42
RIGHT_EYE_INNER,240,345.74,218.86
RIGHT_EYE_INNER,242,245.85,261.02
RIGHT_EYE_INNER,243,247.42,258.57
RIGHT_EYE_INNER,244,245.09,260.77
RIGHT_EYE_INNER,245,263.88,249.76
RIGHT_EYE_INNER,250,391.76,240.42
RIGHT_EYE_INNER,251,384.65,237.28
RIGHT_EYE_INNER,252,411.00,267.77
RIGHT_EYE_INNER,253,288.20,255.64
RIGHT_EYE_INNER,254,288.49,255.37
RIGHT_EYE_INNER,255,253.81,266.78
RIGHT_EYE_INNER,256,253.93,266.44
RIGHT_EYE_INNER,257,276.86,257.28
RIGHT_EYE_INNER,258,392.12,257.40
RIGHT_EYE_INNER,259,388.96,256.83
RIGHT_EYE_INNER,260,423.78,264.62
RIGHT_EYE_INNER,261,424.16,264.97
RIGHT_EYE_INNER,263,424.76,200.30
RIGHT_EYE_INNER,265,412.61,190.60
RIGHT_EYE_INNER,266,407.79,197.07
RIGHT_EYE_INNER,267,406.72,196.00
RIGHT_EYE_INNER,268,370.30,203.29
RIGHT_EYE_INNER,269,378.59,191.28
RIGHT_EYE_INNER,270,396.76,193.05
RIGHT_EYE_INNER,271,412.83,199.57
RIGHT_EYE_INNER,272,413.79,201.10
RIGHT_EYE_INNER,273,413.33,201.18
RIGHT_EYE_INNER,274,369.41,201.96
RIGHT_EYE_INNER,275,370.99,203.69
RIGHT_EYE_INNER,276,367.99,200.64
RIGHT_EYE_INNER,277,349.88,187.52
RIGHT_EYE_INNER,278,349.50,188.71
RIGHT_EYE_INNER,279,367.03,194.44
RIGHT_EYE_INNER,280,368.37,193.83
RIGHT_EYE_INNER,281,423.45,211.61
RIGHT_EYE_INNER,282,472.16,209.93
RIGHT_EYE_INNER,283,471.58,209.35
RIGHT_EYE_INNER,284,499.37,211.23
RIGHT_EYE_INNER,285,497.55,209.52
RIGHT_EYE_INNER,286,526.19,209.46
RIGHT_EYE_INNER,287,572.32,234.24
RIGHT_EYE_INNER,288,573.44,233.77
RIGHT_EYE_INNER,289,543.98,238.57
RIGHT_EYE_INNER,293,433.21,213.64
RIGHT_EYE_INNER,294,396.58,201.72
RIGHT_EYE_INNER,295,395.63,202.01
RIGHT_EYE_INNER,296,396.96,201.15
RIGHT_EYE_INNER,297,439.04,191.74
RIGHT_EYE_INNER,298,452.90,209.13
RIGHT_EYE_INNER,299,452.38,210.84
RIGHT_EYE_INNER,300,508.15,202.75
RIGHT_EYE_INNER,301,510.60,203.14
RIGHT_EYE_INNER,302,567.44,207.19
RIGHT_EYE_INNER,303,565.46,205.38
RIGHT_EYE_INNER,304,571.21,221.46
RIGHT_EYE_INNER,305,558.86,228.96
RIGHT_EYE_INNER,306,534.18,240.08
RIGHT_EYE_INNER,307,530.07,240.93
RIGHT_EYE_INNER,308,531.16,237.77
RIGHT_EYE_INNER,309,480.12,232.19
RIGHT_EYE_INNER,310,453.47,219.13
RIGHT_EYE_INNER,311,453.36,217.58
RIGHT_EYE_INNER,312,431.34,216.93
RIGHT_EYE_INNER,313,419.76,213.25
RIGHT_EYE_INNER,314,491.67,209.54
RIGHT_EYE_INNER,315,494.54,207.60
RIGHT_EYE_INNER,316,496.83,205.30
RIGHT_EYE_INNER,317,531.37,219.42
RIGHT_EYE_INNER,318,530.57,219.99
RIGHT_EYE_INNER,319,558.88,206.99
RIGHT_EYE_INNER,320,556.56,207.27
RIGHT_EYE_INNER,321,599.95,216.43
RIGHT_EYE_INNER,322,598.73,215.80
RIGHT_EYE_INNER,323,615.64,233.41
RIGHT_EYE_INNER,324,589.52,234.81
RIGHT_EYE_INNER,325,536.48,233.10
RIGHT_EYE_INNER,326,520.48,233.93
RIGHT_EYE_INNER,328,478.94,226.76
RIGHT_EYE_INNER,329,454.87,225.60
RIGHT_EYE_INNER,330,399.17,214.77
RIGHT_EYE_INNER,331,399.86,213.56
RIGHT_EYE_INNER,332,405.86,209.52
RIGHT_EYE_INNER,333,406.39,209.33
RIGHT_EYE_INNER,334,406.05,209.21
RIGHT_EYE_INNER,335,419.49,209.51
RIGHT_EYE_INNER,336,472.61,212.26
RIGHT_EYE_INNER,337,472.75,211.85
RIGHT_EYE_INNER,338,495.34,208.32
RIGHT_EYE_INNER,339,513.25,202.08
RIGHT_EYE_INNER,340,513.28,202.51
RIGHT_EYE_INNER,341,533.24,199.46
RIGHT_EYE_INNER,342,544.23,196.93
RIGHT_EYE_INNER,343,554.85,192.85
RIGHT_EYE_INNER,344,557.34,184.40
RIGHT_EYE_INNER,345,557.33,184.68
RIGHT_EYE_INNER,346,557.29,184.05
RIGHT_EYE_INNER,347,558.06,182.69
RIGHT_EYE_INNER,348,556.94,176.31
RIGHT_EYE_INNER,349,555.60,177.78
RIGHT_EYE_INNER,350,551.80,179.64
RIGHT_EYE_INNER,351,551.76,179.59
RIGHT_EYE_INNER,352,536.16,184.69
RIGHT_EYE_INNER,353,507.03,199.52
RIGHT_EYE_INNER,354,463.61,198.14
RIGHT_EYE_INNER,355,463.63,199.39
RIGHT_EYE_INNER,356,441.65,203.12
RIGHT_EYE_INNER,357,429.58,224.61
RIGHT_EYE_INNER,358,430.25,224.04
RIGHT_EYE_INNER,359,420.56,220.34
RIGHT_EYE_INNER,360,386.14,230.57
RIGHT_EYE_INNER,361,385.97,230.52
RIGHT_EYE_INNER,362,385.38,230.15
RIGHT_EYE_INNER,363,389.09,227.80
RIGHT_EYE_INNER,364,388.33,225.41
RIGHT_EYE_INNER,365,416.64,240.21
RIGHT_EYE_INNER,366,459.37,217.90
RIGHT_EYE_INNER,367,458.65,218.15
RIGHT_EYE_INNER,368,461.75,212.36
RIGHT_EYE_INNER,369,467.47,209.30
RIGHT_EYE_INNER,370,467.56,209.04
RIGHT_EYE_INNER,371,471.39,190.37
RIGHT_EYE_INNER,372,471.15,190.07
RIGHT_EYE_INNER,373,471.04,181.77
RIGHT_EYE_INNER,374,463.84,183.58
RIGHT_EYE_INNER,375,458.19,179.31
RIGHT_EYE_INNER,376,456.84,179.42
RIGHT_EYE_INNER,377,453.10,174.76
RIGHT_EYE_INNER,378,446.99,169.70
RIGHT_EYE_INNER,379,446.72,170.16
RIGHT_EYE_INNER,380,448.43,171.03
RIGHT_EYE_INNER,381,441.35,168.07
RIGHT_EYE_INNER,382,427.87,170.63
RIGHT_EYE_INNER,383,427.90,171.34
RIGHT_EYE_INNER,384,418.06,169.50
RIGHT_EYE_INNER,385,411.06,169.82
RIGHT_EYE_INNER,386,406.48,169.66
RIGHT_EYE_INNER,387,397.09,168.90
RIGHT_EYE_INNER,388,391.40,168.01
RIGHT_EYE_INNER,389,392.15,167.92
RIGHT_EYE_INNER,390,390.10,168.41
RIGHT_EYE_INNER,391,387.36,168.63
RIGHT_EYE_INNER,392,384.34,173.75
RIGHT_EYE_INNER,393,384.41,182.68
RIGHT_EYE_INNER,394,384.98,199.04
RIGHT_EYE_INNER,395,385.66,198.75
RIGHT_EYE_INNER,396,388.62,221.37
RIGHT_EYE_INNER,397,389.22,245.30
RIGHT_EYE_INNER,398,394.23,268.20
RIGHT_EYE_INNER,399,393.91,268.12
RIGHT_EYE_INNER,400,399.45,292.94
RIGHT_EYE_INNER,401,415.33,361.37
RIGHT_EYE_INNER,402,424.92,399.78
RIGHT_EYE_INNER,403,424.39,400.25
RIGHT_EYE_INNER,404,417.78,493.92
RIGHT_EYE_INNER,405,418.58,494.06
RIGHT_EYE_INNER,406,407.92,522.95
RIGHT_EYE_INNER,407,403.93,537.51
RIGHT_EYE_INNER,408,403.37,537.22
RIGHT_EYE_INNER,409,401.36,545.59
RIGHT_EYE_INNER,410,404.99,550.17
RIGHT_EYE_INNER,411,404.49,550.88
RIGHT_EYE_INNER,412,405.46,549.20
RIGHT_EYE_INNER,413,407.05,548.71
RIGHT_EYE_INNER,414,415.10,536.38
RIGHT_EYE_INNER,415,414.76,536.29
RIGHT_EYE_INNER,416,420.01,529.88
RIGHT_EYE_INNER,417,422.75,522.41
RIGHT_EYE_INNER,418,420.79,507.20
RIGHT_EYE_INNER,419,421.77,506.67
RIGHT_EYE_INNER,420,422.25,493.79
RIGHT_EYE_INNER,421,420.80,481.34
RIGHT_EYE_INNER,422,415.49,464.29
RIGHT_EYE_INNER,423,419.45,447.25
RIGHT_EYE_INNER,424,418.90,428.90
RIGHT_EYE_INNER,425,422.72,413.27
RIGHT_EYE_INNER,426,431.26,385.82
RIGHT_EYE_INNER,427,428.86,362.54
RIGHT_EYE_INNER,428,429.03,362.74
RIGHT_EYE_INNER,429,430.07,340.84
RIGHT_EYE_INNER,430,434.90,328.51
RIGHT_EYE_INNER,431,434.45,328.06
RIGHT_EYE_INNER,432,431.17,287.02
RIGHT_EYE,0,425.52,227.74
RIGHT_EYE,1,380.37,272.81
RIGHT_EYE,2,380.79,273.57
RIGHT_EYE,3,362.69,291.63
RIGHT_EYE,4,362.14,291.55
RIGHT_EYE,5,343.40,316.24
RIGHT_EYE,6,323.45,350.65
RIGHT_EYE,7,323.38,350.14
RIGHT_EYE,8,321.71,365.12
RIGHT_EYE,9,336.86,369.56
RIGHT_EYE,10,355.26,378.08
RIGHT_EYE,11,355.35,378.28
RIGHT_EYE,12,444.46,389.99
RIGHT_EYE,13,445.08,388.62
RIGHT_EYE,14,497.67,397.18
RIGHT_EYE,15,549.95,392.85
RIGHT_EYE,16,604.54,389.42
RIGHT_EYE,17,604.88,389.13
RIGHT_EYE,18,650.66,393.77
RIGHT_EYE,19,674.92,401.01
RIGHT_EYE,20,704.09,394.75
RIGHT_EYE,21,714.99,402.87
RIGHT_EYE,22,714.59,402.89
RIGHT_EYE,23,703.77,412.26
RIGHT_EYE,24,671.20,422.51
RIGHT_EYE,25,615.75,415.22
RIGHT_EYE,27,556.65,365.85
RIGHT_EYE,29,430.50,468.25
RIGHT_EYE,30,370.20,523.01
RIGHT_EYE,31,370.51,522.64
RIGHT_EYE,32,335.22,521.89
RIGHT_EYE,33,309.97,517.03
RIGHT_EYE,34,321.12,505.49
RIGHT_EYE,35,324.17,505.40
RIGHT_EYE,36,339.47,493.39
RIGHT_EYE,37,373.54,477.60
RIGHT_EYE,38,416.07,448.32
RIGHT_EYE,39,417.64,449.40
RIGHT_EYE,40,502.92,411.95
RIGHT_EYE,41,545.73,401.02
RIGHT_EYE,42,651.00,334.69
RIGHT_EYE,43,651.41,334.81
RIGHT_EYE,44,680.70,303.59
RIGHT_EYE,45,687.37,289.11
RIGHT_EYE,46,687.85,289.13
RIGHT_EYE,47,663.09,263.90
RIGHT_EYE,48,637.11,260.87
RIGHT_EYE,49,637.13,260.94
RIGHT_EYE,50,608.23,258.03
RIGHT_EYE,51,578.15,261.21
RIGHT_EYE,52,547.29,273.65
RIGHT_EYE,53,547.41,272.38
RIGHT_EYE,54,510.99,275.48
RIGHT_EYE,55,451.38,250.93
RIGHT_EYE,56,451.97,249.83
RIGHT_EYE,57,411.03,234.80
RIGHT_EYE,58,390.81,242.50
RIGHT_EYE,59,391.03,242.43
RIGHT_EYE,60,388.22,247.78
RIGHT_EYE,61,411.28,253.96
RIGHT_EYE,62,445.79,242.22
RIGHT_EYE,63,504.03,225.33
RIGHT_EYE,64,538.09,231.51
RIGHT_EYE,65,537.87,229.05
RIGHT_EYE,66,597.69,252.69
RIGHT_EYE,67,611.96,260.16
RIGHT_EYE,68,626.31,246.49
RIGHT_EYE,69,628.89,246.46
RIGHT_EYE,70,607.99,225.56
RIGHT_EYE,71,607.50,224.59
RIGHT_EYE,72,529.02,216.37
RIGHT_EYE,73,492.55,244.89
RIGHT_EYE,74,429.67,263.15
RIGHT_EYE,75,429.81,262.02
RIGHT_EYE,76,425.05,256.09
RIGHT_EYE,77,474.83,233.93
RIGHT_EYE,78,528.94,238.01
RIGHT_EYE,79,521.50,243.95
RIGHT_EYE,80,580.61,252.58
RIGHT_EYE,81,619.29,268.72
RIGHT_EYE,82,619.47,269.09
RIGHT_EYE,83,612.33,266.81
RIGHT_EYE,84,586.96,267.68
RIGHT_EYE,85,587.85,265.59
RIGHT_EYE,86,521.92,234.62
RIGHT_EYE,87,463.60,257.01
RIGHT_EYE,88,463.18,256.16
RIGHT_EYE,89,369.33,294.48
RIGHT_EYE,90,376.26,279.13
RIGHT_EYE,91,375.41,280.37
RIGHT_EYE,92,399.09,270.32
RIGHT_EYE,93,398.94,269.51
RIGHT_EYE,94,512.45,287.66
RIGHT_EYE,95,510.51,287.30
RIGHT_EYE,96,546.39,296.75
RIGHT_EYE,97,566.03,281.98
RIGHT_EYE,98,575.96,273.43
RIGHT_EYE,99,575.91,274.06
RIGHT_EYE,100,490.95,243.18
RIGHT_EYE,101,490.08,243.43
RIGHT_EYE,102,440.98,235.86
RIGHT_EYE,103,368.08,275.77
RIGHT_EYE,104,330.74,287.65
RIGHT_EYE,105,313.36,298.41
RIGHT_EYE,106,313.62,300.03
RIGHT_EYE,107,326.39,280.24
RIGHT_EYE,108,337.99,264.72
RIGHT_EYE,109,435.95,317.74
RIGHT_EYE,110,437.01,310.69
RIGHT_EYE,111,471.72,299.75
RIGHT_EYE,112,496.52,285.86
RIGHT_EYE,113,497.02,286.22
RIGHT_EYE,114,487.31,294.84
RIGHT_EYE,115,450.42,270.27
RIGHT_EYE,116,378.28,245.54
RIGHT_EYE,117,377.07,246.20
RIGHT_EYE,118,272.55,287.15
RIGHT_EYE,119,270.30,287.33
RIGHT_EYE,120,239.09,293.53
RIGHT_EYE,121,238.84,293.62
RIGHT_EYE,122,262.64,293.24
RIGHT_EYE,123,262.59,293.16
RIGHT_EYE,124,290.29,298.17
RIGHT_EYE,125,341.28,304.87
RIGHT_EYE,126,447.06,345.26
RIGHT_EYE,127,444.35,346.63
RIGHT_EYE,128,489.34,337.10
RIGHT_EYE,129,488.79,336.61
RIGHT_EYE,130,491.93,331.83
RIGHT_EYE,131,451.83,346.38
RIGHT_EYE,132,447.61,345.03
RIGHT_EYE,133,337.31,377.53
RIGHT_EYE,134,275.08,350.41
RIGHT_EYE,135,271.04,354.76
RIGHT_EYE,136,200.63,343.11
RIGHT_EYE,137,200.61,343.03
RIGHT_EYE,138,225.03,343.49
RIGHT_EYE,139,251.26,342.04
RIGHT_EYE,140,319.99,344.91
RIGHT_EYE,141,483.92,363.83
RIGHT_EYE,142,481.68,361.56
RIGHT_EYE,143,482.17,359.73
RIGHT_EYE,144,519.37,341.65
RIGHT_EYE,145,518.08,347.29
RIGHT_EYE,146,518.30,347.13
RIGHT_EYE,147,501.34,350.24
RIGHT_EYE,148,383.14,354.95
RIGHT_EYE,149,391.78,366.21
RIGHT_EYE,150,330.05,352.30
RIGHT_EYE,151,284.27,349.84
RIGHT_EYE,152,266.73,338.95
RIGHT_EYE,153,277.74,340.63
RIGHT_EYE,154,311.44,335.67
RIGHT_EYE,155,381.19,342.08
RIGHT_EYE,156,367.83,344.51
RIGHT_EYE,157,448.12,337.57
RIGHT_EYE,158,573.61,336.57
RIGHT_EYE,159,574.53,337.16
RIGHT_EYE,160,589.39,324.50
RIGHT_EYE,161,589.70,324.31
RIGHT_EYE,162,551.80,335.58
RIGHT_EYE,163,550.55,336.36
RIGHT_EYE,164,451.95,312.08
RIGHT_EYE,165,449.31,314.47
RIGHT_EYE,166,402.22,311.83
RIGHT_EYE,167,310.72,337.78
RIGHT_EYE,168,285.22,331.27
RIGHT_EYE,169,285.84,330.95
RIGHT_EYE,170,309.75,337.67
RIGHT_EYE,171,309.62,337.94
RIGHT_EYE,172,398.94,326.60
RIGHT_EYE,173,444.11,393.59
RIGHT_EYE,174,455.63,374.66
RIGHT_EYE,175,542.97,349.86
RIGHT_EYE,176,544.64,349.34
RIGHT_EYE,177,586.84,311.86
RIGHT_EYE,178,569.23,309.52
RIGHT_EYE,179,570.15,309.30
RIGHT_EYE,180,483.84,268.14
RIGHT_EYE,181,484.56,268.72
RIGHT_EYE,182,318.78,291.43
RIGHT_EYE,183,318.51,291.49
RIGHT_EYE,184,317.18,290.89
RIGHT_EYE,185,288.34,280.97
RIGHT_EYE,186,291.73,280.23
RIGHT_EYE,187,329.77,281.41
RIGHT_EYE,188,329.06,281.43
RIGHT_EYE,189,420.12,324.21
RIGHT_EYE,190,404.87,323.37
RIGHT_EYE,191,495.76,263.58
RIGHT_EYE,192,529.00,246.59
RIGHT_EYE,193,529.87,246.43
RIGHT_EYE,194,508.23,255.77
RIGHT_EYE,195,460.46,259.18
RIGHT_EYE,196,463.99,250.80
RIGHT_EYE,197,340.22,281.20
RIGHT_EYE,198,339.58,279.32
RIGHT_EYE,199,288.51,258.72
RIGHT_EYE,200,272.83,273.04
RIGHT_EYE,201,272.73,272.30
RIGHT_EYE,202,271.55,271.76
RIGHT_EYE,203,300.97,273.28
RIGHT_EYE,204,325.05,273.84
RIGHT_EYE,205,427.27,268.60
RIGHT_EYE,206,425.28,266.60
RIGHT_EYE,207,456.45,264.34
RIGHT_EYE,208,456.66,264.24
RIGHT_EYE,209,470.02,248.42
RIGHT_EYE,210,470.70,248.92
RIGHT_EYE,211,437.77,240.26
RIGHT_EYE,212,435.07,239.05
RIGHT_EYE,213,388.92,222.20
RIGHT_EYE,214,389.59,229.57
RIGHT_EYE,215,353.63,237.27
RIGHT_EYE,216,294.14,216.03
RIGHT_EYE,217,293.43,215.96
RIGHT_EYE,218,293.50,217.41
RIGHT_EYE,219,293.24,228.81
RIGHT_EYE,220,294.57,228.14
RIGHT_EYE,221,368.50,237.46
RIGHT_EYE,224,400.45,236.77
RIGHT_EYE,225,400.12,236.14
RIGHT_EYE,228,330.84,235.29
RIGHT_EYE,229,301.36,265.35
RIGHT_EYE,230,299.18,262.18
RIGHT_EYE,231,280.20,253.71
RIGHT_EYE,232,280.32,253.63
RIGHT_EYE,238,386.65,245.22
RIGHT_EYE,239,383.44,247.38
RIGHT_EYE,240,341.89,219.59
RIGHT_EYE,242,248.22,263.27
RIGHT_EYE,243,249.72,261.08
RIGHT_EYE,244,247.48,263.07
RIGHT_EYE,245,266.23,251.34
RIGHT_EYE,250,391.69,242.77
RIGHT_EYE,251,384.67,239.68
RIGHT_EYE,252,402.96,264.39
RIGHT_EYE,253,286.38,258.45
RIGHT_EYE,254,286.53,258.25
RIGHT_EYE,255,256.23,270.97
RIGHT_EYE,256,256.25,270.55
RIGHT_EYE,257,278.47,260.07
RIGHT_EYE,258,397.65,259.58
RIGHT_EYE,259,394.18,258.42
RIGHT_EYE,260,425.16,266.12
RIGHT_EYE,261,425.41,266.37
RIGHT_EYE,263,422.12,198.75
RIGHT_EYE,265,408.84,191.52
RIGHT_EYE,266,402.01,198.21
RIGHT_EYE,267,401.02,197.20
RIGHT_EYE,268,367.73,206.16
RIGHT_EYE,269,377.78,194.27
RIGHT_EYE,270,396.90,195.79
RIGHT_EYE,271,414.68,200.18
RIGHT_EYE,272,415.84,201.59
RIGHT_EYE,273,415.64,201.38
RIGHT_EYE,274,373.20,201.73
RIGHT_EYE,275,374.76,203.55
RIGHT_EYE,276,372.71,200.81
RIGHT_EYE,277,351.00,189.50
RIGHT_EYE,278,350.54,190.68
RIGHT_EYE,279,368.10,195.86
RIGHT_EYE,280,369.40,195.31
RIGHT_EYE,281,419.31,211.41
RIGHT_EYE,282,466.90,209.72
RIGHT_EYE,283,466.15,209.11
RIGHT_EYE,284,493.29,211.79
RIGHT_EYE,285,491.29,209.99
RIGHT_EYE,286,521.12,209.49
RIGHT_EYE,287,570.23,235.00
RIGHT_EYE,288,571.32,234.52
RIGHT_EYE,289,543.29,238.69
RIGHT_EYE,293,437.28,216.27
RIGHT_EYE,294,397.40,203.27
RIGHT_EYE,295,396.43,203.52
RIGHT_EYE,296,397.76,202.83
RIGHT_EYE,297,435.74,190.68
RIGHT_EYE,298,450.17,209.87
RIGHT_EYE,299,449.26,211.02
RIGHT_EYE,300,501.94,204.46
RIGHT_EYE,301,504.21,205.09
RIGHT_EYE,302,565.60,207.05
RIGHT_EYE,303,563.72,205.46
RIGHT_EYE,304,569.37,223.87
RIGHT_EYE,305,558.21,230.35
RIGHT_EYE,306,538.64,240.02
RIGHT_EYE,307,533.99,240.51
RIGHT_EYE,308,534.96,237.49
RIGHT_EYE,309,484.08,232.77
RIGHT_EYE,310,457.26,220.65
RIGHT_EYE,311,456.81,219.22
RIGHT_EYE,312,432.85,219.00
RIGHT_EYE,313,421.40,215.09
RIGHT_EYE,314,486.77,209.84
RIGHT_EYE,315,491.51,207.84
RIGHT_EYE,316,494.24,204.71
RIGHT_EYE,317,526.51,220.12
RIGHT_EYE,318,525.27,221.53
RIGHT_EYE,319,552.89,208.04
RIGHT_EYE,320,550.83,208.13
RIGHT_EYE,321,598.14,218.82
RIGHT_EYE,322,596.79,218.27
RIGHT_EYE,323,613.63,234.07
RIGHT_EYE,324,588.98,234.61
RIGHT_EYE,325,542.10,233.11
RIGHT_EYE,326,521.67,233.59
RIGHT_EYE,328,482.49,226.59
RIGHT_EYE,329,459.75,226.63
RIGHT_EYE,330,401.53,216.21
RIGHT_EYE,331,402.21,214.93
RIGHT_EYE,332,404.49,209.68
RIGHT_EYE,333,405.07,209.44
RIGHT_EYE,334,405.02,209.17
RIGHT_EYE,335,417.54,208.83
RIGHT_EYE,336,467.29,212.43
RIGHT_EYE,337,467.43,211.97
RIGHT_EYE,338,489.88,209.41
RIGHT_EYE,339,507.92,203.86
RIGHT_EYE,340,507.93,204.36
RIGHT_EYE,341,527.68,201.52
RIGHT_EYE,342,538.62,197.76
RIGHT_EYE,343,549.67,193.80
RIGHT_EYE,344,552.87,186.62
RIGHT_EYE,345,552.78,186.89
RIGHT_EYE,346,552.66,186.25
RIGHT_EYE,347,553.83,184.03
RIGHT_EYE,348,553.88,177.34
RIGHT_EYE,349,551.76,178.54
RIGHT_EYE,350,549.29,180.53
RIGHT_EYE,351,549.25,180.49
RIGHT_EYE,352,534.28,185.19
RIGHT_EYE,353,509.11,199.00
RIGHT_EYE,354,467.56,197.38
RIGHT_EYE,355,467.57,198.65
RIGHT_EYE,356,445.88,201.82
RIGHT_EYE,357,433.49,222.49
RIGHT_EYE,358,434.35,221.81
RIGHT_EYE,359,424.10,218.18
RIGHT_EYE,360,388.77,228.91
RIGHT_EYE,361,389.31,228.52
RIGHT_EYE,362,388.64,228.25
RIGHT_EYE,363,389.98,227.33
RIGHT_EYE,364,389.29,224.96
RIGHT_EYE,365,413.36,238.50
RIGHT_EYE,366,453.82,218.33
RIGHT_EYE,367,453.03,218.61
RIGHT_EYE,368,456.15,212.16
RIGHT_EYE,369,462.48,209.62
RIGHT_EYE,370,462.66,209.36
RIGHT_EYE,371,466.16,190.59
RIGHT_EYE,372,465.98,190.29
RIGHT_EYE,373,465.97,182.37
RIGHT_EYE,374,459.48,184.18
RIGHT_EYE,375,453.71,180.12
RIGHT_EYE,376,452.34,180.13
RIGHT_EYE,377,448.02,176.33
RIGHT_EYE,378,441.34,171.32
RIGHT_EYE,379,441.00,171.88
RIGHT_EYE,380,443.37,172.57
RIGHT_EYE,381,435.45,169.49
RIGHT_EYE,382,421.60,171.34
RIGHT_EYE,383,421.59,172.27
RIGHT_EYE,384,412.10,170.49
RIGHT_EYE,385,404.33,170.36
RIGHT_EYE,386,400.53,170.33
RIGHT_EYE,387,391.78,169.43
RIGHT_EYE,388,385.18,168.91
RIGHT_EYE,389,386.05,168.67
RIGHT_EYE,390,385.50,168.70
RIGHT_EYE,391,381.89,169.32
RIGHT_EYE,392,378.75,175.19
RIGHT_EYE,393,379.54,183.94
RIGHT_EYE,394,379.54,201.34
RIGHT_EYE,395,380.16,201.12
RIGHT_EYE,396,383.84,223.12
RIGHT_EYE,397,383.89,247.25
RIGHT_EYE,398,389.61,270.59
RIGHT_EYE,399,389.29,270.49
RIGHT_EYE,400,395.17,294.97
RIGHT_EYE,401,410.45,362.11
RIGHT_EYE,402,420.08,400.16
RIGHT_EYE,403,419.54,400.52
RIGHT_EYE,404,413.38,492.76
RIGHT_EYE,405,414.36,493.01
RIGHT_EYE,406,405.67,521.69
RIGHT_EYE,407,402.54,536.17
RIGHT_EYE,408,402.01,535.86
RIGHT_EYE,409,399.99,544.13
RIGHT_EYE,410,403.72,548.83
RIGHT_EYE,411,403.11,549.73
RIGHT_EYE,412,404.31,548.43
RIGHT_EYE,413,405.64,547.41
RIGHT_EYE,414,413.61,535.15
RIGHT_EYE,415,413.12,534.67
RIGHT_EYE,416,418.29,528.59
RIGHT_EYE,417,420.83,520.89
RIGHT_EYE,418,419.04,505.48
RIGHT_EYE,419,420.16,505.10
RIGHT_EYE,420,420.56,492.99
RIGHT_EYE,421,418.68,479.89
RIGHT_EYE,422,413.88,463.20
RIGHT_EYE,423,416.98,446.20
RIGHT_EYE,424,416.26,427.10
RIGHT_EYE,425,419.91,410.38
RIGHT_EYE,426,427.84,383.61
RIGHT_EYE,427,425.59,360.42
RIGHT_EYE,428,425.79,360.56
RIGHT_EYE,429,426.07,338.14
RIGHT_EYE,430,430.02,326.20
RIGHT_EYE,431,429.48,325.65
RIGHT_EYE,432,427.20,284.57
RIGHT_EYE_OUTER,0,428.41,226.86
RIGHT_EYE_OUTER,1,382.38,272.62
RIGHT_EYE_OUTER,2,382.87,273.38
RIGHT_EYE_OUTER,3,364.59,291.25
RIGHT_EYE_OUTER,4,364.05,291.19
RIGHT_EYE_OUTER,5,344.98,315.53
RIGHT_EYE_OUTER,6,324.30,350.40
RIGHT_EYE_OUTER,7,324.28,349.91
RIGHT_EYE_OUTER,8,321.32,364.14
RIGHT_EYE_OUTER,9,335.81,368.31
RIGHT_EYE_OUTER,10,353.24,376.68
RIGHT_EYE_OUTER,11,353.30,376.91
RIGHT_EYE_OUTER,12,441.07,386.90
RIGHT_EYE_OUTER,13,441.82,385.59
RIGHT_EYE_OUTER,14,493.40,394.23
RIGHT_EYE_OUTER,15,547.38,390.80
RIGHT_EYE_OUTER,16,601.54,386.73
RIGHT_EYE_OUTER,17,601.87,386.49
RIGHT_EYE_OUTER,18,648.41,390.10
RIGHT_EYE_OUTER,19,673.35,398.16
RIGHT_EYE_OUTER,20,702.91,391.61
RIGHT_EYE_OUTER,21,714.76,399.08
RIGHT_EYE_OUTER,22,714.37,399.08
RIGHT_EYE_OUTER,23,703.67,408.10
RIGHT_EYE_OUTER,24,672.79,418.59
RIGHT_EYE_OUTER,25,616.84,412.95
RIGHT_EYE_OUTER,27,557.62,366.40
RIGHT_EYE_OUTER,29,431.40,467.64
RIGHT_EYE_OUTER,30,368.65,521.59
RIGHT_EYE_OUTER,31,368.84,521.28
RIGHT_EYE_OUTER,32,333.42,520.24
RIGHT_EYE_OUTER,33,307.88,514.95
RIGHT_EYE_OUTER,34,319.06,502.77
RIGHT_EYE_OUTER,35,321.86,502.82
RIGHT_EYE_OUTER,36,337.70,490.52
RIGHT_EYE_OUTER,37,370.78,474.44
RIGHT_EYE_OUTER,38,414.48,445.25
RIGHT_EYE_OUTER,39,415.85,446.23
RIGHT_EYE_OUTER,40,503.61,408.35
RIGHT_EYE_OUTER,41,543.86,396.87
RIGHT_EYE_OUTER,42,648.13,330.51
RIGHT_EYE_OUTER,43,648.45,330.63
RIGHT_EYE_OUTER,44,677.23,300.52
RIGHT_EYE_OUTER,45,683.39,286.57
RIGHT_EYE_OUTER,46,683.85,286.58
RIGHT_EYE_OUTER,47,658.64,263.07
RIGHT_EYE_OUTER,48,632.58,260.19
RIGHT_EYE_OUTER,49,632.62,260.28
RIGHT_EYE_OUTER,50,605.15,257.42
RIGHT_EYE_OUTER,51,575.10,260.49
RIGHT_EYE_OUTER,52,546.82,272.74
RIGHT_EYE_OUTER,53,546.91,271.51
RIGHT_EYE_OUTER,54,511.40,274.71
RIGHT_EYE_OUTER,55,456.12,251.36
RIGHT_EYE_OUTER,56,456.68,250.30
RIGHT_EYE_OUTER,57,411.61,234.78
RIGHT_EYE_OUTER,58,393.44,243.07
RIGHT_EYE_OUTER,59,393.58,243.03
RIGHT_EYE_OUTER,60,389.12,248.33
RIGHT_EYE_OUTER,61,411.61,256.33
RIGHT_EYE_OUTER,62,443.39,245.12
RIGHT_EYE_OUTER,63,500.43,228.07
RIGHT_EYE_OUTER,64,533.53,231.17
RIGHT_EYE_OUTER,65,533.35,228.98
RIGHT_EYE_OUTER,66,597.77,253.34
RIGHT_EYE_OUTER,67,611.99,260.02
RIGHT_EYE_OUTER,68,627.47,248.36
RIGHT_EYE_OUTER,69,629.96,248.69
RIGHT_EYE_OUTER,70,609.42,227.87
RIGHT_EYE_OUTER,71,608.76,226.73
RIGHT_EYE_OUTER,72,528.76,217.06
RIGHT_EYE_OUTER,73,494.83,244.48
RIGHT_EYE_OUTER,74,430.83,264.48
RIGHT_EYE_OUTER,75,431.04,263.49
RIGHT_EYE_OUTER,76,424.00,259.82
RIGHT_EYE_OUTER,77,473.62,236.96
RIGHT_EYE_OUTER,78,528.44,238.09
RIGHT_EYE_OUTER,79,521.42,244.08
RIGHT_EYE_OUTER,80,581.45,254.26
RIGHT_EYE_OUTER,81,620.50,272.12
RIGHT_EYE_OUTER,82,620.59,272.61
RIGHT_EYE_OUTER,83,613.69,270.23
RIGHT_EYE_OUTER,84,587.86,270.73
RIGHT_EYE_OUTER,85,588.69,268.67
RIGHT_EYE_OUTER,86,522.21,235.81
RIGHT_EYE_OUTER,87,465.17,257.13
RIGHT_EYE_OUTER,88,464.65,256.43
RIGHT_EYE_OUTER,89,369.35,297.29
RIGHT_EYE_OUTER,90,375.64,283.75
RIGHT_EYE_OUTER,91,374.97,284.69
RIGHT_EYE_OUTER,92,398.77,271.84
RIGHT_EYE_OUTER,93,399.04,271.51
RIGHT_EYE_OUTER,94,513.02,288.53
RIGHT_EYE_OUTER,95,512.75,288.47
RIGHT_EYE_OUTER,96,547.40,299.55
RIGHT_EYE_OUTER,97,567.15,286.27
RIGHT_EYE_OUTER,98,576.96,277.70
RIGHT_EYE_OUTER,99,576.81,278.40
RIGHT_EYE_OUTER,100,491.23,244.73
RIGHT_EYE_OUTER,101,490.30,244.91
RIGHT_EYE_OUTER,102,440.53,237.12
RIGHT_EYE_OUTER,103,368.12,278.62
RIGHT_EYE_OUTER,104,331.25,289.93
RIGHT_EYE_OUTER,105,314.29,301.47
RIGHT_EYE_OUTER,106,314.62,303.14
RIGHT_EYE_OUTER,107,325.98,284.99
RIGHT_EYE_OUTER,108,337.64,266.31
RIGHT_EYE_OUTER,109,437.36,317.75
RIGHT_EYE_OUTER,110,438.36,310.57
RIGHT_EYE_OUTER,111,472.12,303.21
RIGHT_EYE_OUTER,112,497.94,290.55
RIGHT_EYE_OUTER,113,498.44,290.80
RIGHT_EYE_OUTER,114,488.16,298.49
RIGHT_EYE_OUTER,115,450.10,271.28
RIGHT_EYE_OUTER,116,378.41,245.48
RIGHT_EYE_OUTER,117,377.24,246.05
RIGHT_EYE_OUTER,118,272.41,289.78
RIGHT_EYE_OUTER,119,268.86,290.31
RIGHT_EYE_OUTER,120,239.44,298.92
RIGHT_EYE_OUTER,121,239.12,298.96
RIGHT_EYE_OUTER,122,263.71,297.56
RIGHT_EYE_OUTER,123,263.64,297.47
RIGHT_EYE_OUTER,124,291.17,301.45
RIGHT_EYE_OUTER,125,341.17,308.41
RIGHT_EYE_OUTER,126,448.82,348.24
RIGHT_EYE_OUTER,127,446.27,349.59
RIGHT_EYE_OUTER,128,488.62,339.49
RIGHT_EYE_OUTER,129,488.52,339.22
RIGHT_EYE_OUTER,130,491.40,334.40
RIGHT_EYE_OUTER,131,449.82,346.94
RIGHT_EYE_OUTER,132,445.67,345.45
RIGHT_EYE_OUTER,133,335.20,376.52
RIGHT_EYE_OUTER,134,276.25,347.83
RIGHT_EYE_OUTER,135,273.16,351.79
RIGHT_EYE_OUTER,136,202.30,345.88
RIGHT_EYE_OUTER,137,202.29,345.80
RIGHT_EYE_OUTER,138,227.53,346.08
RIGHT_EYE_OUTER,139,252.32,343.58
RIGHT_EYE_OUTER,140,327.42,338.90
RIGHT_EYE_OUTER,141,484.30,366.45
RIGHT_EYE_OUTER,142,482.03,363.86
RIGHT_EYE_OUTER,143,482.72,362.11
RIGHT_EYE_OUTER,144,518.40,343.85
RIGHT_EYE_OUTER,145,516.15,348.62
RIGHT_EYE_OUTER,146,516.34,348.39
RIGHT_EYE_OUTER,147,500.14,349.69
RIGHT_EYE_OUTER,148,381.11,354.30
RIGHT_EYE_OUTER,149,389.88,365.25
RIGHT_EYE_OUTER,150,330.31,353.85
RIGHT_EYE_OUTER,151,283.82,350.84
RIGHT_EYE_OUTER,152,269.04,342.44
RIGHT_EYE_OUTER,153,280.11,343.40
RIGHT_EYE_OUTER,154,312.68,337.27
RIGHT_EYE_OUTER,155,385.23,332.90
RIGHT_EYE_OUTER,156,367.09,345.53
RIGHT_EYE_OUTER,157,453.85,338.36
RIGHT_EYE_OUTER,158,573.77,338.45
RIGHT_EYE_OUTER,159,574.76,339.14
RIGHT_EYE_OUTER,160,588.32,326.75
RIGHT_EYE_OUTER,161,588.61,326.56
RIGHT_EYE_OUTER,162,550.37,336.56
RIGHT_EYE_OUTER,163,549.07,337.30
RIGHT_EYE_OUTER,164,454.57,304.13
RIGHT_EYE_OUTER,165,449.23,313.54
RIGHT_EYE_OUTER,166,406.55,308.87
RIGHT_EYE_OUTER,167,311.08,337.82
RIGHT_EYE_OUTER,168,287.28,334.90
RIGHT_EYE_OUTER,169,287.91,334.51
RIGHT_EYE_OUTER,170,312.30,340.86
RIGHT_EYE_OUTER,171,312.25,341.07
RIGHT_EYE_OUTER,172,401.97,331.84
RIGHT_EYE_OUTER,173,459.40,402.85
RIGHT_EYE_OUTER,174,460.97,376.14
RIGHT_EYE_OUTER,175,543.94,352.89
RIGHT_EYE_OUTER,176,545.45,352.41
RIGHT_EYE_OUTER,177,586.16,314.16
RIGHT_EYE_OUTER,178,567.99,311.77
RIGHT_EYE_OUTER,179,569.41,310.92
RIGHT_EYE_OUTER,180,483.36,267.74
RIGHT_EYE_OUTER,181,484.10,268.30
RIGHT_EYE_OUTER,182,319.29,293.75
RIGHT_EYE_OUTER,183,319.14,293.95
RIGHT_EYE_OUTER,184,318.11,293.44
RIGHT_EYE_OUTER,185,289.58,284.66
RIGHT_EYE_OUTER,186,292.97,284.33
RIGHT_EYE_OUTER,187,331.32,286.08
RIGHT_EYE_OUTER,188,330.62,286.02
RIGHT_EYE_OUTER,189,418.20,323.46
RIGHT_EYE_OUTER,190,402.48,322.63
RIGHT_EYE_OUTER,191,497.66,266.14
RIGHT_EYE_OUTER,192,529.06,249.62
RIGHT_EYE_OUTER,193,529.75,249.69
RIGHT_EYE_OUTER,194,508.88,258.36
RIGHT_EYE_OUTER,195,460.07,260.50
RIGHT_EYE_OUTER,196,472.43,247.20
RIGHT_EYE_OUTER,197,339.69,285.18
RIGHT_EYE_OUTER,198,338.33,280.89
RIGHT_EYE_OUTER,199,289.26,263.22
RIGHT_EYE_OUTER,200,273.82,278.22
RIGHT_EYE_OUTER,201,273.55,277.44
RIGHT_EYE_OUTER,202,272.31,276.56
RIGHT_EYE_OUTER,203,302.11,277.56
RIGHT_EYE_OUTER,204,325.71,277.15
RIGHT_EYE_OUTER,205,428.61,271.16
RIGHT_EYE_OUTER,206,426.81,269.24
RIGHT_EYE_OUTER,207,457.52,264.47
RIGHT_EYE_OUTER,208,457.74,264.36
RIGHT_EYE_OUTER,209,469.21,249.56
RIGHT_EYE_OUTER,210,469.89,250.12
RIGHT_EYE_OUTER,211,437.29,241.25
RIGHT_EYE_OUTER,212,434.67,239.96
RIGHT_EYE_OUTER,213,387.79,222.38
RIGHT_EYE_OUTER,214,388.19,229.26
RIGHT_EYE_OUTER,215,348.76,239.80
RIGHT_EYE_OUTER,216,294.56,219.60
RIGHT_EYE_OUTER,217,293.75,219.45
RIGHT_EYE_OUTER,218,293.70,221.07
RIGHT_EYE_OUTER,219,294.78,230.56
RIGHT_EYE_OUTER,220,296.14,230.01
RIGHT_EYE_OUTER,221,369.77,239.88
RIGHT_EYE_OUTER,224,400.04,238.50
RIGHT_EYE_OUTER,225,399.70,237.79
RIGHT_EYE_OUTER,228,326.86,235.49
RIGHT_EYE_OUTER,229,298.35,267.70
RIGHT_EYE_OUTER,230,296.36,264.71
RIGHT_EYE_OUTER,231,280.76,256.14
RIGHT_EYE_OUTER,232,280.78,256.02
RIGHT_EYE_OUTER,238,383.70,245.64
RIGHT_EYE_OUTER,239,382.90,247.88
RIGHT_EYE_OUTER,240,335.63,221.07
RIGHT_EYE_OUTER,242,250.77,265.71
RIGHT_EYE_OUTER,243,252.22,263.72
RIGHT_EYE_OUTER,244,250.02,265.51
RIGHT_EYE_OUTER,245,268.07,252.76
RIGHT_EYE_OUTER,250,391.14,247.68
RIGHT_EYE_OUTER,251,384.53,241.91
RIGHT_EYE_OUTER,252,401.75,264.61
RIGHT_EYE_OUTER,253,284.44,261.40
RIGHT_EYE_OUTER,254,284.44,261.26
RIGHT_EYE_OUTER,255,258.91,275.62
RIGHT_EYE_OUTER,256,258.81,275.14
RIGHT_EYE_OUTER,257,280.19,263.12
RIGHT_EYE_OUTER,258,401.10,260.53
RIGHT_EYE_OUTER,259,398.63,259.53
RIGHT_EYE_OUTER,260,427.84,267.28
RIGHT_EYE_OUTER,261,428.13,267.42
RIGHT_EYE_OUTER,263,419.45,196.82
RIGHT_EYE_OUTER,265,405.56,189.92
RIGHT_EYE_OUTER,266,398.61,199.03
RIGHT_EYE_OUTER,267,397.71,198.29
RIGHT_EYE_OUTER,268,365.10,209.20
RIGHT_EYE_OUTER,269,376.88,197.87
RIGHT_EYE_OUTER,270,396.81,198.79
RIGHT_EYE_OUTER,271,416.66,200.67
RIGHT_EYE_OUTER,272,417.95,201.92
RIGHT_EYE_OUTER,273,418.01,201.48
RIGHT_EYE_OUTER,274,377.14,201.36
RIGHT_EYE_OUTER,275,379.20,203.25
RIGHT_EYE_OUTER,276,376.96,200.84
RIGHT_EYE_OUTER,277,352.43,191.32
RIGHT_EYE_OUTER,278,351.83,192.49
RIGHT_EYE_OUTER,279,369.03,197.18
RIGHT_EYE_OUTER,280,370.40,196.85
RIGHT_EYE_OUTER,281,414.72,211.15
RIGHT_EYE_OUTER,282,461.55,209.40
RIGHT_EYE_OUTER,283,460.76,208.76
RIGHT_EYE_OUTER,284,486.79,212.23
RIGHT_EYE_OUTER,285,484.57,210.32
RIGHT_EYE_OUTER,286,516.02,209.15
RIGHT_EYE_OUTER,287,568.17,236.03
RIGHT_EYE_OUTER,288,569.23,235.55
RIGHT_EYE_OUTER,289,543.04,239.07
RIGHT_EYE_OUTER,293,441.27,217.58
RIGHT_EYE_OUTER,294,398.32,204.96
RIGHT_EYE_OUTER,295,397.31,205.17
RIGHT_EYE_OUTER,296,398.72,204.68
RIGHT_EYE_OUTER,297,433.13,188.57
RIGHT_EYE_OUTER,298,447.81,210.27
RIGHT_EYE_OUTER,299,446.59,211.27
RIGHT_EYE_OUTER,300,495.63,206.32
RIGHT_EYE_OUTER,301,498.01,207.10
RIGHT_EYE_OUTER,302,563.65,206.66
RIGHT_EYE_OUTER,303,561.86,205.25
RIGHT_EYE_OUTER,304,567.33,226.60
RIGHT_EYE_OUTER,305,557.88,232.08
RIGHT_EYE_OUTER,306,542.24,239.60
RIGHT_EYE_OUTER,307,538.33,240.20
RIGHT_EYE_OUTER,308,539.41,237.45
RIGHT_EYE_OUTER,309,487.75,233.17
RIGHT_EYE_OUTER,310,461.11,221.82
RIGHT_EYE_OUTER,311,460.49,220.60
RIGHT_EYE_OUTER,312,434.43,221.15
RIGHT_EYE_OUTER,313,423.18,217.05
RIGHT_EYE_OUTER,314,484.16,209.00
RIGHT_EYE_OUTER,315,488.81,207.46
RIGHT_EYE_OUTER,316,491.93,203.56
RIGHT_EYE_OUTER,317,520.49,221.79
RIGHT_EYE_OUTER,318,519.33,222.50
RIGHT_EYE_OUTER,319,546.32,209.13
RIGHT_EYE_OUTER,320,544.55,208.81
RIGHT_EYE_OUTER,321,595.97,221.43
RIGHT_EYE_OUTER,322,594.44,220.92
RIGHT_EYE_OUTER,323,611.52,234.96
RIGHT_EYE_OUTER,324,588.75,234.61
RIGHT_EYE_OUTER,325,546.59,232.62
RIGHT_EYE_OUTER,326,522.85,233.02
RIGHT_EYE_OUTER,328,485.88,226.26
RIGHT_EYE_OUTER,329,464.15,227.62
RIGHT_EYE_OUTER,330,404.21,217.84
RIGHT_EYE_OUTER,331,404.92,216.57
RIGHT_EYE_OUTER,332,403.15,209.58
RIGHT_EYE_OUTER,333,403.78,209.31
RIGHT_EYE_OUTER,334,403.97,208.85
RIGHT_EYE_OUTER,335,415.59,207.75
RIGHT_EYE_OUTER,336,462.02,212.57
RIGHT_EYE_OUTER,337,462.20,212.00
RIGHT_EYE_OUTER,338,484.04,211.01
RIGHT_EYE_OUTER,339,501.93,206.14
RIGHT_EYE_OUTER,340,501.88,206.76
RIGHT_EYE_OUTER,341,521.63,204.21
RIGHT_EYE_OUTER,342,532.95,199.11
RIGHT_EYE_OUTER,343,544.07,195.81
RIGHT_EYE_OUTER,344,547.58,189.68
RIGHT_EYE_OUTER,345,547.43,189.95
RIGHT_EYE_OUTER,346,547.10,189.29
RIGHT_EYE_OUTER,347,549.20,186.11
RIGHT_EYE_OUTER,348,550.17,178.50
RIGHT_EYE_OUTER,349,547.72,179.91
RIGHT_EYE_OUTER,350,546.36,181.88
RIGHT_EYE_OUTER,351,546.30,181.84
RIGHT_EYE_OUTER,352,532.52,185.67
RIGHT_EYE_OUTER,353,511.45,198.35
RIGHT_EYE_OUTER,354,471.76,196.48
RIGHT_EYE_OUTER,355,471.77,197.77
RIGHT_EYE_OUTER,356,450.07,200.29
RIGHT_EYE_OUTER,357,437.07,220.45
RIGHT_EYE_OUTER,358,438.09,219.71
RIGHT_EYE_OUTER,359,427.50,216.06
RIGHT_EYE_OUTER,360,391.85,226.90
RIGHT_EYE_OUTER,361,391.65,226.91
RIGHT_EYE_OUTER,362,391.00,226.66
RIGHT_EYE_OUTER,363,390.81,226.88
RIGHT_EYE_OUTER,364,390.19,224.55
RIGHT_EYE_OUTER,365,409.46,236.68
RIGHT_EYE_OUTER,366,447.80,218.98
RIGHT_EYE_OUTER,367,447.08,219.27
RIGHT_EYE_OUTER,368,450.66,212.27
RIGHT_EYE_OUTER,369,456.73,210.09
RIGHT_EYE_OUTER,370,456.93,209.83
RIGHT_EYE_OUTER,371,460.93,190.94
RIGHT_EYE_OUTER,372,460.68,190.63
RIGHT_EYE_OUTER,373,460.86,183.24
RIGHT_EYE_OUTER,374,455.03,184.68
RIGHT_EYE_OUTER,375,448.92,180.83
RIGHT_EYE_OUTER,376,447.62,180.91
RIGHT_EYE_OUTER,377,442.68,178.03
RIGHT_EYE_OUTER,378,435.34,172.89
RIGHT_EYE_OUTER,379,435.25,173.54
RIGHT_EYE_OUTER,380,437.76,174.15
RIGHT_EYE_OUTER,381,428.97,171.00
RIGHT_EYE_OUTER,382,415.27,172.46
RIGHT_EYE_OUTER,383,415.11,173.55
RIGHT_EYE_OUTER,384,405.95,171.75
RIGHT_EYE_OUTER,385,397.68,171.22
RIGHT_EYE_OUTER,386,393.21,171.45
RIGHT_EYE_OUTER,387,385.18,170.60
RIGHT_EYE_OUTER,388,378.93,170.40
RIGHT_EYE_OUTER,389,379.63,170.03
RIGHT_EYE_OUTER,390,379.37,169.64
RIGHT_EYE_OUTER,391,376.05,170.76
RIGHT_EYE_OUTER,392,373.38,176.60
RIGHT_EYE_OUTER,393,374.14,185.99
RIGHT_EYE_OUTER,394,373.58,203.56
RIGHT_EYE_OUTER,395,374.33,203.31
RIGHT_EYE_OUTER,396,378.26,225.31
RIGHT_EYE_OUTER,397,378.04,249.65
RIGHT_EYE_OUTER,398,384.32,273.08
RIGHT_EYE_OUTER,399,383.96,273.01
RIGHT_EYE_OUTER,400,390.38,297.30
RIGHT_EYE_OUTER,401,404.54,363.34
RIGHT_EYE_OUTER,402,414.49,400.92
RIGHT_EYE_OUTER,403,413.90,401.19
RIGHT_EYE_OUTER,404,408.77,490.82
RIGHT_EYE_OUTER,405,409.97,491.35
RIGHT_EYE_OUTER,406,403.23,520.39
RIGHT_EYE_OUTER,407,401.20,535.03
RIGHT_EYE_OUTER,408,400.73,534.71
RIGHT_EYE_OUTER,409,398.49,542.78
RIGHT_EYE_OUTER,410,402.17,547.54
RIGHT_EYE_OUTER,411,401.85,548.83
RIGHT_EYE_OUTER,412,403.18,547.82
RIGHT_EYE_OUTER,413,404.31,546.33
RIGHT_EYE_OUTER,414,412.17,533.92
RIGHT_EYE_OUTER,415,411.51,533.00
RIGHT_EYE_OUTER,416,416.65,527.32
RIGHT_EYE_OUTER,417,419.03,519.41
RIGHT_EYE_OUTER,418,417.40,503.84
RIGHT_EYE_OUTER,419,418.67,503.67
RIGHT_EYE_OUTER,420,418.87,492.37
RIGHT_EYE_OUTER,421,416.58,478.62
RIGHT_EYE_OUTER,422,412.35,462.22
RIGHT_EYE_OUTER,423,414.51,445.09
RIGHT_EYE_OUTER,424,413.64,425.33
RIGHT_EYE_OUTER,425,416.76,407.29
RIGHT_EYE_OUTER,426,424.08,381.43
RIGHT_EYE_OUTER,427,421.78,357.90
RIGHT_EYE_OUTER,428,421.98,357.96
RIGHT_EYE_OUTER,429,421.97,335.23
RIGHT_EYE_OUTER,430,424.95,323.65
RIGHT_EYE_OUTER,431,424.42,322.96
RIGHT_EYE_OUTER,432,423.05,282.10
LEFT_EAR,0,428.41,232.20
LEFT_EAR,1,395.79,278.00
LEFT_EAR,2,395.58,278.60
LEFT_EAR,3,378.51,301.24
LEFT_EAR,4,378.30,301.03
LEFT_EAR,5,362.37,323.99
LEFT_EAR,6,352.24,359.80
LEFT_EAR,7,352.07,359.76
LEFT_EAR,8,352.74,370.40
LEFT_EAR,9,368.13,376.31
LEFT_EAR,10,391.39,385.16
LEFT_EAR,11,391.47,384.95
LEFT_EAR,12,471.22,394.55
LEFT_EAR,13,470.84,393.67
LEFT_EAR,14,519.68,403.44
LEFT_EAR,15,560.49,401.73
LEFT_EAR,16,612.41,398.73
LEFT_EAR,17,612.47,398.49
LEFT_EAR,18,649.19,397.76
LEFT_EAR,19,667.72,394.86
LEFT_EAR,20,697.26,394.69
LEFT_EAR,21,706.81,407.14
LEFT_EAR,22,706.37,407.22
LEFT_EAR,23,694.67,414.18
LEFT_EAR,24,661.79,429.41
LEFT_EAR,25,611.45,427.31
LEFT_EAR,27,551.44,364.50
LEFT_EAR,29,431.87,462.10
LEFT_EAR,30,366.14,515.95
LEFT_EAR,31,366.22,515.76
LEFT_EAR,32,345.72,527.81
LEFT_EAR,33,332.61,526.18
LEFT_EAR,34,340.41,517.89
LEFT_EAR,35,342.81,517.91
LEFT_EAR,36,360.92,508.77
LEFT_EAR,37,401.26,493.01
LEFT_EAR,38,445.60,467.77
LEFT_EAR,39,446.78,468.64
LEFT_EAR,40,508.27,436.67
LEFT_EAR,41,573.98,417.78
LEFT_EAR,42,672.69,358.18
LEFT_EAR,43,672.34,358.19
LEFT_EAR,44,698.63,326.56
LEFT_EAR,45,700.13,307.38
LEFT_EAR,46,700.34,307.18
LEFT_EAR,47,658.87,272.75
LEFT_EAR,48,626.10,263.08
LEFT_EAR,49,625.88,263.05
LEFT_EAR,50,584.95,260.50
LEFT_EAR,51,554.22,261.72
LEFT_EAR,52,521.20,263.53
LEFT_EAR,53,521.28,262.66
LEFT_EAR,54,487.54,267.36
LEFT_EAR,55,424.68,246.18
LEFT_EAR,56,424.91,245.05
LEFT_EAR,57,429.80,239.63
LEFT_EAR,58,418.09,241.84
LEFT_EAR,59,417.83,241.79
LEFT_EAR,60,424.05,229.18
LEFT_EAR,61,439.89,225.15
LEFT_EAR,62,470.29,218.85
LEFT_EAR,63,507.24,225.35
LEFT_EAR,64,537.92,229.48
LEFT_EAR,65,536.81,225.51
LEFT_EAR,66,577.24,238.91
LEFT_EAR,67,593.26,241.92
LEFT_EAR,68,605.51,227.38
LEFT_EAR,69,607.18,224.97
LEFT_EAR,70,582.82,212.45
LEFT_EAR,71,583.77,212.37
LEFT_EAR,72,534.30,216.86
LEFT_EAR,73,500.41,238.33
LEFT_EAR,74,449.75,230.48
LEFT_EAR,75,449.96,230.00
LEFT_EAR,76,430.57,235.27
LEFT_EAR,77,468.94,236.49
LEFT_EAR,78,510.83,246.71
LEFT_EAR,79,504.35,254.35
LEFT_EAR,80,555.03,234.42
LEFT_EAR,81,599.57,244.30
LEFT_EAR,82,599.65,244.71
LEFT_EAR,83,592.30,241.89
LEFT_EAR,84,569.32,248.84
LEFT_EAR,85,569.57,246.53
LEFT_EAR,86,524.69,239.24
LEFT_EAR,87,481.07,254.73
LEFT_EAR,88,481.32,253.50
LEFT_EAR,89,383.66,264.19
LEFT_EAR,90,385.33,270.72
LEFT_EAR,91,384.72,271.56
LEFT_EAR,92,403.04,285.07
LEFT_EAR,93,403.05,285.46
LEFT_EAR,94,487.15,278.14
LEFT_EAR,95,487.39,277.44
LEFT_EAR,96,519.72,278.39
LEFT_EAR,97,545.69,258.47
LEFT_EAR,98,550.93,252.92
LEFT_EAR,99,550.26,253.89
LEFT_EAR,100,487.67,254.14
LEFT_EAR,101,487.44,254.29
LEFT_EAR,102,450.86,236.23
LEFT_EAR,103,383.62,262.51
LEFT_EAR,104,347.60,263.13
LEFT_EAR,105,324.67,266.52
LEFT_EAR,106,324.63,266.83
LEFT_EAR,107,333.59,276.50
LEFT_EAR,108,344.35,278.59
LEFT_EAR,109,412.43,294.59
LEFT_EAR,110,409.47,293.74
LEFT_EAR,111,450.01,266.88
LEFT_EAR,112,472.98,257.76
LEFT_EAR,113,472.92,258.12
LEFT_EAR,114,462.95,268.66
LEFT_EAR,115,441.52,265.68
LEFT_EAR,116,391.35,251.92
LEFT_EAR,117,390.03,254.30
LEFT_EAR,118,293.06,272.33
LEFT_EAR,119,290.18,273.73
LEFT_EAR,120,248.79,291.03
LEFT_EAR,121,248.54,291.15
LEFT_EAR,122,267.99,303.59
LEFT_EAR,123,267.97,303.58
LEFT_EAR,124,295.67,308.58
LEFT_EAR,125,331.56,312.94
LEFT_EAR,126,417.67,330.25
LEFT_EAR,127,415.23,332.25
LEFT_EAR,128,462.88,345.16
LEFT_EAR,129,462.36,345.20
LEFT_EAR,130,472.36,345.71
LEFT_EAR,131,436.41,349.42
LEFT_EAR,132,436.48,348.42
LEFT_EAR,133,356.54,355.01
LEFT_EAR,134,273.51,353.85
LEFT_EAR,135,272.42,357.49
LEFT_EAR,136,216.51,351.96
LEFT_EAR,137,216.48,352.03
LEFT_EAR,138,236.12,351.48
LEFT_EAR,139,265.89,353.30
LEFT_EAR,140,323.83,354.43
LEFT_EAR,141,453.13,351.21
LEFT_EAR,142,452.83,350.41
LEFT_EAR,143,449.58,350.91
LEFT_EAR,144,498.16,351.10
LEFT_EAR,145,496.81,352.03
LEFT_EAR,146,497.44,351.35
LEFT_EAR,147,481.11,352.95
LEFT_EAR,148,408.52,340.72
LEFT_EAR,149,415.74,349.50
LEFT_EAR,150,346.48,337.36
LEFT_EAR,151,296.47,342.31
LEFT_EAR,152,282.67,348.48
LEFT_EAR,153,290.66,350.23
LEFT_EAR,154,321.88,343.97
LEFT_EAR,155,383.36,343.48
LEFT_EAR,156,377.09,350.20
LEFT_EAR,157,411.68,344.11
LEFT_EAR,158,547.87,341.73
LEFT_EAR,159,548.22,341.38
LEFT_EAR,160,568.52,337.08
LEFT_EAR,161,568.53,336.87
LEFT_EAR,162,536.33,336.65
LEFT_EAR,163,535.77,337.61
LEFT_EAR,164,475.06,307.74
LEFT_EAR,165,462.06,314.93
LEFT_EAR,166,412.32,302.44
LEFT_EAR,167,323.05,341.61
LEFT_EAR,168,302.71,337.46
LEFT_EAR,169,303.28,337.63
LEFT_EAR,170,319.86,346.11
LEFT_EAR,171,319.50,345.94
LEFT_EAR,172,391.71,331.94
LEFT_EAR,173,413.00,392.75
LEFT_EAR,174,420.73,355.92
LEFT_EAR,175,512.40,340.33
LEFT_EAR,176,513.58,341.14
LEFT_EAR,177,568.38,323.19
LEFT_EAR,178,556.30,325.52
LEFT_EAR,179,556.99,325.45
LEFT_EAR,180,488.05,268.11
LEFT_EAR,181,488.87,268.08
LEFT_EAR,182,336.15,294.39
LEFT_EAR,183,336.45,293.56
LEFT_EAR,184,336.57,292.11
LEFT_EAR,185,304.81,290.73
LEFT_EAR,186,302.29,290.60
LEFT_EAR,187,329.86,289.55
LEFT_EAR,188,329.03,290.25
LEFT_EAR,189,424.57,292.94
LEFT_EAR,190,426.25,296.78
LEFT_EAR,191,470.82,264.67
LEFT_EAR,192,515.62,258.44
LEFT_EAR,193,515.66,258.35
LEFT_EAR,194,497.97,260.24
LEFT_EAR,195,459.28,269.26
LEFT_EAR,196,466.09,263.53
LEFT_EAR,197,357.24,255.52
LEFT_EAR,198,357.32,254.39
LEFT_EAR,199,307.92,255.96
LEFT_EAR,200,285.71,276.34
LEFT_EAR,201,285.55,275.14
LEFT_EAR,202,286.04,275.57
LEFT_EAR,203,303.36,277.03
LEFT_EAR,204,328.51,280.27
LEFT_EAR,205,394.72,269.51
LEFT_EAR,206,392.60,267.95
LEFT_EAR,207,423.21,265.89
LEFT_EAR,208,424.56,266.59
LEFT_EAR,209,448.28,263.26
LEFT_EAR,210,448.96,263.13
LEFT_EAR,211,427.31,259.36
LEFT_EAR,212,424.77,259.31
LEFT_EAR,213,397.08,231.93
LEFT_EAR,214,394.31,236.69
LEFT_EAR,215,379.10,229.60
LEFT_EAR,216,301.94,233.79
LEFT_EAR,217,301.29,233.50
LEFT_EAR,218,300.66,234.13
LEFT_EAR,219,299.60,244.91
LEFT_EAR,220,300.65,244.28
LEFT_EAR,221,338.29,249.19
LEFT_EAR,224,374.34,258.18
LEFT_EAR,225,373.76,258.16
LEFT_EAR,228,356.89,246.83
LEFT_EAR,229,332.48,269.26
LEFT_EAR,230,329.72,266.73
LEFT_EAR,231,288.54,271.30
LEFT_EAR,232,288.94,271.06
LEFT_EAR,238,381.03,268.85
LEFT_EAR,239,383.06,269.72
LEFT_EAR,240,362.54,227.41
LEFT_EAR,242,265.19,278.05
LEFT_EAR,243,266.46,276.42
LEFT_EAR,244,264.13,278.04
LEFT_EAR,245,267.08,267.30
LEFT_EAR,250,379.99,268.18
LEFT_EAR,251,373.60,265.82
LEFT_EAR,252,399.17,283.84
LEFT_EAR,253,295.72,268.34
LEFT_EAR,254,296.62,267.05
LEFT_EAR,255,264.55,282.54
LEFT_EAR,256,264.36,282.13
LEFT_EAR,257,290.43,274.09
LEFT_EAR,258,361.47,263.20
LEFT_EAR,259,358.33,267.83
LEFT_EAR,260,386.22,270.51
LEFT_EAR,261,385.92,269.94
LEFT_EAR,263,433.69,223.22
LEFT_EAR,265,436.19,210.29
LEFT_EAR,266,430.97,215.08
LEFT_EAR,267,428.80,214.09
LEFT_EAR,268,384.65,213.23
LEFT_EAR,269,379.87,212.52
LEFT_EAR,270,403.19,217.03
LEFT_EAR,271,405.20,222.84
LEFT_EAR,272,405.87,223.79
LEFT_EAR,273,404.85,224.13
LEFT_EAR,274,353.26,221.98
LEFT_EAR,275,354.85,223.82
LEFT_EAR,276,342.00,216.87
LEFT_EAR,277,357.02,218.31
LEFT_EAR,278,355.43,220.01
LEFT_EAR,279,374.74,214.11
LEFT_EAR,280,374.79,214.07
LEFT_EAR,281,452.12,233.62
LEFT_EAR,282,496.04,226.88
LEFT_EAR,283,496.69,227.18
LEFT_EAR,284,513.92,225.23
LEFT_EAR,285,513.66,224.73
LEFT_EAR,286,536.68,216.03
LEFT_EAR,287,555.01,247.17
LEFT_EAR,288,555.66,246.67
LEFT_EAR,289,528.59,251.90
LEFT_EAR,293,410.64,234.60
LEFT_EAR,294,406.40,236.92
LEFT_EAR,295,405.66,236.40
LEFT_EAR,296,406.60,235.76
LEFT_EAR,297,457.96,203.57
LEFT_EAR,298,477.42,232.57
LEFT_EAR,299,476.74,231.64
LEFT_EAR,300,521.66,211.05
LEFT_EAR,301,526.47,211.16
LEFT_EAR,302,544.88,214.49
LEFT_EAR,303,537.44,207.92
LEFT_EAR,304,558.63,242.12
LEFT_EAR,305,552.09,252.72
LEFT_EAR,306,508.70,260.93
LEFT_EAR,307,504.98,261.79
LEFT_EAR,308,505.66,259.62
LEFT_EAR,309,456.88,254.00
LEFT_EAR,310,435.89,239.57
LEFT_EAR,311,435.09,238.70
LEFT_EAR,312,431.27,240.31
LEFT_EAR,313,431.05,239.44
LEFT_EAR,314,515.89,230.65
LEFT_EAR,315,517.45,224.95
LEFT_EAR,316,518.72,225.56
LEFT_EAR,317,558.39,235.43
LEFT_EAR,318,557.70,236.30
LEFT_EAR,319,574.61,222.62
LEFT_EAR,320,580.89,221.71
LEFT_EAR,321,588.90,237.04
LEFT_EAR,322,587.86,236.33
LEFT_EAR,323,600.78,246.24
LEFT_EAR,324,577.48,246.39
LEFT_EAR,325,512.20,252.57
LEFT_EAR,326,503.98,243.35
LEFT_EAR,328,456.03,248.72
LEFT_EAR,329,435.23,241.92
LEFT_EAR,330,411.50,239.35
LEFT_EAR,331,411.42,237.87
LEFT_EAR,332,432.98,236.47
LEFT_EAR,333,432.63,236.14
LEFT_EAR,334,432.00,235.38
LEFT_EAR,335,457.13,235.34
LEFT_EAR,336,498.26,223.62
LEFT_EAR,337,498.58,223.73
LEFT_EAR,338,515.53,219.19
LEFT_EAR,339,529.60,208.99
LEFT_EAR,340,529.18,208.59
LEFT_EAR,341,542.92,205.28
LEFT_EAR,342,548.19,203.36
LEFT_EAR,343,553.68,198.72
LEFT_EAR,344,554.32,190.07
LEFT_EAR,345,554.54,189.98
LEFT_EAR,346,555.06,189.62
LEFT_EAR,347,551.33,188.71
LEFT_EAR,348,545.59,183.54
LEFT_EAR,349,538.10,186.81
LEFT_EAR,350,525.59,190.09
LEFT_EAR,351,525.58,190.03
LEFT_EAR,352,509.81,192.09
LEFT_EAR,353,479.25,203.94
LEFT_EAR,354,440.98,208.34
LEFT_EAR,355,441.33,209.53
LEFT_EAR,356,425.11,212.24
LEFT_EAR,357,412.99,231.67
LEFT_EAR,358,412.81,232.07
LEFT_EAR,359,404.74,232.03
LEFT_EAR,360,387.68,239.91
LEFT_EAR,361,387.45,239.95
LEFT_EAR,362,388.68,238.84
LEFT_EAR,363,426.83,233.82
LEFT_EAR,364,425.25,232.02
LEFT_EAR,365,457.23,235.43
LEFT_EAR,366,483.64,219.13
LEFT_EAR,367,483.88,219.15
LEFT_EAR,368,492.07,214.15
LEFT_EAR,369,496.77,207.79
LEFT_EAR,370,496.32,207.73
LEFT_EAR,371,494.86,194.97
LEFT_EAR,372,494.88,194.86
LEFT_EAR,373,491.46,189.82
LEFT_EAR,374,491.61,190.26
LEFT_EAR,375,484.14,184.76
LEFT_EAR,376,484.35,184.90
LEFT_EAR,377,477.33,178.97
LEFT_EAR,378,471.49,173.47
LEFT_EAR,379,470.98,173.81
LEFT_EAR,380,462.27,175.74
LEFT_EAR,381,456.07,172.94
LEFT_EAR,382,447.10,174.92
LEFT_EAR,383,447.06,175.44
LEFT_EAR,384,437.99,174.24
LEFT_EAR,385,430.96,175.81
LEFT_EAR,386,420.83,173.21
LEFT_EAR,387,411.50,174.04
LEFT_EAR,388,408.32,172.75
LEFT_EAR,389,408.46,172.69
LEFT_EAR,390,403.72,173.84
LEFT_EAR,391,399.90,174.06
LEFT_EAR,392,399.95,179.15
LEFT_EAR,393,398.86,186.72
LEFT_EAR,394,393.20,203.36
LEFT_EAR,395,393.43,203.11
LEFT_EAR,396,396.50,222.82
LEFT_EAR,397,393.05,249.10
LEFT_EAR,398,393.60,276.54
LEFT_EAR,399,394.38,276.68
LEFT_EAR,400,398.91,300.14
LEFT_EAR,401,412.38,363.10
LEFT_EAR,402,417.61,396.95
LEFT_EAR,403,417.98,397.45
LEFT_EAR,404,421.92,476.02
LEFT_EAR,405,422.09,476.17
LEFT_EAR,406,414.93,503.81
LEFT_EAR,407,410.56,516.40
LEFT_EAR,408,411.34,516.35
LEFT_EAR,409,414.46,525.12
LEFT_EAR,410,416.01,528.52
LEFT_EAR,411,415.40,527.16
LEFT_EAR,412,415.24,523.38
LEFT_EAR,413,417.66,524.73
LEFT_EAR,414,426.66,515.04
LEFT_EAR,415,426.39,516.11
LEFT_EAR,416,430.68,508.49
LEFT_EAR,417,434.82,500.04
LEFT_EAR,418,429.59,488.68
LEFT_EAR,419,428.99,486.91
LEFT_EAR,420,429.06,474.11
LEFT_EAR,421,428.70,465.68
LEFT_EAR,422,428.77,447.06
LEFT_EAR,423,431.27,430.82
LEFT_EAR,424,434.16,414.06
LEFT_EAR,425,435.04,394.90
LEFT_EAR,426,438.35,372.63
LEFT_EAR,427,434.95,349.90
LEFT_EAR,428,434.88,349.97
LEFT_EAR,429,440.17,327.26
LEFT_EAR,430,444.29,313.15
LEFT_EAR,431,444.47,312.87
LEFT_EAR,432,436.34,271.18
RIGHT_EAR,0,444.58,228.62
RIGHT_EAR,1,399.61,276.13
RIGHT_EAR,2,399.85,276.53
RIGHT_EAR,3,382.93,295.29
RIGHT_EAR,4,382.67,295.08
RIGHT_EAR,5,362.38,318.58
RIGHT_EAR,6,340.71,353.98
RIGHT_EAR,7,340.81,353.72
RIGHT_EAR,8,334.75,364.32
RIGHT_EAR,9,344.58,368.23
RIGHT_EAR,10,363.25,373.60
RIGHT_EAR,11,363.22,373.67
RIGHT_EAR,12,437.52,381.31
RIGHT_EAR,13,438.80,380.31
RIGHT_EAR,14,485.81,386.35
RIGHT_EAR,15,540.06,387.22
RIGHT_EAR,16,589.53,380.90
RIGHT_EAR,17,589.84,381.06
RIGHT_EAR,18,635.85,380.33
RIGHT_EAR,19,663.93,386.78
RIGHT_EAR,20,693.68,380.89
RIGHT_EAR,21,707.44,387.22
RIGHT_EAR,22,707.07,387.24
RIGHT_EAR,23,698.14,396.06
RIGHT_EAR,24,672.81,407.86
RIGHT_EAR,25,617.24,406.50
RIGHT_EAR,27,562.74,378.24
RIGHT_EAR,29,439.62,463.76
RIGHT_EAR,30,362.87,511.66
RIGHT_EAR,31,363.09,511.39
RIGHT_EAR,32,331.62,512.15
RIGHT_EAR,33,309.11,504.18
RIGHT_EAR,34,321.80,493.32
RIGHT_EAR,35,324.08,493.66
RIGHT_EAR,36,343.51,478.17
RIGHT_EAR,37,375.24,460.97
RIGHT_EAR,38,425.25,430.85
RIGHT_EAR,39,425.68,431.73
RIGHT_EAR,40,505.61,401.28
RIGHT_EAR,41,553.48,382.72
RIGHT_EAR,42,644.64,327.09
RIGHT_EAR,43,644.61,327.02
RIGHT_EAR,44,664.53,300.97
RIGHT_EAR,45,665.89,283.10
RIGHT_EAR,46,666.05,283.16
RIGHT_EAR,47,636.87,264.37
RIGHT_EAR,48,607.86,262.75
RIGHT_EAR,49,607.85,262.88
RIGHT_EAR,50,580.71,260.23
RIGHT_EAR,51,552.35,262.24
RIGHT_EAR,52,531.67,269.46
RIGHT_EAR,53,531.76,268.43
RIGHT_EAR,54,502.02,272.69
RIGHT_EAR,55,462.57,256.81
RIGHT_EAR,56,462.85,255.75
RIGHT_EAR,57,424.70,241.42
RIGHT_EAR,58,414.72,244.99
RIGHT_EAR,59,414.31,244.92
RIGHT_EAR,60,412.65,244.27
RIGHT_EAR,61,424.41,254.81
RIGHT_EAR,62,446.86,249.04
RIGHT_EAR,63,491.79,240.66
RIGHT_EAR,64,523.33,233.79
RIGHT_EAR,65,522.88,232.37
RIGHT_EAR,66,587.68,254.09
RIGHT_EAR,67,599.49,257.26
RIGHT_EAR,68,615.80,255.32
RIGHT_EAR,69,619.54,253.74
RIGHT_EAR,70,600.41,238.92
RIGHT_EAR,71,600.33,237.48
RIGHT_EAR,72,536.11,223.71
RIGHT_EAR,73,509.15,243.92
RIGHT_EAR,74,446.51,261.02
RIGHT_EAR,75,446.88,260.72
RIGHT_EAR,76,426.94,263.87
RIGHT_EAR,77,470.12,252.18
RIGHT_EAR,78,522.87,247.17
RIGHT_EAR,79,516.94,248.83
RIGHT_EAR,80,572.62,261.28
RIGHT_EAR,81,609.25,278.27
RIGHT_EAR,82,609.14,278.86
RIGHT_EAR,83,603.91,276.85
RIGHT_EAR,84,583.35,278.14
RIGHT_EAR,85,583.53,276.60
RIGHT_EAR,86,524.47,246.54
RIGHT_EAR,87,478.22,259.68
RIGHT_EAR,88,476.45,259.73
RIGHT_EAR,89,379.90,302.25
RIGHT_EAR,90,384.82,297.57
RIGHT_EAR,91,385.00,297.80
RIGHT_EAR,92,406.61,283.83
RIGHT_EAR,93,406.79,283.87
RIGHT_EAR,94,498.00,289.84
RIGHT_EAR,95,498.30,289.59
RIGHT_EAR,96,532.10,308.13
RIGHT_EAR,97,555.90,292.88
RIGHT_EAR,98,560.92,287.53
RIGHT_EAR,99,560.58,287.84
RIGHT_EAR,100,490.07,254.48
RIGHT_EAR,101,489.25,254.19
RIGHT_EAR,102,442.19,242.66
RIGHT_EAR,103,378.26,286.26
RIGHT_EAR,104,345.13,293.46
RIGHT_EAR,105,323.55,304.20
RIGHT_EAR,106,323.93,305.44
RIGHT_EAR,107,330.64,298.97
RIGHT_EAR,108,344.41,279.77
RIGHT_EAR,109,427.62,310.02
RIGHT_EAR,110,427.45,309.43
RIGHT_EAR,111,460.52,306.54
RIGHT_EAR,112,482.43,301.07
RIGHT_EAR,113,482.64,301.11
RIGHT_EAR,114,474.23,303.17
RIGHT_EAR,115,443.85,279.44
RIGHT_EAR,116,386.78,247.78
RIGHT_EAR,117,385.51,247.62
RIGHT_EAR,118,284.69,296.46
RIGHT_EAR,119,282.53,296.32
RIGHT_EAR,120,245.25,317.97
RIGHT_EAR,121,244.92,318.05
RIGHT_EAR,122,271.05,318.61
RIGHT_EAR,123,270.96,318.51
RIGHT_EAR,124,301.44,315.90
RIGHT_EAR,125,339.80,321.77
RIGHT_EAR,126,439.01,358.41
RIGHT_EAR,127,436.13,359.81
RIGHT_EAR,128,469.13,349.21
RIGHT_EAR,129,468.86,349.76
RIGHT_EAR,130,475.48,348.99
RIGHT_EAR,131,433.17,348.92
RIGHT_EAR,132,431.62,347.51
RIGHT_EAR,133,332.45,356.87
RIGHT_EAR,134,288.26,337.71
RIGHT_EAR,135,284.17,341.42
RIGHT_EAR,136,215.25,357.69
RIGHT_EAR,137,215.28,357.65
RIGHT_EAR,138,242.91,356.27
RIGHT_EAR,139,265.94,352.27
RIGHT_EAR,140,323.60,345.76
RIGHT_EAR,141,473.20,370.69
RIGHT_EAR,142,470.97,366.66
RIGHT_EAR,143,470.21,366.29
RIGHT_EAR,144,501.46,353.56
RIGHT_EAR,145,497.70,353.78
RIGHT_EAR,146,497.72,353.27
RIGHT_EAR,147,481.26,348.40
RIGHT_EAR,148,388.49,344.74
RIGHT_EAR,149,392.08,351.18
RIGHT_EAR,150,336.99,349.97
RIGHT_EAR,151,290.33,354.18
RIGHT_EAR,152,283.53,353.32
RIGHT_EAR,153,298.05,355.98
RIGHT_EAR,154,328.13,346.84
RIGHT_EAR,155,386.54,338.03
RIGHT_EAR,156,376.27,338.08
RIGHT_EAR,157,462.44,342.83
RIGHT_EAR,158,556.80,345.15
RIGHT_EAR,159,557.94,345.39
RIGHT_EAR,160,572.03,338.76
RIGHT_EAR,161,572.02,338.53
RIGHT_EAR,162,535.95,338.13
RIGHT_EAR,163,535.10,339.03
RIGHT_EAR,164,463.96,301.57
RIGHT_EAR,165,451.21,313.04
RIGHT_EAR,166,408.53,306.60
RIGHT_EAR,167,321.00,337.69
RIGHT_EAR,168,305.16,348.71
RIGHT_EAR,169,305.71,348.22
RIGHT_EAR,170,328.04,353.96
RIGHT_EAR,171,327.80,353.63
RIGHT_EAR,172,404.35,333.43
RIGHT_EAR,173,443.89,382.80
RIGHT_EAR,174,452.69,363.41
RIGHT_EAR,175,532.64,357.61
RIGHT_EAR,176,533.63,357.43
RIGHT_EAR,177,570.01,327.32
RIGHT_EAR,178,555.69,325.67
RIGHT_EAR,179,556.55,325.52
RIGHT_EAR,180,478.57,266.27
RIGHT_EAR,181,479.32,266.26
RIGHT_EAR,182,334.08,303.10
RIGHT_EAR,183,334.03,303.07
RIGHT_EAR,184,334.00,302.45
RIGHT_EAR,185,304.09,303.98
RIGHT_EAR,186,306.91,304.61
RIGHT_EAR,187,339.37,303.06
RIGHT_EAR,188,338.81,302.90
RIGHT_EAR,189,405.56,294.87
RIGHT_EAR,190,396.29,303.58
RIGHT_EAR,191,484.78,282.13
RIGHT_EAR,192,520.33,268.55
RIGHT_EAR,193,520.69,268.59
RIGHT_EAR,194,503.23,274.07
RIGHT_EAR,195,459.03,270.06
RIGHT_EAR,196,462.20,267.38
RIGHT_EAR,197,343.99,280.71
RIGHT_EAR,198,343.93,279.82
RIGHT_EAR,199,302.02,280.00
RIGHT_EAR,200,286.24,297.34
RIGHT_EAR,201,285.64,296.59
RIGHT_EAR,202,285.10,295.77
RIGHT_EAR,203,311.12,295.69
RIGHT_EAR,204,334.60,291.44
RIGHT_EAR,205,416.29,283.44
RIGHT_EAR,206,415.03,281.77
RIGHT_EAR,207,441.72,277.66
RIGHT_EAR,208,441.87,277.59
RIGHT_EAR,209,452.30,265.40
RIGHT_EAR,210,452.89,265.75
RIGHT_EAR,211,427.22,251.13
RIGHT_EAR,212,424.61,250.61
RIGHT_EAR,213,380.80,224.69
RIGHT_EAR,214,378.43,230.89
RIGHT_EAR,215,339.04,249.53
RIGHT_EAR,216,300.91,238.64
RIGHT_EAR,217,299.81,238.43
RIGHT_EAR,218,299.02,239.72
RIGHT_EAR,219,312.54,245.01
RIGHT_EAR,220,313.76,244.29
RIGHT_EAR,221,368.46,249.63
RIGHT_EAR,224,381.90,255.32
RIGHT_EAR,225,381.47,255.04
RIGHT_EAR,228,318.71,242.31
RIGHT_EAR,229,297.58,278.32
RIGHT_EAR,230,295.36,275.37
RIGHT_EAR,231,293.16,269.53
RIGHT_EAR,232,293.01,269.27
RIGHT_EAR,238,379.69,260.86
RIGHT_EAR,239,379.56,262.61
RIGHT_EAR,240,321.16,230.21
RIGHT_EAR,242,269.73,279.05
RIGHT_EAR,243,271.79,280.02
RIGHT_EAR,244,268.76,279.07
RIGHT_EAR,245,284.96,264.94
RIGHT_EAR,250,384.06,267.16
RIGHT_EAR,251,383.05,261.90
RIGHT_EAR,252,390.31,267.44
RIGHT_EAR,253,285.20,280.47
RIGHT_EAR,254,285.09,280.07
RIGHT_EAR,255,274.88,289.30
RIGHT_EAR,256,273.86,289.29
RIGHT_EAR,257,296.03,279.26
RIGHT_EAR,258,404.84,268.27
RIGHT_EAR,259,404.26,271.26
RIGHT_EAR,260,416.81,279.88
RIGHT_EAR,261,415.76,274.83
RIGHT_EAR,263,409.57,200.96
RIGHT_EAR,265,394.04,203.51
RIGHT_EAR,266,389.95,211.46
RIGHT_EAR,267,389.35,207.69
RIGHT_EAR,268,364.81,226.92
RIGHT_EAR,269,375.33,218.80
RIGHT_EAR,270,403.00,218.79
RIGHT_EAR,271,425.17,212.68
RIGHT_EAR,272,425.84,213.71
RIGHT_EAR,273,426.58,212.65
RIGHT_EAR,274,389.66,210.50
RIGHT_EAR,275,390.12,211.80
RIGHT_EAR,276,383.45,214.36
RIGHT_EAR,277,356.05,214.03
RIGHT_EAR,278,355.07,215.53
RIGHT_EAR,279,374.76,212.25
RIGHT_EAR,280,375.24,212.30
RIGHT_EAR,281,404.01,219.03
RIGHT_EAR,282,444.27,213.96
RIGHT_EAR,283,443.15,213.33
RIGHT_EAR,284,470.91,221.60
RIGHT_EAR,285,469.21,220.05
RIGHT_EAR,286,503.72,215.40
RIGHT_EAR,287,556.71,247.21
RIGHT_EAR,288,557.59,246.80
RIGHT_EAR,289,538.65,249.81
RIGHT_EAR,293,444.97,235.13
RIGHT_EAR,294,402.23,227.26
RIGHT_EAR,295,401.21,227.14
RIGHT_EAR,296,402.36,227.32
RIGHT_EAR,297,421.64,191.15
RIGHT_EAR,298,445.98,220.83
RIGHT_EAR,299,443.75,221.45
RIGHT_EAR,300,483.94,218.39
RIGHT_EAR,301,487.12,219.08
RIGHT_EAR,302,547.74,212.18
RIGHT_EAR,303,545.01,211.28
RIGHT_EAR,304,558.74,244.35
RIGHT_EAR,305,556.83,248.87
RIGHT_EAR,306,546.37,251.06
RIGHT_EAR,307,544.25,251.56
RIGHT_EAR,308,543.57,249.41
RIGHT_EAR,309,492.81,247.79
RIGHT_EAR,310,462.86,235.87
RIGHT_EAR,311,461.70,235.07
RIGHT_EAR,312,438.19,240.15
RIGHT_EAR,313,431.51,237.32
RIGHT_EAR,314,480.19,218.68
RIGHT_EAR,315,480.53,216.00
RIGHT_EAR,316,483.48,212.50
RIGHT_EAR,317,509.77,229.36
RIGHT_EAR,318,508.61,229.97
RIGHT_EAR,319,529.61,218.44
RIGHT_EAR,320,531.78,217.38
RIGHT_EAR,321,587.69,239.37
RIGHT_EAR,322,586.00,239.37
RIGHT_EAR,323,601.05,245.65
RIGHT_EAR,324,586.09,242.84
RIGHT_EAR,325,552.96,243.59
RIGHT_EAR,326,523.54,241.00
RIGHT_EAR,328,494.09,237.67
RIGHT_EAR,329,468.21,239.39
RIGHT_EAR,330,412.00,237.51
RIGHT_EAR,331,412.19,235.88
RIGHT_EAR,332,409.02,217.09
RIGHT_EAR,333,409.37,216.87
RIGHT_EAR,334,409.05,215.23
RIGHT_EAR,335,417.82,214.77
RIGHT_EAR,336,450.13,222.36
RIGHT_EAR,337,450.31,221.42
RIGHT_EAR,338,470.55,221.78
RIGHT_EAR,339,490.75,219.51
RIGHT_EAR,340,490.43,220.81
RIGHT_EAR,341,505.11,220.11
RIGHT_EAR,342,515.43,213.89
RIGHT_EAR,343,523.34,212.30
RIGHT_EAR,344,530.04,200.87
RIGHT_EAR,345,529.96,200.90
RIGHT_EAR,346,529.08,200.70
RIGHT_EAR,347,531.79,197.32
RIGHT_EAR,348,532.62,190.57
RIGHT_EAR,349,527.87,192.71
RIGHT_EAR,350,526.42,193.94
RIGHT_EAR,351,526.33,193.82
RIGHT_EAR,352,514.42,194.15
RIGHT_EAR,353,509.99,202.55
RIGHT_EAR,354,481.45,202.72
RIGHT_EAR,355,481.30,204.06
RIGHT_EAR,356,462.12,202.11
RIGHT_EAR,357,448.28,219.86
RIGHT_EAR,358,449.62,218.82
RIGHT_EAR,359,439.74,215.70
RIGHT_EAR,360,404.08,226.82
RIGHT_EAR,361,403.74,226.88
RIGHT_EAR,362,403.92,226.88
RIGHT_EAR,363,411.04,229.43
RIGHT_EAR,364,410.30,227.77
RIGHT_EAR,365,416.53,229.69
RIGHT_EAR,366,436.41,225.84
RIGHT_EAR,367,436.15,226.02
RIGHT_EAR,368,442.21,217.90
RIGHT_EAR,369,448.11,215.01
RIGHT_EAR,370,447.81,214.62
RIGHT_EAR,371,449.53,196.36
RIGHT_EAR,372,449.37,196.21
RIGHT_EAR,373,448.22,191.90
RIGHT_EAR,374,444.82,191.91
RIGHT_EAR,375,438.77,189.02
RIGHT_EAR,376,438.21,188.72
RIGHT_EAR,377,432.69,187.11
RIGHT_EAR,378,429.02,181.93
RIGHT_EAR,379,428.69,182.70
RIGHT_EAR,380,426.99,182.86
RIGHT_EAR,381,416.52,180.21
RIGHT_EAR,382,403.40,180.04
RIGHT_EAR,383,403.94,180.69
RIGHT_EAR,384,393.90,179.35
RIGHT_EAR,385,384.09,178.33
RIGHT_EAR,386,377.60,180.50
RIGHT_EAR,387,368.80,179.12
RIGHT_EAR,388,363.58,179.23
RIGHT_EAR,389,363.88,179.03
RIGHT_EAR,390,362.05,180.04
RIGHT_EAR,391,357.98,181.11
RIGHT_EAR,392,357.30,188.04
RIGHT_EAR,393,358.24,197.31
RIGHT_EAR,394,357.21,215.09
RIGHT_EAR,395,357.48,214.94
RIGHT_EAR,396,361.02,236.32
RIGHT_EAR,397,362.26,262.08
RIGHT_EAR,398,366.87,286.92
RIGHT_EAR,399,366.59,287.49
RIGHT_EAR,400,372.57,309.58
RIGHT_EAR,401,384.06,370.59
RIGHT_EAR,402,391.85,403.65
RIGHT_EAR,403,391.23,403.99
RIGHT_EAR,404,394.96,475.12
RIGHT_EAR,405,395.59,476.05
RIGHT_EAR,406,394.74,506.37
RIGHT_EAR,407,397.07,521.19
RIGHT_EAR,408,397.12,520.85
RIGHT_EAR,409,394.42,525.67
RIGHT_EAR,410,397.41,531.27
RIGHT_EAR,411,398.33,535.01
RIGHT_EAR,412,399.66,534.87
RIGHT_EAR,413,400.28,531.07
RIGHT_EAR,414,407.40,517.04
RIGHT_EAR,415,405.95,514.17
RIGHT_EAR,416,411.25,510.71
RIGHT_EAR,417,414.35,502.83
RIGHT_EAR,418,411.46,488.08
RIGHT_EAR,419,412.91,488.87
RIGHT_EAR,420,412.63,478.96
RIGHT_EAR,421,410.64,464.43
RIGHT_EAR,422,409.15,449.30
RIGHT_EAR,423,407.23,429.71
RIGHT_EAR,424,409.13,410.87
RIGHT_EAR,425,409.97,387.84
RIGHT_EAR,426,413.83,367.14
RIGHT_EAR,427,411.52,343.00
RIGHT_EAR,428,411.68,342.97
RIGHT_EAR,429,410.98,319.26
RIGHT_EAR,430,413.10,307.44
RIGHT_EAR,431,412.37,306.80
RIGHT_EAR,432,409.99,266.76
MOUTH_LEFT,0,421.43,252.25
MOUTH_LEFT,1,379.04,295.60
MOUTH_LEFT,2,379.59,296.94
MOUTH_LEFT,3,360.33,315.00
MOUTH_LEFT,4,359.94,314.97
MOUTH_LEFT,5,346.76,338.72
MOUTH_LEFT,6,325.11,375.28
MOUTH_LEFT,7,324.78,374.93
MOUTH_LEFT,8,328.90,387.39
MOUTH_LEFT,9,343.21,394.96
MOUTH_LEFT,10,362.21,404.08
MOUTH_LEFT,11,362.48,404.05
MOUTH_LEFT,12,448.10,414.75
MOUTH_LEFT,13,447.94,413.70
MOUTH_LEFT,14,502.83,421.74
MOUTH_LEFT,15,546.22,415.18
MOUTH_LEFT,16,600.27,413.30
MOUTH_LEFT,17,600.58,412.99
MOUTH_LEFT,18,636.06,415.82
MOUTH_LEFT,19,659.22,418.10
MOUTH_LEFT,20,686.58,412.02
MOUTH_LEFT,21,692.59,416.03
MOUTH_LEFT,22,692.30,416.05
MOUTH_LEFT,23,681.63,422.89
MOUTH_LEFT,24,651.38,433.01
MOUTH_LEFT,25,604.68,428.39
MOUTH_LEFT,27,545.18,369.51
MOUTH_LEFT,29,441.27,466.70
MOUTH_LEFT,30,391.66,517.02
MOUTH_LEFT,31,391.65,516.77
MOUTH_LEFT,32,361.12,519.08
MOUTH_LEFT,33,336.37,515.92
MOUTH_LEFT,34,345.59,506.57
MOUTH_LEFT,35,348.46,505.82
MOUTH_LEFT,36,365.39,495.38
MOUTH_LEFT,37,398.81,480.44
MOUTH_LEFT,38,433.22,454.98
MOUTH_LEFT,39,434.75,455.68
MOUTH_LEFT,40,497.65,427.55
MOUTH_LEFT,41,540.55,421.81
MOUTH_LEFT,42,645.85,366.35
MOUTH_LEFT,43,645.44,366.65
MOUTH_LEFT,44,677.11,335.62
MOUTH_LEFT,45,685.97,321.84
MOUTH_LEFT,46,686.31,321.82
MOUTH_LEFT,47,667.68,292.50
MOUTH_LEFT,48,639.65,290.32
MOUTH_LEFT,49,639.60,290.36
MOUTH_LEFT,50,604.28,285.34
MOUTH_LEFT,51,574.59,286.57
MOUTH_LEFT,52,533.89,295.38
MOUTH_LEFT,53,534.19,294.49
MOUTH_LEFT,54,496.02,294.65
MOUTH_LEFT,55,429.78,264.40
MOUTH_LEFT,56,429.85,263.27
MOUTH_LEFT,57,404.20,249.33
MOUTH_LEFT,58,398.34,266.54
MOUTH_LEFT,59,398.25,266.40
MOUTH_LEFT,60,405.37,261.98
MOUTH_LEFT,61,434.33,248.40
MOUTH_LEFT,62,475.52,240.19
MOUTH_LEFT,63,533.80,235.36
MOUTH_LEFT,64,553.24,246.25
MOUTH_LEFT,65,554.21,242.27
MOUTH_LEFT,66,583.37,262.14
MOUTH_LEFT,67,592.55,264.44
MOUTH_LEFT,68,602.05,246.02
MOUTH_LEFT,69,605.03,244.23
MOUTH_LEFT,70,583.10,223.85
MOUTH_LEFT,71,582.64,223.49
MOUTH_LEFT,72,521.15,225.24
MOUTH_LEFT,73,488.19,255.28
MOUTH_LEFT,74,443.99,253.03
MOUTH_LEFT,75,443.48,251.70
MOUTH_LEFT,76,453.26,241.06
MOUTH_LEFT,77,494.94,225.40
MOUTH_LEFT,78,531.20,249.91
MOUTH_LEFT,79,522.50,257.35
MOUTH_LEFT,80,564.73,249.29
MOUTH_LEFT,81,593.61,261.90
MOUTH_LEFT,82,593.93,261.78
MOUTH_LEFT,83,585.17,261.12
MOUTH_LEFT,84,568.48,262.49
MOUTH_LEFT,85,569.55,260.26
MOUTH_LEFT,86,505.85,239.22
MOUTH_LEFT,87,461.43,263.43
MOUTH_LEFT,88,461.27,262.16
MOUTH_LEFT,89,392.05,271.50
MOUTH_LEFT,90,401.77,260.32
MOUTH_LEFT,91,400.54,261.72
MOUTH_LEFT,92,420.10,262.57
MOUTH_LEFT,93,420.52,262.67
MOUTH_LEFT,94,502.28,290.15
MOUTH_LEFT,95,502.90,289.97
MOUTH_LEFT,96,519.93,293.87
MOUTH_LEFT,97,539.41,273.72
MOUTH_LEFT,98,550.47,262.29
MOUTH_LEFT,99,550.51,262.83
MOUTH_LEFT,100,468.22,242.49
MOUTH_LEFT,101,468.20,243.22
MOUTH_LEFT,102,428.85,240.87
MOUTH_LEFT,103,383.52,268.06
MOUTH_LEFT,104,352.53,268.13
MOUTH_LEFT,105,335.40,271.78
MOUTH_LEFT,106,335.49,272.43
MOUTH_LEFT,107,357.08,263.61
MOUTH_LEFT,108,363.09,259.24
MOUTH_LEFT,109,421.07,317.12
MOUTH_LEFT,110,421.04,316.85
MOUTH_LEFT,111,444.35,286.19
MOUTH_LEFT,112,469.34,272.41
MOUTH_LEFT,113,469.88,273.28
MOUTH_LEFT,114,460.98,285.85
MOUTH_LEFT,115,427.95,265.76
MOUTH_LEFT,116,370.57,257.54
MOUTH_LEFT,117,369.52,258.53
MOUTH_LEFT,118,287.61,287.43
MOUTH_LEFT,119,286.15,289.03
MOUTH_LEFT,120,266.51,278.63
MOUTH_LEFT,121,266.05,278.77
MOUTH_LEFT,122,288.74,278.95
MOUTH_LEFT,123,288.73,279.07
MOUTH_LEFT,124,311.71,282.95
MOUTH_LEFT,125,358.90,293.41
MOUTH_LEFT,126,422.38,332.09
MOUTH_LEFT,127,419.55,334.05
MOUTH_LEFT,128,466.68,317.04
MOUTH_LEFT,129,466.13,317.72
MOUTH_LEFT,130,473.97,312.26
MOUTH_LEFT,131,434.58,334.57
MOUTH_LEFT,132,429.74,333.27
MOUTH_LEFT,133,344.43,379.80
MOUTH_LEFT,134,282.11,364.23
MOUTH_LEFT,135,281.84,367.03
MOUTH_LEFT,136,220.93,322.86
MOUTH_LEFT,137,220.93,322.92
MOUTH_LEFT,138,238.88,322.44
MOUTH_LEFT,139,268.86,322.88
MOUTH_LEFT,140,331.74,348.72
MOUTH_LEFT,141,463.57,343.45
MOUTH_LEFT,142,462.28,342.59
MOUTH_LEFT,143,460.83,340.75
MOUTH_LEFT,144,498.34,319.97
MOUTH_LEFT,145,502.19,327.27
MOUTH_LEFT,146,501.85,327.28
MOUTH_LEFT,147,478.15,334.52
MOUTH_LEFT,148,396.17,361.60
MOUTH_LEFT,149,403.39,369.37
MOUTH_LEFT,150,350.56,354.74
MOUTH_LEFT,151,301.93,337.00
MOUTH_LEFT,152,285.15,315.80
MOUTH_LEFT,153,286.99,319.36
MOUTH_LEFT,154,325.11,316.08
MOUTH_LEFT,155,387.01,340.75
MOUTH_LEFT,156,370.99,340.90
MOUTH_LEFT,157,427.95,320.31
MOUTH_LEFT,158,550.42,313.86
MOUTH_LEFT,159,551.48,314.09
MOUTH_LEFT,160,570.38,304.11
MOUTH_LEFT,161,570.76,303.98
MOUTH_LEFT,162,533.87,319.56
MOUTH_LEFT,163,532.91,321.09
MOUTH_LEFT,164,456.42,320.48
MOUTH_LEFT,165,447.95,329.46
MOUTH_LEFT,166,408.59,312.20
MOUTH_LEFT,167,327.65,330.07
MOUTH_LEFT,168,306.95,307.70
MOUTH_LEFT,169,307.36,307.43
MOUTH_LEFT,170,323.38,314.63
MOUTH_LEFT,171,321.79,314.38
MOUTH_LEFT,172,403.06,323.08
MOUTH_LEFT,173,433.09,371.78
MOUTH_LEFT,174,435.12,348.95
MOUTH_LEFT,175,521.35,329.85
MOUTH_LEFT,176,521.56,327.54
MOUTH_LEFT,177,570.33,290.69
MOUTH_LEFT,178,551.70,296.44
MOUTH_LEFT,179,552.31,295.91
MOUTH_LEFT,180,471.65,274.16
MOUTH_LEFT,181,471.88,273.84
MOUTH_LEFT,182,328.59,283.77
MOUTH_LEFT,183,328.15,283.02
MOUTH_LEFT,184,327.65,281.40
MOUTH_LEFT,185,314.23,262.54
MOUTH_LEFT,186,313.96,260.68
MOUTH_LEFT,187,347.08,261.77
MOUTH_LEFT,188,346.66,262.29
MOUTH_LEFT,189,419.95,319.41
MOUTH_LEFT,190,413.60,324.68
MOUTH_LEFT,191,478.38,255.71
MOUTH_LEFT,192,500.50,238.69
MOUTH_LEFT,193,502.40,239.17
MOUTH_LEFT,194,481.91,244.69
MOUTH_LEFT,195,442.11,257.11
MOUTH_LEFT,196,445.36,249.84
MOUTH_LEFT,197,359.77,281.42
MOUTH_LEFT,198,359.10,278.61
MOUTH_LEFT,199,299.05,238.39
MOUTH_LEFT,200,296.08,254.86
MOUTH_LEFT,201,296.13,254.97
MOUTH_LEFT,202,294.48,254.39
MOUTH_LEFT,203,321.91,254.33
MOUTH_LEFT,204,344.23,256.99
MOUTH_LEFT,205,418.45,250.89
MOUTH_LEFT,206,417.01,249.92
MOUTH_LEFT,207,439.93,246.10
MOUTH_LEFT,208,440.57,246.08
MOUTH_LEFT,209,445.08,231.31
MOUTH_LEFT,210,445.95,230.94
MOUTH_LEFT,211,415.96,237.07
MOUTH_LEFT,212,411.76,238.08
MOUTH_LEFT,213,384.64,237.92
MOUTH_LEFT,214,384.63,244.45
MOUTH_LEFT,215,375.10,241.96
MOUTH_LEFT,216,320.80,203.24
MOUTH_LEFT,217,320.08,203.34
MOUTH_LEFT,218,320.86,204.29
MOUTH_LEFT,219,316.23,213.47
MOUTH_LEFT,220,316.68,213.01
MOUTH_LEFT,221,349.96,228.90
MOUTH_LEFT,224,370.75,217.70
MOUTH_LEFT,225,369.37,217.43
MOUTH_LEFT,228,350.33,246.49
MOUTH_LEFT,229,325.51,260.85
MOUTH_LEFT,230,322.87,257.93
MOUTH_LEFT,231,302.26,236.00
MOUTH_LEFT,232,302.91,236.04
MOUTH_LEFT,238,374.77,237.48
MOUTH_LEFT,239,374.43,242.25
MOUTH_LEFT,240,352.04,236.33
MOUTH_LEFT,242,261.62,243.91
MOUTH_LEFT,243,263.01,242.54
MOUTH_LEFT,244,260.77,243.71
MOUTH_LEFT,245,269.20,232.17
MOUTH_LEFT,250,368.41,237.70
MOUTH_LEFT,251,359.61,239.49
MOUTH_LEFT,252,393.21,267.92
MOUTH_LEFT,253,308.28,251.98
MOUTH_LEFT,254,309.11,252.23
MOUTH_LEFT,255,268.84,249.22
MOUTH_LEFT,256,269.57,249.13
MOUTH_LEFT,257,292.64,236.82
MOUTH_LEFT,258,380.86,265.41
MOUTH_LEFT,259,373.62,249.04
MOUTH_LEFT,260,390.97,269.26
MOUTH_LEFT,261,390.86,270.23
MOUTH_LEFT,263,416.67,222.80
MOUTH_LEFT,265,420.48,205.45
MOUTH_LEFT,266,415.52,211.84
MOUTH_LEFT,267,414.56,210.84
MOUTH_LEFT,268,388.45,205.80
MOUTH_LEFT,269,403.71,191.58
MOUTH_LEFT,270,424.80,193.13
MOUTH_LEFT,271,424.43,210.80
MOUTH_LEFT,272,424.71,212.40
MOUTH_LEFT,273,422.27,213.17
MOUTH_LEFT,274,364.87,222.83
MOUTH_LEFT,275,365.56,223.78
MOUTH_LEFT,276,352.12,220.48
MOUTH_LEFT,277,320.12,203.48
MOUTH_LEFT,278,318.79,204.31
MOUTH_LEFT,279,348.02,202.13
MOUTH_LEFT,280,348.17,201.43
MOUTH_LEFT,281,428.76,226.11
MOUTH_LEFT,282,482.36,228.38
MOUTH_LEFT,283,482.68,227.94
MOUTH_LEFT,284,513.98,227.73
MOUTH_LEFT,285,512.57,225.64
MOUTH_LEFT,286,542.35,228.87
MOUTH_LEFT,287,582.50,260.43
MOUTH_LEFT,288,583.34,259.12
MOUTH_LEFT,289,543.06,258.29
MOUTH_LEFT,293,415.80,222.60
MOUTH_LEFT,294,373.78,217.78
MOUTH_LEFT,295,373.45,218.10
MOUTH_LEFT,296,373.42,217.24
MOUTH_LEFT,297,446.49,208.15
MOUTH_LEFT,298,448.31,221.44
MOUTH_LEFT,299,450.72,223.62
MOUTH_LEFT,300,531.91,217.96
MOUTH_LEFT,301,535.39,216.90
MOUTH_LEFT,302,571.80,226.88
MOUTH_LEFT,303,563.75,225.00
MOUTH_LEFT,304,593.35,239.20
MOUTH_LEFT,305,575.50,250.86
MOUTH_LEFT,306,529.57,259.41
MOUTH_LEFT,307,525.42,262.39
MOUTH_LEFT,308,527.54,258.07
MOUTH_LEFT,309,466.14,247.38
MOUTH_LEFT,310,434.72,225.96
MOUTH_LEFT,311,435.21,225.71
MOUTH_LEFT,312,409.38,234.13
MOUTH_LEFT,313,397.18,228.71
MOUTH_LEFT,314,489.84,221.72
MOUTH_LEFT,315,492.30,218.03
MOUTH_LEFT,316,492.92,218.30
MOUTH_LEFT,317,544.98,233.21
MOUTH_LEFT,318,544.30,233.14
MOUTH_LEFT,319,573.74,223.16
MOUTH_LEFT,320,572.05,223.31
MOUTH_LEFT,321,620.65,234.83
MOUTH_LEFT,322,619.64,234.33
MOUTH_LEFT,323,628.82,256.82
MOUTH_LEFT,324,596.79,259.17
MOUTH_LEFT,325,531.35,254.02
MOUTH_LEFT,326,516.19,257.07
MOUTH_LEFT,328,469.24,246.39
MOUTH_LEFT,329,435.49,240.03
MOUTH_LEFT,330,377.46,235.58
MOUTH_LEFT,331,377.98,234.86
MOUTH_LEFT,332,395.42,232.91
MOUTH_LEFT,333,395.38,232.45
MOUTH_LEFT,334,395.17,231.87
MOUTH_LEFT,335,416.21,239.82
MOUTH_LEFT,336,487.37,238.58
MOUTH_LEFT,337,487.43,238.02
MOUTH_LEFT,338,512.05,232.16
MOUTH_LEFT,339,532.70,226.75
MOUTH_LEFT,340,533.41,226.86
MOUTH_LEFT,341,556.16,223.86
MOUTH_LEFT,342,566.36,222.36
MOUTH_LEFT,343,575.18,219.97
MOUTH_LEFT,344,575.70,211.62
MOUTH_LEFT,345,575.74,212.01
MOUTH_LEFT,346,576.47,211.49
MOUTH_LEFT,347,577.36,210.43
MOUTH_LEFT,348,572.05,204.58
MOUTH_LEFT,349,565.37,205.95
MOUTH_LEFT,350,554.61,210.35
MOUTH_LEFT,351,554.63,210.27
MOUTH_LEFT,352,536.99,214.90
MOUTH_LEFT,353,499.31,226.98
MOUTH_LEFT,354,455.52,222.93
MOUTH_LEFT,355,455.51,224.22
MOUTH_LEFT,356,438.95,225.88
MOUTH_LEFT,357,424.98,251.74
MOUTH_LEFT,358,426.21,250.90
MOUTH_LEFT,359,422.01,248.78
MOUTH_LEFT,360,389.28,258.14
MOUTH_LEFT,361,389.21,257.90
MOUTH_LEFT,362,388.76,258.02
MOUTH_LEFT,363,397.14,257.44
MOUTH_LEFT,364,394.58,254.70
MOUTH_LEFT,365,432.01,267.57
MOUTH_LEFT,366,478.74,245.42
MOUTH_LEFT,367,478.43,245.82
MOUTH_LEFT,368,480.48,238.16
MOUTH_LEFT,369,487.10,235.67
MOUTH_LEFT,370,487.07,235.71
MOUTH_LEFT,371,487.57,216.92
MOUTH_LEFT,372,487.47,216.69
MOUTH_LEFT,373,486.90,209.25
MOUTH_LEFT,374,479.75,209.80
MOUTH_LEFT,375,476.35,205.12
MOUTH_LEFT,376,475.68,205.89
MOUTH_LEFT,377,473.70,199.94
MOUTH_LEFT,378,470.08,195.68
MOUTH_LEFT,379,469.96,196.20
MOUTH_LEFT,380,467.19,196.27
MOUTH_LEFT,381,460.35,193.29
MOUTH_LEFT,382,446.89,194.63
MOUTH_LEFT,383,447.66,194.83
MOUTH_LEFT,384,437.41,194.61
MOUTH_LEFT,385,430.06,195.56
MOUTH_LEFT,386,426.40,196.94
MOUTH_LEFT,387,411.57,197.45
MOUTH_LEFT,388,408.10,195.49
MOUTH_LEFT,389,408.68,195.33
MOUTH_LEFT,390,404.97,197.52
MOUTH_LEFT,391,402.46,197.45
MOUTH_LEFT,392,401.47,199.50
MOUTH_LEFT,393,403.50,206.47
MOUTH_LEFT,394,404.06,220.73
MOUTH_LEFT,395,404.45,220.44
MOUTH_LEFT,396,409.16,242.57
MOUTH_LEFT,397,410.79,267.61
MOUTH_LEFT,398,412.35,286.23
MOUTH_LEFT,399,412.11,285.68
MOUTH_LEFT,400,416.20,313.46
MOUTH_LEFT,401,428.48,386.05
MOUTH_LEFT,402,432.75,424.07
MOUTH_LEFT,403,432.60,424.37
MOUTH_LEFT,404,416.23,501.74
MOUTH_LEFT,405,415.93,501.83
MOUTH_LEFT,406,400.15,524.53
MOUTH_LEFT,407,396.14,534.14
MOUTH_LEFT,408,395.11,533.30
MOUTH_LEFT,409,393.27,541.92
MOUTH_LEFT,410,397.49,546.79
MOUTH_LEFT,411,398.21,544.96
MOUTH_LEFT,412,397.79,542.32
MOUTH_LEFT,413,400.20,543.67
MOUTH_LEFT,414,405.98,531.47
MOUTH_LEFT,415,405.00,532.26
MOUTH_LEFT,416,412.16,523.93
MOUTH_LEFT,417,416.67,518.17
MOUTH_LEFT,418,413.52,502.74
MOUTH_LEFT,419,414.66,502.18
MOUTH_LEFT,420,411.75,487.22
MOUTH_LEFT,421,411.88,478.41
MOUTH_LEFT,422,406.93,460.49
MOUTH_LEFT,423,408.75,446.66
MOUTH_LEFT,424,412.44,431.20
MOUTH_LEFT,425,417.51,417.06
MOUTH_LEFT,426,423.49,394.76
MOUTH_LEFT,427,418.44,374.02
MOUTH_LEFT,428,417.94,374.31
MOUTH_LEFT,429,423.38,349.72
MOUTH_LEFT,430,430.51,340.20
MOUTH_LEFT,431,430.62,339.43
MOUTH_LEFT,432,431.07,300.63
MOUTH_RIGHT,0,425.68,250.51
MOUTH_RIGHT,1,379.97,294.75
MOUTH_RIGHT,2,380.68,295.91
MOUTH_RIGHT,3,360.16,312.94
MOUTH_RIGHT,4,359.76,312.97
MOUTH_RIGHT,5,345.47,336.02
MOUTH_RIGHT,6,321.61,372.95
MOUTH_RIGHT,7,321.47,372.57
MOUTH_RIGHT,8,323.64,384.55
MOUTH_RIGHT,9,334.27,390.85
MOUTH_RIGHT,10,352.58,399.15
MOUTH_RIGHT,11,352.78,399.26
MOUTH_RIGHT,12,438.23,411.15
MOUTH_RIGHT,13,438.39,409.63
MOUTH_RIGHT,14,490.83,416.00
MOUTH_RIGHT,15,541.03,412.41
MOUTH_RIGHT,16,594.03,408.04
MOUTH_RIGHT,17,594.49,407.92
MOUTH_RIGHT,18,631.80,410.85
MOUTH_RIGHT,19,658.21,415.09
MOUTH_RIGHT,20,685.84,406.85
MOUTH_RIGHT,21,692.56,409.15
MOUTH_RIGHT,22,692.25,409.13
MOUTH_RIGHT,23,683.29,416.12
MOUTH_RIGHT,24,655.37,423.98
MOUTH_RIGHT,25,605.47,417.57
MOUTH_RIGHT,27,547.72,373.90
MOUTH_RIGHT,29,444.28,466.47
MOUTH_RIGHT,30,391.89,513.95
MOUTH_RIGHT,31,391.91,513.75
MOUTH_RIGHT,32,356.01,514.03
MOUTH_RIGHT,33,328.59,510.66
MOUTH_RIGHT,34,337.89,500.34
MOUTH_RIGHT,35,340.86,500.11
MOUTH_RIGHT,36,357.94,488.45
MOUTH_RIGHT,37,392.06,471.24
MOUTH_RIGHT,38,428.03,445.85
MOUTH_RIGHT,39,428.82,448.86
MOUTH_RIGHT,40,499.08,415.60
MOUTH_RIGHT,41,531.24,413.99
MOUTH_RIGHT,42,633.69,357.96
MOUTH_RIGHT,43,633.70,358.15
MOUTH_RIGHT,44,665.77,327.94
MOUTH_RIGHT,45,674.62,313.87
MOUTH_RIGHT,46,675.19,313.96
MOUTH_RIGHT,47,662.38,290.17
MOUTH_RIGHT,48,633.67,287.25
MOUTH_RIGHT,49,633.59,287.42
MOUTH_RIGHT,50,602.86,283.88
MOUTH_RIGHT,51,572.88,286.14
MOUTH_RIGHT,52,537.37,297.53
MOUTH_RIGHT,53,537.54,296.62
MOUTH_RIGHT,54,500.84,295.72
MOUTH_RIGHT,55,442.02,268.26
MOUTH_RIGHT,56,442.22,267.28
MOUTH_RIGHT,57,405.86,251.17
MOUTH_RIGHT,58,398.20,268.35
MOUTH_RIGHT,59,397.57,267.42
MOUTH_RIGHT,60,401.98,266.49
MOUTH_RIGHT,61,428.11,260.29
MOUTH_RIGHT,62,467.21,250.94
MOUTH_RIGHT,63,528.78,240.57
MOUTH_RIGHT,64,546.90,248.18
MOUTH_RIGHT,65,546.97,246.76
MOUTH_RIGHT,66,586.14,266.73
MOUTH_RIGHT,67,595.40,267.93
MOUTH_RIGHT,68,605.20,251.87
MOUTH_RIGHT,69,607.78,251.17
MOUTH_RIGHT,70,587.60,230.92
MOUTH_RIGHT,71,586.95,230.23
MOUTH_RIGHT,72,524.73,226.96
MOUTH_RIGHT,73,490.93,258.35
MOUTH_RIGHT,74,442.77,262.62
MOUTH_RIGHT,75,442.39,261.16
MOUTH_RIGHT,76,452.61,250.56
MOUTH_RIGHT,77,494.69,231.18
MOUTH_RIGHT,78,534.97,250.41
MOUTH_RIGHT,79,526.30,256.71
MOUTH_RIGHT,80,570.43,257.97
MOUTH_RIGHT,81,596.60,270.57
MOUTH_RIGHT,82,596.92,270.72
MOUTH_RIGHT,83,588.98,269.89
MOUTH_RIGHT,84,573.43,271.18
MOUTH_RIGHT,85,574.27,269.00
MOUTH_RIGHT,86,505.31,241.69
MOUTH_RIGHT,87,460.49,265.23
MOUTH_RIGHT,88,460.11,264.25
MOUTH_RIGHT,89,391.98,284.66
MOUTH_RIGHT,90,399.99,267.83
MOUTH_RIGHT,91,398.92,268.75
MOUTH_RIGHT,92,421.35,263.24
MOUTH_RIGHT,93,421.10,263.74
MOUTH_RIGHT,94,503.03,293.28
MOUTH_RIGHT,95,503.54,293.30
MOUTH_RIGHT,96,524.59,302.77
MOUTH_RIGHT,97,542.70,283.62
MOUTH_RIGHT,98,555.86,273.92
MOUTH_RIGHT,99,555.99,274.19
MOUTH_RIGHT,100,469.02,243.33
MOUTH_RIGHT,101,468.82,243.86
MOUTH_RIGHT,102,426.12,242.38
MOUTH_RIGHT,103,380.62,275.78
MOUTH_RIGHT,104,350.30,277.70
MOUTH_RIGHT,105,335.52,290.01
MOUTH_RIGHT,106,335.74,291.39
MOUTH_RIGHT,107,357.05,270.47
MOUTH_RIGHT,108,361.77,260.34
MOUTH_RIGHT,109,426.57,319.76
MOUTH_RIGHT,110,426.40,319.50
MOUTH_RIGHT,111,450.14,299.47
MOUTH_RIGHT,112,475.31,285.11
MOUTH_RIGHT,113,475.71,285.73
MOUTH_RIGHT,114,466.97,296.26
MOUTH_RIGHT,115,428.73,269.47
MOUTH_RIGHT,116,369.07,257.59
MOUTH_RIGHT,117,368.06,258.55
MOUTH_RIGHT,118,286.38,294.00
MOUTH_RIGHT,119,284.52,294.89
MOUTH_RIGHT,120,266.28,287.79
MOUTH_RIGHT,121,265.68,287.84
MOUTH_RIGHT,122,290.43,285.39
MOUTH_RIGHT,123,290.35,285.45
MOUTH_RIGHT,124,312.31,285.04
MOUTH_RIGHT,125,361.71,297.30
MOUTH_RIGHT,126,430.32,341.11
MOUTH_RIGHT,127,427.37,342.87
MOUTH_RIGHT,128,473.10,317.33
MOUTH_RIGHT,129,472.50,317.82
MOUTH_RIGHT,130,476.97,313.22
MOUTH_RIGHT,131,433.97,334.29
MOUTH_RIGHT,132,431.14,333.77
MOUTH_RIGHT,133,342.19,377.66
MOUTH_RIGHT,134,287.08,359.19
MOUTH_RIGHT,135,286.15,361.72
MOUTH_RIGHT,136,220.16,325.39
MOUTH_RIGHT,137,220.15,325.42
MOUTH_RIGHT,138,240.56,324.86
MOUTH_RIGHT,139,267.85,323.87
MOUTH_RIGHT,140,332.15,344.98
MOUTH_RIGHT,141,470.59,349.65
MOUTH_RIGHT,142,467.21,348.95
MOUTH_RIGHT,143,468.31,345.43
MOUTH_RIGHT,144,501.57,319.76
MOUTH_RIGHT,145,504.45,327.48
MOUTH_RIGHT,146,503.74,327.52
MOUTH_RIGHT,147,480.58,340.80
MOUTH_RIGHT,148,392.63,363.30
MOUTH_RIGHT,149,399.45,370.30
MOUTH_RIGHT,150,343.79,357.51
MOUTH_RIGHT,151,300.31,339.76
MOUTH_RIGHT,152,285.39,318.65
MOUTH_RIGHT,153,289.21,321.17
MOUTH_RIGHT,154,327.71,317.33
MOUTH_RIGHT,155,396.51,336.92
MOUTH_RIGHT,156,375.37,338.36
MOUTH_RIGHT,157,439.47,321.50
MOUTH_RIGHT,158,556.20,314.63
MOUTH_RIGHT,159,557.52,315.04
MOUTH_RIGHT,160,572.34,303.90
MOUTH_RIGHT,161,572.71,303.75
MOUTH_RIGHT,162,534.85,319.28
MOUTH_RIGHT,163,533.01,321.17
MOUTH_RIGHT,164,448.73,309.03
MOUTH_RIGHT,165,436.29,316.55
MOUTH_RIGHT,166,409.32,313.12
MOUTH_RIGHT,167,326.67,329.57
MOUTH_RIGHT,168,307.10,311.10
MOUTH_RIGHT,169,307.52,310.67
MOUTH_RIGHT,170,326.17,316.71
MOUTH_RIGHT,171,324.82,316.43
MOUTH_RIGHT,172,404.59,322.98
MOUTH_RIGHT,173,450.93,375.53
MOUTH_RIGHT,174,452.92,352.55
MOUTH_RIGHT,175,529.92,336.47
MOUTH_RIGHT,176,530.96,333.91
MOUTH_RIGHT,177,571.58,291.22
MOUTH_RIGHT,178,550.79,295.18
MOUTH_RIGHT,179,551.37,294.49
MOUTH_RIGHT,180,474.14,282.09
MOUTH_RIGHT,181,474.60,282.17
MOUTH_RIGHT,182,328.01,286.95
MOUTH_RIGHT,183,327.50,286.65
MOUTH_RIGHT,184,326.88,285.83
MOUTH_RIGHT,185,313.76,267.28
MOUTH_RIGHT,186,315.05,265.09
MOUTH_RIGHT,187,349.93,268.17
MOUTH_RIGHT,188,349.26,268.12
MOUTH_RIGHT,189,418.03,322.66
MOUTH_RIGHT,190,410.69,327.94
MOUTH_RIGHT,191,483.83,260.52
MOUTH_RIGHT,192,500.48,241.55
MOUTH_RIGHT,193,502.53,242.05
MOUTH_RIGHT,194,485.05,247.85
MOUTH_RIGHT,195,440.49,257.56
MOUTH_RIGHT,196,443.21,249.97
MOUTH_RIGHT,197,352.70,292.48
MOUTH_RIGHT,198,351.36,290.20
MOUTH_RIGHT,199,297.82,244.51
MOUTH_RIGHT,200,297.90,259.54
MOUTH_RIGHT,201,298.21,259.65
MOUTH_RIGHT,202,295.53,258.60
MOUTH_RIGHT,203,324.69,260.32
MOUTH_RIGHT,204,345.75,260.26
MOUTH_RIGHT,205,425.99,254.41
MOUTH_RIGHT,206,424.81,252.94
MOUTH_RIGHT,207,445.53,248.99
MOUTH_RIGHT,208,445.91,248.94
MOUTH_RIGHT,209,449.45,230.40
MOUTH_RIGHT,210,450.34,230.16
MOUTH_RIGHT,211,415.65,234.28
MOUTH_RIGHT,212,410.67,234.59
MOUTH_RIGHT,213,380.49,234.98
MOUTH_RIGHT,214,380.77,240.18
MOUTH_RIGHT,215,363.97,245.03
MOUTH_RIGHT,216,319.64,205.87
MOUTH_RIGHT,217,318.74,205.88
MOUTH_RIGHT,218,319.53,206.96
MOUTH_RIGHT,219,319.29,214.71
MOUTH_RIGHT,220,319.84,214.45
MOUTH_RIGHT,221,359.06,226.86
MOUTH_RIGHT,224,375.09,214.01
MOUTH_RIGHT,225,373.39,213.55
MOUTH_RIGHT,228,334.88,246.92
MOUTH_RIGHT,229,313.13,264.96
MOUTH_RIGHT,230,311.54,263.11
MOUTH_RIGHT,231,302.39,236.10
MOUTH_RIGHT,232,302.97,236.04
MOUTH_RIGHT,238,374.30,234.89
MOUTH_RIGHT,239,374.75,238.66
MOUTH_RIGHT,240,340.00,237.95
MOUTH_RIGHT,242,262.04,244.88
MOUTH_RIGHT,243,263.08,243.72
MOUTH_RIGHT,244,261.34,244.60
MOUTH_RIGHT,245,275.35,232.40
MOUTH_RIGHT,250,369.60,236.87
MOUTH_RIGHT,251,366.70,236.47
MOUTH_RIGHT,252,386.54,264.53
MOUTH_RIGHT,253,303.55,253.68
MOUTH_RIGHT,254,304.22,254.16
MOUTH_RIGHT,255,271.30,252.08
MOUTH_RIGHT,256,271.75,252.12
MOUTH_RIGHT,257,293.64,238.21
MOUTH_RIGHT,258,392.75,267.83
MOUTH_RIGHT,259,388.90,252.37
MOUTH_RIGHT,260,407.82,269.85
MOUTH_RIGHT,261,407.20,271.07
MOUTH_RIGHT,263,410.06,211.64
MOUTH_RIGHT,265,407.37,204.81
MOUTH_RIGHT,266,402.10,212.89
MOUTH_RIGHT,267,401.35,211.00
MOUTH_RIGHT,268,381.31,208.80
MOUTH_RIGHT,269,401.28,192.71
MOUTH_RIGHT,270,423.98,192.84
MOUTH_RIGHT,271,429.84,208.59
MOUTH_RIGHT,272,430.57,210.72
MOUTH_RIGHT,273,428.91,210.87
MOUTH_RIGHT,274,376.24,218.69
MOUTH_RIGHT,275,377.06,220.09
MOUTH_RIGHT,276,368.23,220.44
MOUTH_RIGHT,277,321.02,199.45
MOUTH_RIGHT,278,319.94,199.42
MOUTH_RIGHT,279,347.94,200.89
MOUTH_RIGHT,280,348.43,200.06
MOUTH_RIGHT,281,415.10,222.28
MOUTH_RIGHT,282,467.35,226.37
MOUTH_RIGHT,283,466.84,225.55
MOUTH_RIGHT,284,498.32,227.42
MOUTH_RIGHT,285,496.00,224.88
MOUTH_RIGHT,286,528.55,231.05
MOUTH_RIGHT,287,582.64,259.39
MOUTH_RIGHT,288,583.58,258.11
MOUTH_RIGHT,289,548.52,258.82
MOUTH_RIGHT,293,428.82,222.17
MOUTH_RIGHT,294,371.19,213.55
MOUTH_RIGHT,295,370.84,214.16
MOUTH_RIGHT,296,371.02,213.29
MOUTH_RIGHT,297,433.21,207.75
MOUTH_RIGHT,298,439.46,219.41
MOUTH_RIGHT,299,441.39,221.95
MOUTH_RIGHT,300,515.31,220.12
MOUTH_RIGHT,301,517.83,219.33
MOUTH_RIGHT,302,571.45,226.61
MOUTH_RIGHT,303,569.58,225.34
MOUTH_RIGHT,304,592.33,238.98
MOUTH_RIGHT,305,577.05,249.46
MOUTH_RIGHT,306,541.81,260.13
MOUTH_RIGHT,307,537.84,260.08
MOUTH_RIGHT,308,539.89,256.80
MOUTH_RIGHT,309,480.65,243.33
MOUTH_RIGHT,310,445.72,223.65
MOUTH_RIGHT,311,445.80,223.52
MOUTH_RIGHT,312,411.73,232.22
MOUTH_RIGHT,313,397.10,226.76
MOUTH_RIGHT,314,477.88,217.34
MOUTH_RIGHT,315,481.14,215.07
MOUTH_RIGHT,316,481.86,212.72
MOUTH_RIGHT,317,528.87,232.91
MOUTH_RIGHT,318,528.13,232.79
MOUTH_RIGHT,319,559.04,221.80
MOUTH_RIGHT,320,555.31,222.41
MOUTH_RIGHT,321,619.41,234.29
MOUTH_RIGHT,322,618.19,233.88
MOUTH_RIGHT,323,628.44,255.76
MOUTH_RIGHT,324,600.16,258.51
MOUTH_RIGHT,325,542.73,250.64
MOUTH_RIGHT,326,521.01,256.37
MOUTH_RIGHT,328,481.42,241.24
MOUTH_RIGHT,329,450.34,236.66
MOUTH_RIGHT,330,377.01,234.12
MOUTH_RIGHT,331,377.58,233.27
MOUTH_RIGHT,332,386.64,227.18
MOUTH_RIGHT,333,386.93,226.62
MOUTH_RIGHT,334,387.87,225.57
MOUTH_RIGHT,335,406.71,231.83
MOUTH_RIGHT,336,469.52,235.70
MOUTH_RIGHT,337,469.66,234.83
MOUTH_RIGHT,338,495.12,233.51
MOUTH_RIGHT,339,519.42,228.23
MOUTH_RIGHT,340,520.01,228.77
MOUTH_RIGHT,341,542.53,228.44
MOUTH_RIGHT,342,554.59,226.77
MOUTH_RIGHT,343,565.60,223.81
MOUTH_RIGHT,344,568.46,216.07
MOUTH_RIGHT,345,568.30,216.46
MOUTH_RIGHT,346,568.39,215.32
MOUTH_RIGHT,347,570.13,213.22
MOUTH_RIGHT,348,567.36,205.99
MOUTH_RIGHT,349,560.89,207.94
MOUTH_RIGHT,350,554.23,210.86
MOUTH_RIGHT,351,554.18,210.79
MOUTH_RIGHT,352,537.69,214.67
MOUTH_RIGHT,353,507.39,225.92
MOUTH_RIGHT,354,466.95,221.63
MOUTH_RIGHT,355,466.99,222.89
MOUTH_RIGHT,356,449.47,222.79
MOUTH_RIGHT,357,435.75,248.23
MOUTH_RIGHT,358,436.66,246.77
MOUTH_RIGHT,359,431.33,243.93
MOUTH_RIGHT,360,396.00,255.06
MOUTH_RIGHT,361,396.05,254.90
MOUTH_RIGHT,362,395.16,255.24
MOUTH_RIGHT,363,391.35,254.26
MOUTH_RIGHT,364,389.21,251.65
MOUTH_RIGHT,365,415.10,265.70
MOUTH_RIGHT,366,462.75,246.56
MOUTH_RIGHT,367,462.22,246.76
MOUTH_RIGHT,368,462.90,237.52
MOUTH_RIGHT,369,471.96,238.69
MOUTH_RIGHT,370,471.87,238.66
MOUTH_RIGHT,371,471.31,218.24
MOUTH_RIGHT,372,471.07,217.97
MOUTH_RIGHT,373,470.23,208.87
MOUTH_RIGHT,374,463.48,210.32
MOUTH_RIGHT,375,460.33,208.08
MOUTH_RIGHT,376,458.75,208.29
MOUTH_RIGHT,377,454.72,204.07
MOUTH_RIGHT,378,453.18,199.71
MOUTH_RIGHT,379,452.90,200.58
MOUTH_RIGHT,380,454.18,200.12
MOUTH_RIGHT,381,445.73,197.88
MOUTH_RIGHT,382,431.32,197.74
MOUTH_RIGHT,383,431.48,198.47
MOUTH_RIGHT,384,420.11,197.76
MOUTH_RIGHT,385,411.10,198.42
MOUTH_RIGHT,386,410.39,200.02
MOUTH_RIGHT,387,398.78,198.23
MOUTH_RIGHT,388,394.72,197.20
MOUTH_RIGHT,389,395.61,196.96
MOUTH_RIGHT,390,393.18,198.57
MOUTH_RIGHT,391,389.98,197.88
MOUTH_RIGHT,392,388.99,200.98
MOUTH_RIGHT,393,391.68,209.75
MOUTH_RIGHT,394,393.56,227.66
MOUTH_RIGHT,395,394.15,227.13
MOUTH_RIGHT,396,399.20,249.01
MOUTH_RIGHT,397,401.65,272.71
MOUTH_RIGHT,398,405.92,289.65
MOUTH_RIGHT,399,405.80,289.06
MOUTH_RIGHT,400,408.81,317.78
MOUTH_RIGHT,401,419.35,388.41
MOUTH_RIGHT,402,424.13,426.67
MOUTH_RIGHT,403,423.59,426.91
MOUTH_RIGHT,404,408.97,501.99
MOUTH_RIGHT,405,409.21,502.37
MOUTH_RIGHT,406,394.06,525.18
MOUTH_RIGHT,407,391.05,534.87
MOUTH_RIGHT,408,389.82,533.99
MOUTH_RIGHT,409,387.94,542.54
MOUTH_RIGHT,410,391.64,546.99
MOUTH_RIGHT,411,393.79,546.36
MOUTH_RIGHT,412,394.16,545.24
MOUTH_RIGHT,413,394.68,544.79
MOUTH_RIGHT,414,402.32,532.52
MOUTH_RIGHT,415,401.16,532.36
MOUTH_RIGHT,416,408.01,525.10
MOUTH_RIGHT,417,411.50,518.80
MOUTH_RIGHT,418,408.91,502.73
MOUTH_RIGHT,419,410.32,502.58
MOUTH_RIGHT,420,408.15,488.83
MOUTH_RIGHT,421,407.25,477.75
MOUTH_RIGHT,422,401.42,460.65
MOUTH_RIGHT,423,403.64,446.26
MOUTH_RIGHT,424,402.88,429.53
MOUTH_RIGHT,425,410.37,414.85
MOUTH_RIGHT,426,416.75,392.38
MOUTH_RIGHT,427,411.25,370.84
MOUTH_RIGHT,428,410.79,371.13
MOUTH_RIGHT,429,415.65,346.93
MOUTH_RIGHT,430,420.73,338.59
MOUTH_RIGHT,431,420.61,337.59
MOUTH_RIGHT,432,421.22,300.74
LEFT_SHOULDER,0,414.61,288.82
LEFT_SHOULDER,1,391.32,347.36
LEFT_SHOULDER,2,391.67,346.74
LEFT_SHOULDER,3,383.27,366.04
LEFT_SHOULDER,4,383.43,366.13
LEFT_SHOULDER,5,379.33,380.46
LEFT_SHOULDER,6,375.48,422.76
LEFT_SHOULDER,7,374.38,423.39
LEFT_SHOULDER,8,380.67,437.37
LEFT_SHOULDER,9,401.96,443.88
LEFT_SHOULDER,10,427.36,444.55
LEFT_SHOULDER,11,427.63,444.51
LEFT_SHOULDER,12,490.63,450.93
LEFT_SHOULDER,13,491.18,451.36
LEFT_SHOULDER,14,529.78,453.99
LEFT_SHOULDER,15,560.54,459.40
LEFT_SHOULDER,16,589.21,453.94
LEFT_SHOULDER,17,588.51,454.09
LEFT_SHOULDER,18,575.34,408.72
LEFT_SHOULDER,19,595.68,409.01
LEFT_SHOULDER,20,621.80,408.99
LEFT_SHOULDER,21,627.73,405.28
LEFT_SHOULDER,22,627.51,405.41
LEFT_SHOULDER,23,623.89,409.77
LEFT_SHOULDER,24,597.76,421.66
LEFT_SHOULDER,25,556.72,442.62
LEFT_SHOULDER,27,507.03,370.43
LEFT_SHOULDER,29,444.49,447.39
LEFT_SHOULDER,30,392.94,480.37
LEFT_SHOULDER,31,392.46,480.59
LEFT_SHOULDER,32,387.32,495.94
LEFT_SHOULDER,33,393.20,504.48
LEFT_SHOULDER,34,421.55,506.58
LEFT_SHOULDER,35,422.21,506.90
LEFT_SHOULDER,36,442.94,496.00
LEFT_SHOULDER,37,486.29,486.98
LEFT_SHOULDER,38,519.11,472.73
LEFT_SHOULDER,39,525.38,471.94
LEFT_SHOULDER,40,540.45,469.41
LEFT_SHOULDER,41,601.60,448.96
LEFT_SHOULDER,42,650.59,418.62
LEFT_SHOULDER,43,650.99,417.62
LEFT_SHOULDER,44,668.98,391.94
LEFT_SHOULDER,45,663.73,376.25
LEFT_SHOULDER,46,663.88,376.21
LEFT_SHOULDER,47,615.05,350.74
LEFT_SHOULDER,48,571.44,326.40
LEFT_SHOULDER,49,571.64,325.80
LEFT_SHOULDER,50,518.14,310.75
LEFT_SHOULDER,51,478.31,318.67
LEFT_SHOULDER,52,413.65,306.42
LEFT_SHOULDER,53,414.14,305.80
LEFT_SHOULDER,54,378.64,289.34
LEFT_SHOULDER,55,379.28,273.26
LEFT_SHOULDER,56,379.38,273.01
LEFT_SHOULDER,57,415.37,295.05
LEFT_SHOULDER,58,466.29,277.86
LEFT_SHOULDER,59,466.34,275.96
LEFT_SHOULDER,60,511.51,247.93
LEFT_SHOULDER,61,556.55,240.77
LEFT_SHOULDER,62,576.95,240.84
LEFT_SHOULDER,63,575.59,258.23
LEFT_SHOULDER,64,557.27,273.57
LEFT_SHOULDER,65,558.22,273.67
LEFT_SHOULDER,66,510.97,252.11
LEFT_SHOULDER,67,503.23,221.04
LEFT_SHOULDER,68,498.91,203.79
LEFT_SHOULDER,69,499.79,203.61
LEFT_SHOULDER,70,505.90,198.59
LEFT_SHOULDER,71,506.83,199.51
LEFT_SHOULDER,72,513.94,243.34
LEFT_SHOULDER,73,512.17,238.06
LEFT_SHOULDER,74,542.40,206.73
LEFT_SHOULDER,75,543.10,207.41
LEFT_SHOULDER,76,530.42,197.52
LEFT_SHOULDER,77,521.30,207.78
LEFT_SHOULDER,78,473.95,298.87
LEFT_SHOULDER,79,473.79,300.03
LEFT_SHOULDER,80,495.49,236.49
LEFT_SHOULDER,81,503.39,219.64
LEFT_SHOULDER,82,503.84,219.99
LEFT_SHOULDER,83,499.98,218.11
LEFT_SHOULDER,84,507.36,222.68
LEFT_SHOULDER,85,507.41,221.68
LEFT_SHOULDER,86,504.86,260.01
LEFT_SHOULDER,87,509.33,260.27
LEFT_SHOULDER,88,510.96,257.88
LEFT_SHOULDER,89,496.29,234.11
LEFT_SHOULDER,90,484.97,238.83
LEFT_SHOULDER,91,484.73,236.14
LEFT_SHOULDER,92,423.89,327.01
LEFT_SHOULDER,93,419.48,332.83
LEFT_SHOULDER,94,440.81,270.43
LEFT_SHOULDER,95,440.71,269.78
LEFT_SHOULDER,96,446.05,243.61
LEFT_SHOULDER,97,450.30,233.76
LEFT_SHOULDER,98,451.58,233.58
LEFT_SHOULDER,99,450.68,235.74
LEFT_SHOULDER,100,443.51,269.47
LEFT_SHOULDER,101,444.06,268.88
LEFT_SHOULDER,102,455.39,252.30
LEFT_SHOULDER,103,461.39,255.10
LEFT_SHOULDER,104,450.50,241.03
LEFT_SHOULDER,105,427.18,238.05
LEFT_SHOULDER,106,427.12,238.63
LEFT_SHOULDER,107,415.82,245.32
LEFT_SHOULDER,108,400.92,248.29
LEFT_SHOULDER,109,355.73,275.21
LEFT_SHOULDER,110,355.60,275.89
LEFT_SHOULDER,111,365.79,237.57
LEFT_SHOULDER,112,371.79,239.04
LEFT_SHOULDER,113,371.50,239.19
LEFT_SHOULDER,114,381.11,245.29
LEFT_SHOULDER,115,392.86,267.59
LEFT_SHOULDER,116,385.61,285.59
LEFT_SHOULDER,117,384.75,285.76
LEFT_SHOULDER,118,401.75,266.00
LEFT_SHOULDER,119,400.71,265.91
LEFT_SHOULDER,120,337.68,295.03
LEFT_SHOULDER,121,337.36,295.12
LEFT_SHOULDER,122,330.74,313.81
LEFT_SHOULDER,123,331.06,313.43
LEFT_SHOULDER,124,325.24,332.01
LEFT_SHOULDER,125,308.65,315.50
LEFT_SHOULDER,126,323.18,335.86
LEFT_SHOULDER,127,322.18,336.86
LEFT_SHOULDER,128,382.95,338.63
LEFT_SHOULDER,129,378.96,337.50
LEFT_SHOULDER,130,392.44,342.56
LEFT_SHOULDER,131,401.28,329.03
LEFT_SHOULDER,132,402.64,328.64
LEFT_SHOULDER,133,406.99,329.80
LEFT_SHOULDER,134,273.36,363.09
LEFT_SHOULDER,135,272.60,362.69
LEFT_SHOULDER,136,302.96,347.77
LEFT_SHOULDER,137,302.61,347.57
LEFT_SHOULDER,138,295.65,351.79
LEFT_SHOULDER,139,305.67,354.71
LEFT_SHOULDER,140,329.57,367.67
LEFT_SHOULDER,141,362.69,335.08
LEFT_SHOULDER,142,362.99,334.95
LEFT_SHOULDER,143,360.07,338.25
LEFT_SHOULDER,144,425.40,345.29
LEFT_SHOULDER,145,452.85,336.79
LEFT_SHOULDER,146,454.60,336.04
LEFT_SHOULDER,147,460.09,330.79
LEFT_SHOULDER,148,458.17,332.98
LEFT_SHOULDER,149,458.60,331.85
LEFT_SHOULDER,150,436.67,323.63
LEFT_SHOULDER,151,370.11,327.02
LEFT_SHOULDER,152,375.22,334.12
LEFT_SHOULDER,153,354.46,338.35
LEFT_SHOULDER,154,353.87,342.58
LEFT_SHOULDER,155,378.54,345.49
LEFT_SHOULDER,156,375.45,346.48
LEFT_SHOULDER,157,369.56,325.00
LEFT_SHOULDER,158,462.77,332.06
LEFT_SHOULDER,159,463.06,331.82
LEFT_SHOULDER,160,490.31,335.58
LEFT_SHOULDER,161,490.78,335.19
LEFT_SHOULDER,162,505.29,322.73
LEFT_SHOULDER,163,506.42,322.64
LEFT_SHOULDER,164,497.27,312.39
LEFT_SHOULDER,165,497.17,313.24
LEFT_SHOULDER,166,453.17,326.91
LEFT_SHOULDER,167,366.93,351.65
LEFT_SHOULDER,168,388.01,318.16
LEFT_SHOULDER,169,387.33,317.97
LEFT_SHOULDER,170,377.99,325.24
LEFT_SHOULDER,171,377.37,323.01
LEFT_SHOULDER,172,358.80,340.19
LEFT_SHOULDER,173,372.53,330.37
LEFT_SHOULDER,174,371.92,330.02
LEFT_SHOULDER,175,420.96,325.54
LEFT_SHOULDER,176,421.35,326.12
LEFT_SHOULDER,177,499.48,315.96
LEFT_SHOULDER,178,509.75,325.21
LEFT_SHOULDER,179,509.43,325.68
LEFT_SHOULDER,180,506.15,289.10
LEFT_SHOULDER,181,506.25,287.27
LEFT_SHOULDER,182,428.16,299.49
LEFT_SHOULDER,183,435.22,288.36
LEFT_SHOULDER,184,435.17,286.66
LEFT_SHOULDER,185,401.95,273.11
LEFT_SHOULDER,186,382.38,264.39
LEFT_SHOULDER,187,379.09,273.03
LEFT_SHOULDER,188,378.61,273.27
LEFT_SHOULDER,189,446.66,284.59
LEFT_SHOULDER,190,448.78,285.27
LEFT_SHOULDER,191,383.40,256.28
LEFT_SHOULDER,192,423.46,250.73
LEFT_SHOULDER,193,422.68,251.17
LEFT_SHOULDER,194,432.27,251.65
LEFT_SHOULDER,195,423.67,275.23
LEFT_SHOULDER,196,425.93,270.06
LEFT_SHOULDER,197,437.26,245.01
LEFT_SHOULDER,198,436.92,244.80
LEFT_SHOULDER,199,418.84,244.41
LEFT_SHOULDER,200,374.79,255.50
LEFT_SHOULDER,201,374.99,255.80
LEFT_SHOULDER,202,376.19,253.94
LEFT_SHOULDER,203,363.49,252.28
LEFT_SHOULDER,204,365.43,275.13
LEFT_SHOULDER,205,331.66,255.47
LEFT_SHOULDER,206,331.19,254.76
LEFT_SHOULDER,207,331.72,253.71
LEFT_SHOULDER,208,331.81,253.83
LEFT_SHOULDER,209,365.02,262.86
LEFT_SHOULDER,210,365.09,262.25
LEFT_SHOULDER,211,393.43,277.26
LEFT_SHOULDER,212,389.82,281.23
LEFT_SHOULDER,213,413.52,273.25
LEFT_SHOULDER,214,413.69,272.61
LEFT_SHOULDER,215,431.49,268.51
LEFT_SHOULDER,216,386.26,254.65
LEFT_SHOULDER,217,386.22,254.78
LEFT_SHOULDER,218,384.69,255.50
LEFT_SHOULDER,219,326.49,273.60
LEFT_SHOULDER,220,327.37,272.74
LEFT_SHOULDER,221,276.38,271.07
LEFT_SHOULDER,224,303.65,276.25
LEFT_SHOULDER,225,303.50,276.37
LEFT_SHOULDER,228,390.33,286.37
LEFT_SHOULDER,229,401.89,286.05
LEFT_SHOULDER,230,402.38,284.42
LEFT_SHOULDER,231,333.25,288.77
LEFT_SHOULDER,232,334.22,289.27
LEFT_SHOULDER,238,333.15,294.21
LEFT_SHOULDER,239,334.80,295.51
LEFT_SHOULDER,240,393.21,286.86
LEFT_SHOULDER,242,321.91,285.76
LEFT_SHOULDER,243,322.02,285.83
LEFT_SHOULDER,244,325.70,289.75
LEFT_SHOULDER,245,296.20,290.27
LEFT_SHOULDER,250,320.50,290.62
LEFT_SHOULDER,251,319.65,290.65
LEFT_SHOULDER,252,376.83,309.36
LEFT_SHOULDER,253,380.21,291.22
LEFT_SHOULDER,254,380.47,291.59
LEFT_SHOULDER,255,330.66,284.09
LEFT_SHOULDER,256,331.43,284.64
LEFT_SHOULDER,257,328.00,291.21
LEFT_SHOULDER,258,318.76,290.39
LEFT_SHOULDER,259,316.77,289.24
LEFT_SHOULDER,260,295.01,279.73
LEFT_SHOULDER,261,294.07,278.55
LEFT_SHOULDER,263,422.85,293.51
LEFT_SHOULDER,265,452.29,276.25
LEFT_SHOULDER,266,450.20,278.83
LEFT_SHOULDER,267,450.23,279.26
LEFT_SHOULDER,268,457.40,262.82
LEFT_SHOULDER,269,439.70,252.42
LEFT_SHOULDER,270,440.54,263.16
LEFT_SHOULDER,271,406.07,283.26
LEFT_SHOULDER,272,404.73,282.12
LEFT_SHOULDER,273,400.07,279.15
LEFT_SHOULDER,274,331.24,285.76
LEFT_SHOULDER,275,331.35,284.33
LEFT_SHOULDER,276,311.45,278.78
LEFT_SHOULDER,277,329.40,283.71
LEFT_SHOULDER,278,329.23,282.39
LEFT_SHOULDER,279,363.86,253.78
LEFT_SHOULDER,280,361.96,254.46
LEFT_SHOULDER,281,465.45,288.13
LEFT_SHOULDER,282,506.49,294.30
LEFT_SHOULDER,283,507.48,295.89
LEFT_SHOULDER,284,539.97,289.45
LEFT_SHOULDER,285,539.22,289.05
LEFT_SHOULDER,286,514.63,252.22
LEFT_SHOULDER,287,521.66,301.16
LEFT_SHOULDER,288,521.84,301.24
LEFT_SHOULDER,289,491.72,303.33
LEFT_SHOULDER,293,370.84,279.74
LEFT_SHOULDER,294,394.49,289.97
LEFT_SHOULDER,295,394.83,289.60
LEFT_SHOULDER,296,394.78,292.41
LEFT_SHOULDER,297,471.25,251.27
LEFT_SHOULDER,298,491.25,281.48
LEFT_SHOULDER,299,488.82,282.34
LEFT_SHOULDER,300,566.11,283.00
LEFT_SHOULDER,301,569.34,282.86
LEFT_SHOULDER,302,483.36,267.97
LEFT_SHOULDER,303,480.99,255.46
LEFT_SHOULDER,304,556.28,305.44
LEFT_SHOULDER,305,533.58,307.70
LEFT_SHOULDER,306,475.00,312.25
LEFT_SHOULDER,307,474.26,319.86
LEFT_SHOULDER,308,474.44,312.80
LEFT_SHOULDER,309,421.10,306.22
LEFT_SHOULDER,310,405.96,292.94
LEFT_SHOULDER,311,406.07,292.63
LEFT_SHOULDER,312,409.33,290.53
LEFT_SHOULDER,313,422.85,294.40
LEFT_SHOULDER,314,531.17,275.21
LEFT_SHOULDER,315,531.85,270.65
LEFT_SHOULDER,316,524.10,269.80
LEFT_SHOULDER,317,591.79,294.79
LEFT_SHOULDER,318,591.37,295.40
LEFT_SHOULDER,319,606.02,271.26
LEFT_SHOULDER,320,606.49,276.53
LEFT_SHOULDER,321,588.60,305.28
LEFT_SHOULDER,322,589.52,305.05
LEFT_SHOULDER,323,568.42,304.45
LEFT_SHOULDER,324,536.03,305.48
LEFT_SHOULDER,325,480.68,299.15
LEFT_SHOULDER,326,458.25,296.71
LEFT_SHOULDER,328,423.26,303.75
LEFT_SHOULDER,329,404.61,291.97
LEFT_SHOULDER,330,399.89,300.51
LEFT_SHOULDER,331,400.13,298.07
LEFT_SHOULDER,332,431.58,303.89
LEFT_SHOULDER,333,431.14,302.63
LEFT_SHOULDER,334,432.51,301.85
LEFT_SHOULDER,335,467.65,292.05
LEFT_SHOULDER,336,527.34,288.60
LEFT_SHOULDER,337,527.49,288.29
LEFT_SHOULDER,338,552.65,283.39
LEFT_SHOULDER,339,556.40,265.27
LEFT_SHOULDER,340,556.06,265.44
LEFT_SHOULDER,341,558.79,261.84
LEFT_SHOULDER,342,560.69,264.46
LEFT_SHOULDER,343,567.54,257.72
LEFT_SHOULDER,344,562.21,248.90
LEFT_SHOULDER,345,561.82,249.35
LEFT_SHOULDER,346,561.97,249.58
LEFT_SHOULDER,347,535.29,239.58
LEFT_SHOULDER,348,533.54,242.09
LEFT_SHOULDER,349,516.14,249.21
LEFT_SHOULDER,350,483.73,244.94
LEFT_SHOULDER,351,483.46,244.90
LEFT_SHOULDER,352,448.57,253.20
LEFT_SHOULDER,353,427.67,265.60
LEFT_SHOULDER,354,410.90,270.81
LEFT_SHOULDER,355,410.85,271.88
LEFT_SHOULDER,356,409.99,274.08
LEFT_SHOULDER,357,397.80,279.65
LEFT_SHOULDER,358,400.60,279.02
LEFT_SHOULDER,359,401.96,282.28
LEFT_SHOULDER,360,432.61,299.30
LEFT_SHOULDER,361,432.62,299.90
LEFT_SHOULDER,362,432.81,300.48
LEFT_SHOULDER,363,488.40,287.95
LEFT_SHOULDER,364,487.99,287.10
LEFT_SHOULDER,365,514.22,288.33
LEFT_SHOULDER,366,535.33,277.68
LEFT_SHOULDER,367,535.70,277.72
LEFT_SHOULDER,368,532.79,272.00
LEFT_SHOULDER,369,534.33,270.16
LEFT_SHOULDER,370,534.33,268.87
LEFT_SHOULDER,371,516.21,268.21
LEFT_SHOULDER,372,516.06,268.25
LEFT_SHOULDER,373,507.52,265.86
LEFT_SHOULDER,374,508.33,260.02
LEFT_SHOULDER,375,493.30,259.05
LEFT_SHOULDER,376,494.29,256.78
LEFT_SHOULDER,377,484.91,255.10
LEFT_SHOULDER,378,479.01,256.06
LEFT_SHOULDER,379,477.63,255.46
LEFT_SHOULDER,380,464.52,250.70
LEFT_SHOULDER,381,457.19,251.01
LEFT_SHOULDER,382,450.50,247.19
LEFT_SHOULDER,383,451.26,248.39
LEFT_SHOULDER,384,443.82,245.68
LEFT_SHOULDER,385,427.34,243.78
LEFT_SHOULDER,386,432.01,248.60
LEFT_SHOULDER,387,427.25,254.12
LEFT_SHOULDER,388,416.93,253.16
LEFT_SHOULDER,389,416.41,252.29
LEFT_SHOULDER,390,408.35,250.54
LEFT_SHOULDER,391,406.60,256.45
LEFT_SHOULDER,392,407.37,261.83
LEFT_SHOULDER,393,410.58,268.62
LEFT_SHOULDER,394,405.32,286.57
LEFT_SHOULDER,395,404.58,286.94
LEFT_SHOULDER,396,410.39,296.20
LEFT_SHOULDER,397,414.78,327.25
LEFT_SHOULDER,398,417.03,349.89
LEFT_SHOULDER,399,418.00,348.35
LEFT_SHOULDER,400,418.90,367.86
LEFT_SHOULDER,401,409.88,415.66
LEFT_SHOULDER,402,405.25,431.79
LEFT_SHOULDER,403,405.11,431.76
LEFT_SHOULDER,404,391.58,481.27
LEFT_SHOULDER,405,388.95,476.09
LEFT_SHOULDER,406,392.35,477.21
LEFT_SHOULDER,407,400.64,488.68
LEFT_SHOULDER,408,401.68,487.27
LEFT_SHOULDER,409,416.21,479.55
LEFT_SHOULDER,410,411.53,485.59
LEFT_SHOULDER,411,421.33,483.02
LEFT_SHOULDER,412,416.23,480.18
LEFT_SHOULDER,413,422.15,480.71
LEFT_SHOULDER,414,416.60,477.51
LEFT_SHOULDER,415,413.88,482.86
LEFT_SHOULDER,416,429.33,458.10
LEFT_SHOULDER,417,428.90,472.66
LEFT_SHOULDER,418,437.73,438.51
LEFT_SHOULDER,419,436.44,436.72
LEFT_SHOULDER,420,436.78,424.80
LEFT_SHOULDER,421,442.12,414.75
LEFT_SHOULDER,422,444.22,395.56
LEFT_SHOULDER,423,446.97,386.44
LEFT_SHOULDER,424,441.38,374.23
LEFT_SHOULDER,425,437.13,376.43
LEFT_SHOULDER,426,437.85,368.87
LEFT_SHOULDER,427,434.80,353.95
LEFT_SHOULDER,428,433.84,353.37
LEFT_SHOULDER,429,447.20,321.34
LEFT_SHOULDER,430,446.83,309.14
LEFT_SHOULDER,431,446.70,310.34
LEFT_SHOULDER,432,454.59,278.86
RIGHT_SHOULDER,0,517.35,275.20
RIGHT_SHOULDER,1,477.21,313.28
RIGHT_SHOULDER,2,477.03,313.10
RIGHT_SHOULDER,3,450.29,331.09
RIGHT_SHOULDER,4,450.10,331.17
RIGHT_SHOULDER,5,423.13,349.32
RIGHT_SHOULDER,6,376.94,383.75
RIGHT_SHOULDER,7,378.22,383.02
RIGHT_SHOULDER,8,353.66,392.77
RIGHT_SHOULDER,9,344.57,403.00
RIGHT_SHOULDER,10,349.48,402.43
RIGHT_SHOULDER,11,349.52,402.33
RIGHT_SHOULDER,12,388.92,411.35
RIGHT_SHOULDER,13,390.21,411.35
RIGHT_SHOULDER,14,420.86,410.01
RIGHT_SHOULDER,15,471.84,408.34
RIGHT_SHOULDER,16,520.83,399.67
RIGHT_SHOULDER,17,521.81,399.82
RIGHT_SHOULDER,18,577.83,400.05
RIGHT_SHOULDER,19,606.64,388.14
RIGHT_SHOULDER,20,632.22,375.03
RIGHT_SHOULDER,21,648.55,370.70
RIGHT_SHOULDER,22,648.33,370.69
RIGHT_SHOULDER,23,649.83,375.78
RIGHT_SHOULDER,24,639.56,374.61
RIGHT_SHOULDER,25,617.74,386.35
RIGHT_SHOULDER,27,557.55,427.12
RIGHT_SHOULDER,29,484.94,458.85
RIGHT_SHOULDER,30,380.46,462.15
RIGHT_SHOULDER,31,380.47,462.32
RIGHT_SHOULDER,32,353.44,461.56
RIGHT_SHOULDER,33,333.28,452.24
RIGHT_SHOULDER,34,341.37,442.64
RIGHT_SHOULDER,35,342.24,443.23
RIGHT_SHOULDER,36,361.15,427.91
RIGHT_SHOULDER,37,388.52,405.74
RIGHT_SHOULDER,38,422.67,388.18
RIGHT_SHOULDER,39,422.65,388.72
RIGHT_SHOULDER,40,496.89,372.73
RIGHT_SHOULDER,41,486.70,360.12
RIGHT_SHOULDER,42,559.80,326.70
RIGHT_SHOULDER,43,559.78,326.91
RIGHT_SHOULDER,44,573.79,313.20
RIGHT_SHOULDER,45,578.64,309.46
RIGHT_SHOULDER,46,578.86,309.59
RIGHT_SHOULDER,47,571.42,304.17
RIGHT_SHOULDER,48,552.11,309.91
RIGHT_SHOULDER,49,551.52,310.33
RIGHT_SHOULDER,50,533.29,308.84
RIGHT_SHOULDER,51,517.33,310.42
RIGHT_SHOULDER,52,507.47,308.68
RIGHT_SHOULDER,53,507.00,309.25
RIGHT_SHOULDER,54,491.98,306.05
RIGHT_SHOULDER,55,502.01,310.17
RIGHT_SHOULDER,56,501.91,309.91
RIGHT_SHOULDER,57,474.56,313.19
RIGHT_SHOULDER,58,453.89,300.83
RIGHT_SHOULDER,59,454.28,300.93
RIGHT_SHOULDER,60,441.48,302.69
RIGHT_SHOULDER,61,442.52,299.02
RIGHT_SHOULDER,62,453.85,300.82
RIGHT_SHOULDER,63,476.37,297.25
RIGHT_SHOULDER,64,498.54,292.51
RIGHT_SHOULDER,65,499.20,291.21
RIGHT_SHOULDER,66,557.97,295.21
RIGHT_SHOULDER,67,569.47,289.99
RIGHT_SHOULDER,68,589.50,286.18
RIGHT_SHOULDER,69,591.05,287.50
RIGHT_SHOULDER,70,602.83,288.91
RIGHT_SHOULDER,71,603.30,289.58
RIGHT_SHOULDER,72,571.80,292.46
RIGHT_SHOULDER,73,557.29,286.43
RIGHT_SHOULDER,74,484.64,306.72
RIGHT_SHOULDER,75,485.91,307.41
RIGHT_SHOULDER,76,451.42,305.23
RIGHT_SHOULDER,77,467.37,300.59
RIGHT_SHOULDER,78,538.94,270.25
RIGHT_SHOULDER,79,534.67,268.90
RIGHT_SHOULDER,80,544.34,322.39
RIGHT_SHOULDER,81,578.41,315.99
RIGHT_SHOULDER,82,578.04,316.19
RIGHT_SHOULDER,83,575.96,316.50
RIGHT_SHOULDER,84,574.95,325.49
RIGHT_SHOULDER,85,575.98,324.96
RIGHT_SHOULDER,86,522.18,307.23
RIGHT_SHOULDER,87,505.05,313.91
RIGHT_SHOULDER,88,495.99,310.68
RIGHT_SHOULDER,89,430.25,330.90
RIGHT_SHOULDER,90,419.14,333.68
RIGHT_SHOULDER,91,419.47,334.18
RIGHT_SHOULDER,92,451.85,294.06
RIGHT_SHOULDER,93,480.90,286.89
RIGHT_SHOULDER,94,489.57,335.65
RIGHT_SHOULDER,95,489.84,335.76
RIGHT_SHOULDER,96,503.83,349.70
RIGHT_SHOULDER,97,522.63,335.01
RIGHT_SHOULDER,98,533.27,335.55
RIGHT_SHOULDER,99,532.36,334.51
RIGHT_SHOULDER,100,482.54,322.11
RIGHT_SHOULDER,101,481.60,321.51
RIGHT_SHOULDER,102,441.74,292.43
RIGHT_SHOULDER,103,401.87,325.19
RIGHT_SHOULDER,104,390.18,329.40
RIGHT_SHOULDER,105,367.55,334.62
RIGHT_SHOULDER,106,367.59,334.56
RIGHT_SHOULDER,107,359.42,335.71
RIGHT_SHOULDER,108,360.59,333.93
RIGHT_SHOULDER,109,414.04,312.95
RIGHT_SHOULDER,110,413.08,314.78
RIGHT_SHOULDER,111,425.22,338.95
RIGHT_SHOULDER,112,449.02,337.60
RIGHT_SHOULDER,113,449.20,337.57
RIGHT_SHOULDER,114,449.95,346.73
RIGHT_SHOULDER,115,416.89,323.48
RIGHT_SHOULDER,116,377.56,292.77
RIGHT_SHOULDER,117,373.19,293.43
RIGHT_SHOULDER,118,305.03,344.29
RIGHT_SHOULDER,119,303.04,345.54
RIGHT_SHOULDER,120,283.46,359.56
RIGHT_SHOULDER,121,282.90,359.10
RIGHT_SHOULDER,122,324.31,363.87
RIGHT_SHOULDER,123,324.05,363.93
RIGHT_SHOULDER,124,354.07,334.53
RIGHT_SHOULDER,125,379.08,353.30
RIGHT_SHOULDER,126,432.29,378.18
RIGHT_SHOULDER,127,430.09,378.12
RIGHT_SHOULDER,128,424.62,372.93
RIGHT_SHOULDER,129,425.83,373.71
RIGHT_SHOULDER,130,426.69,375.56
RIGHT_SHOULDER,131,372.64,341.41
RIGHT_SHOULDER,132,364.74,343.02
RIGHT_SHOULDER,133,282.94,352.24
RIGHT_SHOULDER,134,384.59,324.86
RIGHT_SHOULDER,135,384.82,324.99
RIGHT_SHOULDER,136,263.78,376.72
RIGHT_SHOULDER,137,269.05,378.46
RIGHT_SHOULDER,138,308.97,369.38
RIGHT_SHOULDER,139,311.47,351.08
RIGHT_SHOULDER,140,305.52,346.63
RIGHT_SHOULDER,141,458.65,365.28
RIGHT_SHOULDER,142,460.14,365.82
RIGHT_SHOULDER,143,458.42,362.43
RIGHT_SHOULDER,144,444.55,371.08
RIGHT_SHOULDER,145,432.24,352.96
RIGHT_SHOULDER,146,431.58,352.58
RIGHT_SHOULDER,147,404.53,343.06
RIGHT_SHOULDER,148,346.06,354.13
RIGHT_SHOULDER,149,346.56,354.23
RIGHT_SHOULDER,150,326.03,367.35
RIGHT_SHOULDER,151,328.62,369.15
RIGHT_SHOULDER,152,331.61,372.20
RIGHT_SHOULDER,153,366.30,370.58
RIGHT_SHOULDER,154,393.48,349.48
RIGHT_SHOULDER,155,432.70,365.43
RIGHT_SHOULDER,156,418.38,356.90
RIGHT_SHOULDER,157,493.99,357.59
RIGHT_SHOULDER,158,515.14,362.76
RIGHT_SHOULDER,159,515.85,362.95
RIGHT_SHOULDER,160,522.05,362.87
RIGHT_SHOULDER,161,521.25,361.97
RIGHT_SHOULDER,162,475.89,348.65
RIGHT_SHOULDER,163,470.19,351.72
RIGHT_SHOULDER,164,407.09,329.38
RIGHT_SHOULDER,165,402.54,330.79
RIGHT_SHOULDER,166,386.11,335.84
RIGHT_SHOULDER,167,383.19,338.49
RIGHT_SHOULDER,168,367.28,368.42
RIGHT_SHOULDER,169,368.29,367.93
RIGHT_SHOULDER,170,393.65,368.04
RIGHT_SHOULDER,171,394.45,367.86
RIGHT_SHOULDER,172,435.84,340.94
RIGHT_SHOULDER,173,497.58,360.10
RIGHT_SHOULDER,174,499.64,358.41
RIGHT_SHOULDER,175,528.58,368.68
RIGHT_SHOULDER,176,527.88,368.85
RIGHT_SHOULDER,177,509.47,359.98
RIGHT_SHOULDER,178,494.05,324.10
RIGHT_SHOULDER,179,495.18,323.69
RIGHT_SHOULDER,180,409.76,316.77
RIGHT_SHOULDER,181,410.08,316.08
RIGHT_SHOULDER,182,352.54,359.50
RIGHT_SHOULDER,183,351.81,360.25
RIGHT_SHOULDER,184,351.73,358.97
RIGHT_SHOULDER,185,352.75,355.43
RIGHT_SHOULDER,186,365.14,359.87
RIGHT_SHOULDER,187,387.23,361.83
RIGHT_SHOULDER,188,386.96,360.81
RIGHT_SHOULDER,189,353.15,271.16
RIGHT_SHOULDER,190,347.70,271.80
RIGHT_SHOULDER,191,466.78,366.67
RIGHT_SHOULDER,192,486.59,351.93
RIGHT_SHOULDER,193,485.90,351.41
RIGHT_SHOULDER,194,475.38,344.62
RIGHT_SHOULDER,195,415.15,336.74
RIGHT_SHOULDER,196,415.56,323.51
RIGHT_SHOULDER,197,348.59,325.86
RIGHT_SHOULDER,198,348.74,326.18
RIGHT_SHOULDER,199,329.00,347.25
RIGHT_SHOULDER,200,336.62,349.40
RIGHT_SHOULDER,201,336.35,349.18
RIGHT_SHOULDER,202,334.80,349.31
RIGHT_SHOULDER,203,358.93,351.17
RIGHT_SHOULDER,204,391.79,329.10
RIGHT_SHOULDER,205,434.03,330.25
RIGHT_SHOULDER,206,434.33,329.81
RIGHT_SHOULDER,207,434.94,320.14
RIGHT_SHOULDER,208,434.89,319.83
RIGHT_SHOULDER,209,413.62,307.79
RIGHT_SHOULDER,210,413.94,306.86
RIGHT_SHOULDER,211,348.77,274.98
RIGHT_SHOULDER,212,347.39,276.66
RIGHT_SHOULDER,213,312.34,276.11
RIGHT_SHOULDER,214,314.31,275.07
RIGHT_SHOULDER,215,319.74,293.61
RIGHT_SHOULDER,216,351.48,285.47
RIGHT_SHOULDER,217,349.79,284.67
RIGHT_SHOULDER,218,349.63,284.51
RIGHT_SHOULDER,219,387.07,281.61
RIGHT_SHOULDER,220,387.06,282.09
RIGHT_SHOULDER,221,391.66,282.13
RIGHT_SHOULDER,224,333.22,266.63
RIGHT_SHOULDER,225,332.89,266.52
RIGHT_SHOULDER,228,281.76,287.48
RIGHT_SHOULDER,229,294.85,305.97
RIGHT_SHOULDER,230,293.74,306.83
RIGHT_SHOULDER,231,364.10,277.68
RIGHT_SHOULDER,232,363.87,278.00
RIGHT_SHOULDER,238,317.83,278.30
RIGHT_SHOULDER,239,322.85,279.08
RIGHT_SHOULDER,240,281.39,287.56
RIGHT_SHOULDER,242,336.10,294.49
RIGHT_SHOULDER,243,338.34,293.89
RIGHT_SHOULDER,244,336.07,293.42
RIGHT_SHOULDER,245,372.65,284.99
RIGHT_SHOULDER,250,359.74,300.28
RIGHT_SHOULDER,251,360.02,300.80
RIGHT_SHOULDER,252,314.56,299.55
RIGHT_SHOULDER,253,303.64,321.43
RIGHT_SHOULDER,254,303.24,321.24
RIGHT_SHOULDER,255,340.89,298.81
RIGHT_SHOULDER,256,338.10,298.44
RIGHT_SHOULDER,257,374.51,297.08
RIGHT_SHOULDER,258,427.03,304.41
RIGHT_SHOULDER,259,425.23,306.88
RIGHT_SHOULDER,260,398.53,291.83
RIGHT_SHOULDER,261,397.69,292.95
RIGHT_SHOULDER,263,347.96,242.43
RIGHT_SHOULDER,265,340.96,268.01
RIGHT_SHOULDER,266,339.15,270.66
RIGHT_SHOULDER,267,338.74,269.94
RIGHT_SHOULDER,268,357.44,270.09
RIGHT_SHOULDER,269,406.01,253.18
RIGHT_SHOULDER,270,450.02,253.34
RIGHT_SHOULDER,271,467.33,241.95
RIGHT_SHOULDER,272,467.16,241.96
RIGHT_SHOULDER,273,466.87,239.61
RIGHT_SHOULDER,274,440.23,241.99
RIGHT_SHOULDER,275,439.03,241.44
RIGHT_SHOULDER,276,417.85,256.64
RIGHT_SHOULDER,277,344.14,268.51
RIGHT_SHOULDER,278,358.50,247.25
RIGHT_SHOULDER,279,366.34,257.71
RIGHT_SHOULDER,280,367.09,256.17
RIGHT_SHOULDER,281,370.69,260.96
RIGHT_SHOULDER,282,401.35,265.92
RIGHT_SHOULDER,283,400.12,263.81
RIGHT_SHOULDER,284,419.26,267.93
RIGHT_SHOULDER,285,418.14,266.27
RIGHT_SHOULDER,286,483.98,269.05
RIGHT_SHOULDER,287,546.01,291.95
RIGHT_SHOULDER,288,545.68,292.30
RIGHT_SHOULDER,289,549.34,288.13
RIGHT_SHOULDER,293,464.54,281.05
RIGHT_SHOULDER,294,374.96,286.31
RIGHT_SHOULDER,295,375.55,286.05
RIGHT_SHOULDER,296,376.81,284.78
RIGHT_SHOULDER,297,400.52,221.37
RIGHT_SHOULDER,298,409.23,262.45
RIGHT_SHOULDER,299,409.68,267.19
RIGHT_SHOULDER,300,444.76,276.60
RIGHT_SHOULDER,301,446.86,275.72
RIGHT_SHOULDER,302,546.52,267.23
RIGHT_SHOULDER,303,545.92,266.10
RIGHT_SHOULDER,304,550.70,297.17
RIGHT_SHOULDER,305,579.05,295.63
RIGHT_SHOULDER,306,577.50,291.45
RIGHT_SHOULDER,307,577.55,291.80
RIGHT_SHOULDER,308,575.84,294.14
RIGHT_SHOULDER,309,534.59,281.89
RIGHT_SHOULDER,310,484.86,290.64
RIGHT_SHOULDER,311,483.88,291.55
RIGHT_SHOULDER,312,452.01,295.33
RIGHT_SHOULDER,313,436.69,288.36
RIGHT_SHOULDER,314,440.80,246.96
RIGHT_SHOULDER,315,441.64,245.36
RIGHT_SHOULDER,316,438.70,243.58
RIGHT_SHOULDER,317,474.96,279.65
RIGHT_SHOULDER,318,474.91,282.02
RIGHT_SHOULDER,319,494.13,276.65
RIGHT_SHOULDER,320,495.78,276.33
RIGHT_SHOULDER,321,584.01,296.81
RIGHT_SHOULDER,322,582.81,296.33
RIGHT_SHOULDER,323,600.52,277.98
RIGHT_SHOULDER,324,598.57,286.75
RIGHT_SHOULDER,325,588.28,287.39
RIGHT_SHOULDER,326,563.44,298.45
RIGHT_SHOULDER,328,535.29,274.77
RIGHT_SHOULDER,329,493.04,286.73
RIGHT_SHOULDER,330,422.04,301.66
RIGHT_SHOULDER,331,421.93,299.40
RIGHT_SHOULDER,332,398.60,283.93
RIGHT_SHOULDER,333,397.98,283.02
RIGHT_SHOULDER,334,400.03,280.61
RIGHT_SHOULDER,335,402.36,270.41
RIGHT_SHOULDER,336,413.62,282.93
RIGHT_SHOULDER,337,413.47,282.38
RIGHT_SHOULDER,338,434.74,286.97
RIGHT_SHOULDER,339,460.78,286.01
RIGHT_SHOULDER,340,461.55,285.77
RIGHT_SHOULDER,341,476.38,288.94
RIGHT_SHOULDER,342,494.73,290.33
RIGHT_SHOULDER,343,499.56,293.96
RIGHT_SHOULDER,344,512.84,280.73
RIGHT_SHOULDER,345,512.89,280.51
RIGHT_SHOULDER,346,512.21,281.04
RIGHT_SHOULDER,347,534.69,276.08
RIGHT_SHOULDER,348,526.25,268.23
RIGHT_SHOULDER,349,511.66,269.60
RIGHT_SHOULDER,350,520.01,277.84
RIGHT_SHOULDER,351,519.83,277.67
RIGHT_SHOULDER,352,521.75,278.23
RIGHT_SHOULDER,353,540.35,280.41
RIGHT_SHOULDER,354,540.28,274.38
RIGHT_SHOULDER,355,540.47,274.34
RIGHT_SHOULDER,356,545.76,270.87
RIGHT_SHOULDER,357,536.52,268.93
RIGHT_SHOULDER,358,536.91,268.60
RIGHT_SHOULDER,359,527.12,264.53
RIGHT_SHOULDER,360,485.74,274.43
RIGHT_SHOULDER,361,485.91,274.10
RIGHT_SHOULDER,362,485.83,272.59
RIGHT_SHOULDER,363,428.32,289.56
RIGHT_SHOULDER,364,428.03,289.03
RIGHT_SHOULDER,365,411.60,274.78
RIGHT_SHOULDER,366,403.23,312.08
RIGHT_SHOULDER,367,403.47,312.05
RIGHT_SHOULDER,368,408.48,304.52
RIGHT_SHOULDER,369,417.07,292.09
RIGHT_SHOULDER,370,417.15,292.10
RIGHT_SHOULDER,371,422.57,268.99
RIGHT_SHOULDER,372,422.55,269.04
RIGHT_SHOULDER,373,425.84,261.64
RIGHT_SHOULDER,374,421.17,260.74
RIGHT_SHOULDER,375,417.02,251.77
RIGHT_SHOULDER,376,416.71,251.62
RIGHT_SHOULDER,377,411.75,251.07
RIGHT_SHOULDER,378,404.81,242.93
RIGHT_SHOULDER,379,404.84,243.19
RIGHT_SHOULDER,380,400.48,241.28
RIGHT_SHOULDER,381,394.76,238.02
RIGHT_SHOULDER,382,384.78,239.78
RIGHT_SHOULDER,383,384.83,240.16
RIGHT_SHOULDER,384,376.05,238.37
RIGHT_SHOULDER,385,367.07,235.17
RIGHT_SHOULDER,386,357.42,237.88
RIGHT_SHOULDER,387,349.27,235.13
RIGHT_SHOULDER,388,345.33,243.60
RIGHT_SHOULDER,389,345.32,242.84
RIGHT_SHOULDER,390,341.31,241.93
RIGHT_SHOULDER,391,340.84,242.74
RIGHT_SHOULDER,392,338.72,256.44
RIGHT_SHOULDER,393,334.00,270.58
RIGHT_SHOULDER,394,334.39,292.96
RIGHT_SHOULDER,395,335.01,292.62
RIGHT_SHOULDER,396,327.96,322.20
RIGHT_SHOULDER,397,324.47,342.73
RIGHT_SHOULDER,398,322.90,361.97
RIGHT_SHOULDER,399,323.53,361.79
RIGHT_SHOULDER,400,328.50,379.45
RIGHT_SHOULDER,401,322.29,428.99
RIGHT_SHOULDER,402,318.35,448.35
RIGHT_SHOULDER,403,318.24,448.80
RIGHT_SHOULDER,404,313.88,481.33
RIGHT_SHOULDER,405,313.40,481.98
RIGHT_SHOULDER,406,315.76,492.60
RIGHT_SHOULDER,407,318.17,495.58
RIGHT_SHOULDER,408,317.62,494.50
RIGHT_SHOULDER,409,319.20,493.29
RIGHT_SHOULDER,410,321.99,504.18
RIGHT_SHOULDER,411,325.52,501.95
RIGHT_SHOULDER,412,325.44,503.34
RIGHT_SHOULDER,413,325.09,497.25
RIGHT_SHOULDER,414,326.97,491.33
RIGHT_SHOULDER,415,329.35,489.77
RIGHT_SHOULDER,416,333.84,483.51
RIGHT_SHOULDER,417,335.32,473.25
RIGHT_SHOULDER,418,338.42,458.98
RIGHT_SHOULDER,419,338.80,458.73
RIGHT_SHOULDER,420,341.00,448.84
RIGHT_SHOULDER,421,340.93,434.37
RIGHT_SHOULDER,422,351.88,408.19
RIGHT_SHOULDER,423,345.50,398.30
RIGHT_SHOULDER,424,346.84,381.56
RIGHT_SHOULDER,425,346.74,364.08
RIGHT_SHOULDER,426,344.04,347.11
RIGHT_SHOULDER,427,346.86,327.72
RIGHT_SHOULDER,428,349.47,328.72
RIGHT_SHOULDER,429,350.65,311.37
RIGHT_SHOULDER,430,345.18,302.66
RIGHT_SHOULDER,431,345.15,302.89
RIGHT_SHOULDER,432,346.64,276.55
LEFT_ELBOW,0,327.53,336.39
LEFT_ELBOW,1,333.16,391.95
LEFT_ELBOW,2,333.77,390.05
LEFT_ELBOW,3,353.78,436.57
LEFT_ELBOW,4,354.06,436.31
LEFT_ELBOW,5,409.02,432.58
LEFT_ELBOW,6,439.85,484.77
LEFT_ELBOW,7,439.25,484.50
LEFT_ELBOW,8,459.38,496.63
LEFT_ELBOW,9,480.93,507.84
LEFT_ELBOW,10,492.58,508.01
LEFT_ELBOW,11,492.78,508.10
LEFT_ELBOW,12,524.34,511.09
LEFT_ELBOW,13,523.53,509.74
LEFT_ELBOW,14,548.45,519.42
LEFT_ELBOW,15,553.26,523.34
LEFT_ELBOW,16,549.86,506.90
LEFT_ELBOW,17,549.03,507.85
LEFT_ELBOW,18,509.55,484.63
LEFT_ELBOW,19,516.93,449.47
LEFT_ELBOW,20,547.94,416.33
LEFT_ELBOW,21,545.27,404.62
LEFT_ELBOW,22,545.30,404.59
LEFT_ELBOW,23,554.87,413.73
LEFT_ELBOW,24,523.45,435.69
LEFT_ELBOW,25,497.73,459.46
LEFT_ELBOW,27,461.79,395.77
LEFT_ELBOW,29,427.00,451.33
LEFT_ELBOW,30,430.40,448.27
LEFT_ELBOW,31,430.27,447.96
LEFT_ELBOW,32,451.75,449.80
LEFT_ELBOW,33,479.13,451.25
LEFT_ELBOW,34,507.52,461.10
LEFT_ELBOW,35,508.56,460.96
LEFT_ELBOW,36,523.95,464.59
LEFT_ELBOW,37,575.65,464.18
LEFT_ELBOW,38,614.88,452.69
LEFT_ELBOW,39,614.28,452.77
LEFT_ELBOW,40,560.03,436.55
LEFT_ELBOW,41,649.44,439.08
LEFT_ELBOW,42,589.13,471.38
LEFT_ELBOW,43,589.84,470.53
LEFT_ELBOW,44,611.27,444.64
LEFT_ELBOW,45,598.40,437.55
LEFT_ELBOW,46,598.66,437.44
LEFT_ELBOW,47,544.57,415.34
LEFT_ELBOW,48,492.24,368.26
LEFT_ELBOW,49,492.42,387.48
LEFT_ELBOW,50,441.36,374.84
LEFT_ELBOW,51,386.82,354.52
LEFT_ELBOW,52,300.23,338.62
LEFT_ELBOW,53,300.35,338.39
LEFT_ELBOW,54,284.20,323.71
LEFT_ELBOW,55,320.19,293.00
LEFT_ELBOW,56,320.20,292.15
LEFT_ELBOW,57,460.94,334.20
LEFT_ELBOW,58,542.94,266.86
LEFT_ELBOW,59,543.71,266.70
LEFT_ELBOW,60,640.37,254.55
LEFT_ELBOW,61,678.00,255.13
LEFT_ELBOW,62,687.28,249.06
LEFT_ELBOW,63,656.77,265.91
LEFT_ELBOW,64,624.56,285.84
LEFT_ELBOW,65,624.73,287.04
LEFT_ELBOW,66,493.31,213.75
LEFT_ELBOW,67,438.62,180.39
LEFT_ELBOW,68,408.40,155.23
LEFT_ELBOW,69,405.47,155.06
LEFT_ELBOW,70,436.04,113.25
LEFT_ELBOW,71,436.94,114.28
LEFT_ELBOW,72,490.34,152.92
LEFT_ELBOW,73,502.94,116.09
LEFT_ELBOW,74,556.01,87.99
LEFT_ELBOW,75,556.18,89.07
LEFT_ELBOW,76,575.73,102.87
LEFT_ELBOW,77,549.75,106.32
LEFT_ELBOW,78,444.66,332.86
LEFT_ELBOW,79,439.25,334.01
LEFT_ELBOW,80,507.14,143.11
LEFT_ELBOW,81,475.10,104.49
LEFT_ELBOW,82,474.94,104.31
LEFT_ELBOW,83,474.41,107.31
LEFT_ELBOW,84,468.06,106.71
LEFT_ELBOW,85,467.50,106.85
LEFT_ELBOW,86,476.55,136.95
LEFT_ELBOW,87,483.30,137.10
LEFT_ELBOW,88,485.48,130.90
LEFT_ELBOW,89,503.83,128.47
LEFT_ELBOW,90,507.95,134.97
LEFT_ELBOW,91,508.95,133.10
LEFT_ELBOW,92,363.51,312.21
LEFT_ELBOW,93,312.62,378.06
LEFT_ELBOW,94,469.62,153.83
LEFT_ELBOW,95,469.00,153.04
LEFT_ELBOW,96,458.25,132.50
LEFT_ELBOW,97,435.95,113.03
LEFT_ELBOW,98,413.32,117.37
LEFT_ELBOW,99,413.90,121.91
LEFT_ELBOW,100,407.50,135.61
LEFT_ELBOW,101,406.15,131.35
LEFT_ELBOW,102,413.03,133.89
LEFT_ELBOW,103,428.04,141.00
LEFT_ELBOW,104,437.32,128.96
LEFT_ELBOW,105,437.74,139.86
LEFT_ELBOW,106,438.68,140.36
LEFT_ELBOW,107,442.83,144.71
LEFT_ELBOW,108,430.74,140.85
LEFT_ELBOW,109,375.69,142.12
LEFT_ELBOW,110,374.17,158.26
LEFT_ELBOW,111,351.63,110.73
LEFT_ELBOW,112,341.34,117.43
LEFT_ELBOW,113,341.25,117.09
LEFT_ELBOW,114,348.50,141.07
LEFT_ELBOW,115,385.30,156.04
LEFT_ELBOW,116,419.04,191.92
LEFT_ELBOW,117,418.26,192.27
LEFT_ELBOW,118,506.81,227.09
LEFT_ELBOW,119,507.23,228.22
LEFT_ELBOW,120,387.59,301.76
LEFT_ELBOW,121,386.48,301.51
LEFT_ELBOW,122,262.83,274.67
LEFT_ELBOW,123,264.32,276.19
LEFT_ELBOW,124,332.80,344.99
LEFT_ELBOW,125,193.78,336.20
LEFT_ELBOW,126,223.64,364.49
LEFT_ELBOW,127,222.89,364.86
LEFT_ELBOW,128,348.05,356.00
LEFT_ELBOW,129,341.72,360.80
LEFT_ELBOW,130,346.28,360.48
LEFT_ELBOW,131,512.13,348.51
LEFT_ELBOW,132,510.18,349.16
LEFT_ELBOW,133,516.41,343.38
LEFT_ELBOW,134,197.13,387.80
LEFT_ELBOW,135,197.16,389.20
LEFT_ELBOW,136,392.16,382.81
LEFT_ELBOW,137,392.13,382.53
LEFT_ELBOW,138,262.22,346.73
LEFT_ELBOW,139,214.36,354.40
LEFT_ELBOW,140,203.20,375.86
LEFT_ELBOW,141,282.32,361.22
LEFT_ELBOW,142,275.56,360.78
LEFT_ELBOW,143,279.83,359.51
LEFT_ELBOW,144,527.96,356.03
LEFT_ELBOW,145,520.38,346.43
LEFT_ELBOW,146,520.37,346.57
LEFT_ELBOW,147,569.37,349.54
LEFT_ELBOW,148,574.33,343.65
LEFT_ELBOW,149,574.20,342.73
LEFT_ELBOW,150,536.84,336.38
LEFT_ELBOW,151,446.56,335.15
LEFT_ELBOW,152,465.93,384.41
LEFT_ELBOW,153,329.38,345.10
LEFT_ELBOW,154,261.10,334.92
LEFT_ELBOW,155,272.19,338.82
LEFT_ELBOW,156,268.31,339.60
LEFT_ELBOW,157,257.43,342.05
LEFT_ELBOW,158,446.18,358.97
LEFT_ELBOW,159,445.56,358.23
LEFT_ELBOW,160,474.22,342.71
LEFT_ELBOW,161,473.63,343.54
LEFT_ELBOW,162,611.14,343.01
LEFT_ELBOW,163,612.83,343.58
LEFT_ELBOW,164,620.16,332.42
LEFT_ELBOW,165,620.49,333.13
LEFT_ELBOW,166,473.75,339.10
LEFT_ELBOW,167,353.33,372.13
LEFT_ELBOW,168,470.28,387.93
LEFT_ELBOW,169,470.70,386.71
LEFT_ELBOW,170,362.24,320.49
LEFT_ELBOW,171,359.71,319.94
LEFT_ELBOW,172,241.02,350.49
LEFT_ELBOW,173,262.26,346.45
LEFT_ELBOW,174,261.84,346.14
LEFT_ELBOW,175,313.13,347.17
LEFT_ELBOW,176,313.42,347.35
LEFT_ELBOW,177,417.31,321.59
LEFT_ELBOW,178,545.29,322.35
LEFT_ELBOW,179,544.88,322.28
LEFT_ELBOW,180,603.57,314.16
LEFT_ELBOW,181,603.42,314.02
LEFT_ELBOW,182,549.78,311.82
LEFT_ELBOW,183,548.96,312.44
LEFT_ELBOW,184,547.38,312.85
LEFT_ELBOW,185,490.18,286.68
LEFT_ELBOW,186,442.04,270.90
LEFT_ELBOW,187,391.97,268.36
LEFT_ELBOW,188,393.65,268.20
LEFT_ELBOW,189,430.57,363.76
LEFT_ELBOW,190,442.07,370.44
LEFT_ELBOW,191,291.14,290.25
LEFT_ELBOW,192,316.82,290.04
LEFT_ELBOW,193,316.56,290.17
LEFT_ELBOW,194,371.29,293.35
LEFT_ELBOW,195,438.77,250.61
LEFT_ELBOW,196,438.49,250.65
LEFT_ELBOW,197,539.75,267.60
LEFT_ELBOW,198,539.57,267.45
LEFT_ELBOW,199,533.91,250.90
LEFT_ELBOW,200,444.22,219.28
LEFT_ELBOW,201,443.07,219.23
LEFT_ELBOW,202,445.96,218.46
LEFT_ELBOW,203,389.93,211.42
LEFT_ELBOW,204,334.78,210.43
LEFT_ELBOW,205,252.43,172.68
LEFT_ELBOW,206,252.62,172.59
LEFT_ELBOW,207,252.75,171.40
LEFT_ELBOW,208,252.63,170.88
LEFT_ELBOW,209,317.93,163.85
LEFT_ELBOW,210,317.42,163.81
LEFT_ELBOW,211,456.20,182.50
LEFT_ELBOW,212,454.16,184.96
LEFT_ELBOW,213,483.65,205.51
LEFT_ELBOW,214,483.83,206.05
LEFT_ELBOW,215,493.10,208.57
LEFT_ELBOW,216,414.72,165.85
LEFT_ELBOW,217,415.19,165.81
LEFT_ELBOW,218,414.52,167.05
LEFT_ELBOW,219,263.13,176.07
LEFT_ELBOW,220,263.56,176.06
LEFT_ELBOW,221,197.21,195.74
LEFT_ELBOW,224,337.31,190.00
LEFT_ELBOW,225,337.38,189.67
LEFT_ELBOW,228,456.87,200.78
LEFT_ELBOW,229,419.60,195.46
LEFT_ELBOW,230,420.68,194.24
LEFT_ELBOW,231,306.78,201.81
LEFT_ELBOW,232,307.56,202.23
LEFT_ELBOW,238,403.44,241.24
LEFT_ELBOW,239,402.76,243.34
LEFT_ELBOW,240,467.11,204.16
LEFT_ELBOW,242,368.65,212.30
LEFT_ELBOW,243,365.80,207.28
LEFT_ELBOW,244,363.48,217.59
LEFT_ELBOW,245,280.52,210.69
LEFT_ELBOW,250,293.22,220.68
LEFT_ELBOW,251,292.69,219.95
LEFT_ELBOW,252,433.72,229.05
LEFT_ELBOW,253,450.02,211.81
LEFT_ELBOW,254,449.23,212.47
LEFT_ELBOW,255,414.09,194.22
LEFT_ELBOW,256,416.69,194.97
LEFT_ELBOW,257,356.16,205.44
LEFT_ELBOW,258,270.29,236.03
LEFT_ELBOW,259,264.40,220.96
LEFT_ELBOW,260,237.00,202.00
LEFT_ELBOW,261,242.12,202.89
LEFT_ELBOW,263,471.52,334.34
LEFT_ELBOW,265,488.28,163.21
LEFT_ELBOW,266,488.01,163.66
LEFT_ELBOW,267,485.23,162.33
LEFT_ELBOW,268,481.75,155.86
LEFT_ELBOW,269,453.39,152.78
LEFT_ELBOW,270,409.08,162.85
LEFT_ELBOW,271,361.86,198.36
LEFT_ELBOW,272,368.10,198.27
LEFT_ELBOW,273,362.13,196.71
LEFT_ELBOW,274,297.93,174.12
LEFT_ELBOW,275,296.28,176.40
LEFT_ELBOW,276,298.58,169.07
LEFT_ELBOW,277,358.96,159.44
LEFT_ELBOW,278,363.65,156.79
LEFT_ELBOW,279,388.39,153.45
LEFT_ELBOW,280,388.15,151.04
LEFT_ELBOW,281,510.71,179.07
LEFT_ELBOW,282,549.72,198.75
LEFT_ELBOW,283,551.35,199.78
LEFT_ELBOW,284,562.82,184.14
LEFT_ELBOW,285,561.90,184.67
LEFT_ELBOW,286,517.46,179.50
LEFT_ELBOW,287,507.10,193.78
LEFT_ELBOW,288,507.39,193.28
LEFT_ELBOW,289,459.54,207.65
LEFT_ELBOW,293,378.75,174.04
LEFT_ELBOW,294,434.38,174.64
LEFT_ELBOW,295,434.75,174.65
LEFT_ELBOW,296,432.04,175.44
LEFT_ELBOW,297,541.92,210.46
LEFT_ELBOW,298,524.73,177.61
LEFT_ELBOW,299,523.50,176.84
LEFT_ELBOW,300,582.04,193.10
LEFT_ELBOW,301,582.79,195.17
LEFT_ELBOW,302,462.63,177.12
LEFT_ELBOW,303,449.80,173.81
LEFT_ELBOW,304,537.31,190.59
LEFT_ELBOW,305,500.95,206.48
LEFT_ELBOW,306,459.83,226.13
LEFT_ELBOW,307,462.09,242.07
LEFT_ELBOW,308,468.23,219.40
LEFT_ELBOW,309,411.08,196.64
LEFT_ELBOW,310,418.45,179.95
LEFT_ELBOW,311,416.97,180.78
LEFT_ELBOW,312,434.16,187.51
LEFT_ELBOW,313,467.71,166.38
LEFT_ELBOW,314,564.07,181.43
LEFT_ELBOW,315,566.97,173.59
LEFT_ELBOW,316,565.31,178.38
LEFT_ELBOW,317,610.07,190.67
LEFT_ELBOW,318,609.08,191.23
LEFT_ELBOW,319,604.28,174.14
LEFT_ELBOW,320,608.22,180.38
LEFT_ELBOW,321,560.42,185.46
LEFT_ELBOW,322,559.91,187.22
LEFT_ELBOW,323,537.56,194.21
LEFT_ELBOW,324,503.21,204.37
LEFT_ELBOW,325,459.43,193.96
LEFT_ELBOW,326,444.94,184.09
LEFT_ELBOW,328,412.54,192.47
LEFT_ELBOW,329,406.78,180.41
LEFT_ELBOW,330,433.30,182.79
LEFT_ELBOW,331,433.44,181.94
LEFT_ELBOW,332,482.60,192.97
LEFT_ELBOW,333,484.13,191.14
LEFT_ELBOW,334,483.83,191.37
LEFT_ELBOW,335,516.21,200.78
LEFT_ELBOW,336,551.77,174.48
LEFT_ELBOW,337,551.66,174.81
LEFT_ELBOW,338,556.50,174.16
LEFT_ELBOW,339,545.35,170.94
LEFT_ELBOW,340,544.98,171.16
LEFT_ELBOW,341,529.58,167.47
LEFT_ELBOW,342,525.83,154.93
LEFT_ELBOW,343,527.73,153.49
LEFT_ELBOW,344,567.35,130.39
LEFT_ELBOW,345,567.08,129.80
LEFT_ELBOW,346,566.51,129.76
LEFT_ELBOW,347,584.72,133.24
LEFT_ELBOW,348,603.29,151.73
LEFT_ELBOW,349,602.93,192.54
LEFT_ELBOW,350,594.85,217.39
LEFT_ELBOW,351,594.73,217.27
LEFT_ELBOW,352,441.70,343.90
LEFT_ELBOW,353,445.17,359.76
LEFT_ELBOW,354,354.84,323.48
LEFT_ELBOW,355,355.13,321.67
LEFT_ELBOW,356,310.71,305.74
LEFT_ELBOW,357,274.38,303.18
LEFT_ELBOW,358,276.21,303.00
LEFT_ELBOW,359,294.15,304.65
LEFT_ELBOW,360,484.22,362.27
LEFT_ELBOW,361,493.87,377.24
LEFT_ELBOW,362,500.31,393.59
LEFT_ELBOW,363,589.13,328.16
LEFT_ELBOW,364,590.24,327.06
LEFT_ELBOW,365,611.47,333.89
LEFT_ELBOW,366,610.47,344.16
LEFT_ELBOW,367,611.10,344.29
LEFT_ELBOW,368,583.62,343.86
LEFT_ELBOW,369,556.12,365.28
LEFT_ELBOW,370,564.21,366.18
LEFT_ELBOW,371,512.24,362.47
LEFT_ELBOW,372,512.08,362.54
LEFT_ELBOW,373,496.59,375.79
LEFT_ELBOW,374,482.87,295.36
LEFT_ELBOW,375,457.40,362.94
LEFT_ELBOW,376,458.16,352.50
LEFT_ELBOW,377,462.13,354.69
LEFT_ELBOW,378,456.25,356.59
LEFT_ELBOW,379,454.83,355.95
LEFT_ELBOW,380,441.78,355.16
LEFT_ELBOW,381,436.41,353.85
LEFT_ELBOW,382,428.60,337.71
LEFT_ELBOW,383,427.93,345.33
LEFT_ELBOW,384,420.24,336.04
LEFT_ELBOW,385,413.03,349.29
LEFT_ELBOW,386,417.79,354.64
LEFT_ELBOW,387,418.12,353.29
LEFT_ELBOW,388,404.74,355.12
LEFT_ELBOW,389,404.51,355.03
LEFT_ELBOW,390,398.08,357.32
LEFT_ELBOW,391,395.65,363.62
LEFT_ELBOW,392,366.36,374.44
LEFT_ELBOW,393,356.19,379.97
LEFT_ELBOW,394,341.09,390.80
LEFT_ELBOW,395,341.42,390.53
LEFT_ELBOW,396,365.86,386.84
LEFT_ELBOW,397,373.29,400.53
LEFT_ELBOW,398,373.01,420.68
LEFT_ELBOW,399,368.85,421.51
LEFT_ELBOW,400,359.28,425.53
LEFT_ELBOW,401,355.83,458.21
LEFT_ELBOW,402,338.21,474.86
LEFT_ELBOW,403,331.17,471.07
LEFT_ELBOW,404,336.23,479.86
LEFT_ELBOW,405,331.87,471.10
LEFT_ELBOW,406,335.46,472.54
LEFT_ELBOW,407,372.74,464.10
LEFT_ELBOW,408,377.48,462.99
LEFT_ELBOW,409,372.61,474.64
LEFT_ELBOW,410,370.15,482.52
LEFT_ELBOW,411,362.70,488.30
LEFT_ELBOW,412,366.46,476.44
LEFT_ELBOW,413,376.02,479.10
LEFT_ELBOW,414,378.13,462.05
LEFT_ELBOW,415,370.21,470.64
LEFT_ELBOW,416,395.75,453.18
LEFT_ELBOW,417,392.40,465.27
LEFT_ELBOW,418,384.77,458.59
LEFT_ELBOW,419,393.86,460.39
LEFT_ELBOW,420,382.92,453.97
LEFT_ELBOW,421,394.40,424.64
LEFT_ELBOW,422,388.02,435.61
LEFT_ELBOW,423,394.04,423.48
LEFT_ELBOW,424,384.91,407.53
LEFT_ELBOW,425,391.41,437.71
LEFT_ELBOW,426,394.67,442.10
LEFT_ELBOW,427,403.19,430.63
LEFT_ELBOW,428,404.20,428.87
LEFT_ELBOW,429,426.92,390.39
LEFT_ELBOW,430,444.68,366.35
LEFT_ELBOW,431,444.34,365.87
LEFT_ELBOW,432,482.17,321.23
RIGHT_ELBOW,0,601.45,305.97
RIGHT_ELBOW,1,544.27,311.48
RIGHT_ELBOW,2,544.24,311.43
RIGHT_ELBOW,3,508.37,321.71
RIGHT_ELBOW,4,507.86,322.13
RIGHT_ELBOW,5,467.46,323.88
RIGHT_ELBOW,6,401.96,414.28
RIGHT_ELBOW,7,397.85,405.35
RIGHT_ELBOW,8,284.29,393.06
RIGHT_ELBOW,9,295.97,432.66
RIGHT_ELBOW,10,284.17,435.70
RIGHT_ELBOW,11,284.21,435.73
RIGHT_ELBOW,12,292.77,453.39
RIGHT_ELBOW,13,297.75,452.65
RIGHT_ELBOW,14,325.36,453.32
RIGHT_ELBOW,15,391.17,440.40
RIGHT_ELBOW,16,442.51,427.77
RIGHT_ELBOW,17,442.63,427.93
RIGHT_ELBOW,18,545.35,438.68
RIGHT_ELBOW,19,645.02,396.42
RIGHT_ELBOW,20,717.32,379.27
RIGHT_ELBOW,21,762.65,372.34
RIGHT_ELBOW,22,762.90,372.47
RIGHT_ELBOW,23,748.05,387.47
RIGHT_ELBOW,24,708.76,391.66
RIGHT_ELBOW,25,654.05,407.41
RIGHT_ELBOW,27,541.83,473.96
RIGHT_ELBOW,29,494.48,446.59
RIGHT_ELBOW,30,306.04,534.47
RIGHT_ELBOW,31,305.71,534.91
RIGHT_ELBOW,32,257.90,534.94
RIGHT_ELBOW,33,239.71,512.53
RIGHT_ELBOW,34,233.73,492.20
RIGHT_ELBOW,35,235.58,491.64
RIGHT_ELBOW,36,242.12,465.51
RIGHT_ELBOW,37,266.54,432.68
RIGHT_ELBOW,38,296.67,399.03
RIGHT_ELBOW,39,296.51,399.00
RIGHT_ELBOW,40,463.50,388.76
RIGHT_ELBOW,41,371.73,348.14
RIGHT_ELBOW,42,437.04,329.34
RIGHT_ELBOW,43,436.69,329.85
RIGHT_ELBOW,44,449.37,327.28
RIGHT_ELBOW,45,457.07,325.04
RIGHT_ELBOW,46,457.91,325.21
RIGHT_ELBOW,47,473.16,333.14
RIGHT_ELBOW,48,467.69,340.78
RIGHT_ELBOW,49,466.15,341.35
RIGHT_ELBOW,50,496.19,331.27
RIGHT_ELBOW,51,523.44,334.26
RIGHT_ELBOW,52,602.39,338.45
RIGHT_ELBOW,53,603.71,338.36
RIGHT_ELBOW,54,604.62,336.03
RIGHT_ELBOW,55,583.96,337.89
RIGHT_ELBOW,56,583.92,337.98
RIGHT_ELBOW,57,524.04,341.45
RIGHT_ELBOW,58,489.37,311.15
RIGHT_ELBOW,59,486.72,317.03
RIGHT_ELBOW,60,357.63,331.06
RIGHT_ELBOW,61,331.21,327.92
RIGHT_ELBOW,62,333.48,320.43
RIGHT_ELBOW,63,372.16,315.89
RIGHT_ELBOW,64,429.76,310.40
RIGHT_ELBOW,65,431.14,309.92
RIGHT_ELBOW,66,562.33,283.22
RIGHT_ELBOW,67,635.27,279.57
RIGHT_ELBOW,68,696.50,300.16
RIGHT_ELBOW,69,696.78,301.54
RIGHT_ELBOW,70,696.69,313.59
RIGHT_ELBOW,71,697.59,314.14
RIGHT_ELBOW,72,627.55,318.55
RIGHT_ELBOW,73,591.59,279.68
RIGHT_ELBOW,74,412.81,341.44
RIGHT_ELBOW,75,415.10,341.54
RIGHT_ELBOW,76,333.31,336.90
RIGHT_ELBOW,77,370.28,337.57
RIGHT_ELBOW,78,522.36,227.97
RIGHT_ELBOW,79,530.48,247.14
RIGHT_ELBOW,80,519.40,296.46
RIGHT_ELBOW,81,691.91,352.77
RIGHT_ELBOW,82,691.67,352.52
RIGHT_ELBOW,83,694.60,350.62
RIGHT_ELBOW,84,649.28,354.13
RIGHT_ELBOW,85,651.61,353.76
RIGHT_ELBOW,86,559.17,338.81
RIGHT_ELBOW,87,508.63,352.70
RIGHT_ELBOW,88,497.17,312.94
RIGHT_ELBOW,89,327.92,365.93
RIGHT_ELBOW,90,295.92,374.70
RIGHT_ELBOW,91,295.49,374.33
RIGHT_ELBOW,92,462.27,215.48
RIGHT_ELBOW,93,507.89,174.99
RIGHT_ELBOW,94,468.66,333.57
RIGHT_ELBOW,95,480.46,336.06
RIGHT_ELBOW,96,613.74,375.09
RIGHT_ELBOW,97,625.78,365.39
RIGHT_ELBOW,98,649.40,359.71
RIGHT_ELBOW,99,647.91,358.33
RIGHT_ELBOW,100,570.44,353.47
RIGHT_ELBOW,101,570.36,353.41
RIGHT_ELBOW,102,463.13,361.74
RIGHT_ELBOW,103,413.35,302.43
RIGHT_ELBOW,104,305.10,362.05
RIGHT_ELBOW,105,262.79,367.59
RIGHT_ELBOW,106,262.55,367.94
RIGHT_ELBOW,107,239.62,374.88
RIGHT_ELBOW,108,258.50,377.96
RIGHT_ELBOW,109,429.79,270.70
RIGHT_ELBOW,110,428.62,282.37
RIGHT_ELBOW,111,535.74,367.29
RIGHT_ELBOW,112,562.95,349.51
RIGHT_ELBOW,113,562.55,350.05
RIGHT_ELBOW,114,564.22,348.57
RIGHT_ELBOW,115,411.89,276.35
RIGHT_ELBOW,116,398.44,251.19
RIGHT_ELBOW,117,396.21,249.74
RIGHT_ELBOW,118,203.28,363.61
RIGHT_ELBOW,119,201.69,363.43
RIGHT_ELBOW,120,182.84,390.18
RIGHT_ELBOW,121,183.02,389.87
RIGHT_ELBOW,122,244.33,391.17
RIGHT_ELBOW,123,244.88,391.05
RIGHT_ELBOW,124,364.14,379.44
RIGHT_ELBOW,125,425.56,393.21
RIGHT_ELBOW,126,545.16,382.76
RIGHT_ELBOW,127,542.77,382.32
RIGHT_ELBOW,128,527.78,376.81
RIGHT_ELBOW,129,529.20,377.72
RIGHT_ELBOW,130,500.22,375.52
RIGHT_ELBOW,131,490.67,379.93
RIGHT_ELBOW,132,391.95,424.42
RIGHT_ELBOW,133,201.96,386.30
RIGHT_ELBOW,134,479.89,338.14
RIGHT_ELBOW,135,480.90,338.18
RIGHT_ELBOW,136,182.25,398.29
RIGHT_ELBOW,137,182.57,398.23
RIGHT_ELBOW,138,280.45,372.86
RIGHT_ELBOW,139,206.48,350.67
RIGHT_ELBOW,140,183.25,362.72
RIGHT_ELBOW,141,570.85,376.05
RIGHT_ELBOW,142,573.63,374.53
RIGHT_ELBOW,143,568.20,370.89
RIGHT_ELBOW,144,545.46,365.46
RIGHT_ELBOW,145,521.46,357.85
RIGHT_ELBOW,146,521.30,358.70
RIGHT_ELBOW,147,338.14,393.78
RIGHT_ELBOW,148,252.29,397.00
RIGHT_ELBOW,149,253.71,397.70
RIGHT_ELBOW,150,212.03,396.18
RIGHT_ELBOW,151,215.64,408.26
RIGHT_ELBOW,152,248.72,410.99
RIGHT_ELBOW,153,359.02,377.32
RIGHT_ELBOW,154,434.35,364.27
RIGHT_ELBOW,155,523.50,412.04
RIGHT_ELBOW,156,506.33,401.32
RIGHT_ELBOW,157,600.23,390.19
RIGHT_ELBOW,158,624.06,362.82
RIGHT_ELBOW,159,623.46,362.80
RIGHT_ELBOW,160,597.49,364.25
RIGHT_ELBOW,161,597.23,364.34
RIGHT_ELBOW,162,422.80,420.92
RIGHT_ELBOW,163,403.88,416.10
RIGHT_ELBOW,164,338.13,370.59
RIGHT_ELBOW,165,328.95,371.41
RIGHT_ELBOW,166,285.78,369.94
RIGHT_ELBOW,167,335.41,354.88
RIGHT_ELBOW,168,324.35,401.49
RIGHT_ELBOW,169,319.90,400.56
RIGHT_ELBOW,170,373.30,370.84
RIGHT_ELBOW,171,374.21,376.64
RIGHT_ELBOW,172,506.29,393.43
RIGHT_ELBOW,173,614.65,397.72
RIGHT_ELBOW,174,617.10,397.75
RIGHT_ELBOW,175,641.04,382.91
RIGHT_ELBOW,176,642.17,382.37
RIGHT_ELBOW,177,462.25,405.63
RIGHT_ELBOW,178,508.67,344.81
RIGHT_ELBOW,179,512.68,343.60
RIGHT_ELBOW,180,338.89,395.10
RIGHT_ELBOW,181,339.51,394.85
RIGHT_ELBOW,182,261.79,437.49
RIGHT_ELBOW,183,261.99,437.62
RIGHT_ELBOW,184,263.23,436.48
RIGHT_ELBOW,185,286.47,442.35
RIGHT_ELBOW,186,310.33,459.23
RIGHT_ELBOW,187,361.06,465.89
RIGHT_ELBOW,188,363.16,461.35
RIGHT_ELBOW,189,315.67,295.26
RIGHT_ELBOW,190,314.79,295.81
RIGHT_ELBOW,191,529.99,454.81
RIGHT_ELBOW,192,553.69,433.12
RIGHT_ELBOW,193,552.04,432.77
RIGHT_ELBOW,194,519.01,428.10
RIGHT_ELBOW,195,378.70,417.54
RIGHT_ELBOW,196,389.93,415.62
RIGHT_ELBOW,197,317.39,405.66
RIGHT_ELBOW,198,317.11,405.99
RIGHT_ELBOW,199,252.06,424.65
RIGHT_ELBOW,200,255.47,433.85
RIGHT_ELBOW,201,255.46,433.68
RIGHT_ELBOW,202,256.32,434.19
RIGHT_ELBOW,203,320.22,433.46
RIGHT_ELBOW,204,397.55,421.30
RIGHT_ELBOW,205,514.96,366.00
RIGHT_ELBOW,206,516.27,363.64
RIGHT_ELBOW,207,520.23,337.54
RIGHT_ELBOW,208,520.71,337.56
RIGHT_ELBOW,209,503.58,305.90
RIGHT_ELBOW,210,502.32,306.62
RIGHT_ELBOW,211,287.06,228.25
RIGHT_ELBOW,212,284.43,225.35
RIGHT_ELBOW,213,230.79,221.96
RIGHT_ELBOW,214,222.68,216.08
RIGHT_ELBOW,215,231.91,230.54
RIGHT_ELBOW,216,294.65,206.36
RIGHT_ELBOW,217,294.71,206.26
RIGHT_ELBOW,218,293.57,206.66
RIGHT_ELBOW,219,410.56,181.68
RIGHT_ELBOW,220,410.77,182.45
RIGHT_ELBOW,221,439.97,233.59
RIGHT_ELBOW,224,381.13,174.77
RIGHT_ELBOW,225,376.58,173.11
RIGHT_ELBOW,228,312.53,173.52
RIGHT_ELBOW,229,305.15,209.65
RIGHT_ELBOW,230,293.34,225.39
RIGHT_ELBOW,231,326.01,177.77
RIGHT_ELBOW,232,325.57,177.90
RIGHT_ELBOW,238,334.79,194.44
RIGHT_ELBOW,239,334.47,191.14
RIGHT_ELBOW,240,287.54,258.36
RIGHT_ELBOW,242,388.88,207.76
RIGHT_ELBOW,243,388.74,207.14
RIGHT_ELBOW,244,388.75,206.89
RIGHT_ELBOW,245,380.94,203.35
RIGHT_ELBOW,250,391.07,265.25
RIGHT_ELBOW,251,387.36,277.10
RIGHT_ELBOW,252,316.96,227.32
RIGHT_ELBOW,253,367.06,246.83
RIGHT_ELBOW,254,374.51,243.99
RIGHT_ELBOW,255,422.63,216.95
RIGHT_ELBOW,256,420.19,218.92
RIGHT_ELBOW,257,424.94,201.15
RIGHT_ELBOW,258,416.57,287.28
RIGHT_ELBOW,259,422.69,283.44
RIGHT_ELBOW,260,332.10,234.72
RIGHT_ELBOW,261,329.24,234.13
RIGHT_ELBOW,263,346.46,202.32
RIGHT_ELBOW,265,364.44,209.40
RIGHT_ELBOW,266,367.42,210.70
RIGHT_ELBOW,267,368.42,211.34
RIGHT_ELBOW,268,362.93,201.08
RIGHT_ELBOW,269,441.19,149.90
RIGHT_ELBOW,270,439.35,136.31
RIGHT_ELBOW,271,422.99,131.38
RIGHT_ELBOW,272,423.27,131.51
RIGHT_ELBOW,273,421.16,131.60
RIGHT_ELBOW,274,407.18,147.61
RIGHT_ELBOW,275,411.36,149.48
RIGHT_ELBOW,276,421.70,176.25
RIGHT_ELBOW,277,367.57,161.30
RIGHT_ELBOW,278,361.91,166.19
RIGHT_ELBOW,279,386.56,161.39
RIGHT_ELBOW,280,387.50,161.56
RIGHT_ELBOW,281,399.54,150.45
RIGHT_ELBOW,282,437.96,165.38
RIGHT_ELBOW,283,437.19,164.88
RIGHT_ELBOW,284,444.67,160.98
RIGHT_ELBOW,285,443.13,160.98
RIGHT_ELBOW,286,502.74,171.79
RIGHT_ELBOW,287,537.65,176.17
RIGHT_ELBOW,288,536.85,177.14
RIGHT_ELBOW,289,543.52,169.94
RIGHT_ELBOW,293,483.47,193.23
RIGHT_ELBOW,294,400.40,181.60
RIGHT_ELBOW,295,402.18,180.62
RIGHT_ELBOW,296,401.08,180.09
RIGHT_ELBOW,297,454.70,139.50
RIGHT_ELBOW,298,437.13,157.28
RIGHT_ELBOW,299,433.57,161.93
RIGHT_ELBOW,300,461.44,162.91
RIGHT_ELBOW,301,461.97,158.67
RIGHT_ELBOW,302,538.16,170.73
RIGHT_ELBOW,303,538.90,172.69
RIGHT_ELBOW,304,543.50,177.82
RIGHT_ELBOW,305,561.54,176.37
RIGHT_ELBOW,306,560.76,183.05
RIGHT_ELBOW,307,560.68,180.99
RIGHT_ELBOW,308,559.93,182.88
RIGHT_ELBOW,309,517.88,180.80
RIGHT_ELBOW,310,488.90,200.06
RIGHT_ELBOW,311,485.84,193.12
RIGHT_ELBOW,312,459.11,193.02
RIGHT_ELBOW,313,461.58,180.81
RIGHT_ELBOW,314,471.85,143.01
RIGHT_ELBOW,315,474.55,139.94
RIGHT_ELBOW,316,475.56,137.59
RIGHT_ELBOW,317,499.86,160.75
RIGHT_ELBOW,318,500.02,161.96
RIGHT_ELBOW,319,495.76,165.88
RIGHT_ELBOW,320,506.67,176.22
RIGHT_ELBOW,321,564.77,169.17
RIGHT_ELBOW,322,565.28,169.46
RIGHT_ELBOW,323,577.79,168.05
RIGHT_ELBOW,324,579.08,174.97
RIGHT_ELBOW,325,565.63,171.22
RIGHT_ELBOW,326,527.79,176.26
RIGHT_ELBOW,328,516.31,163.42
RIGHT_ELBOW,329,495.45,199.78
RIGHT_ELBOW,330,432.38,196.71
RIGHT_ELBOW,331,431.37,196.78
RIGHT_ELBOW,332,410.13,171.31
RIGHT_ELBOW,333,411.38,171.75
RIGHT_ELBOW,334,408.79,170.67
RIGHT_ELBOW,335,406.29,158.06
RIGHT_ELBOW,336,397.63,167.19
RIGHT_ELBOW,337,398.44,166.89
RIGHT_ELBOW,338,403.57,169.82
RIGHT_ELBOW,339,387.67,178.29
RIGHT_ELBOW,340,387.89,179.28
RIGHT_ELBOW,341,390.94,197.02
RIGHT_ELBOW,342,443.10,219.54
RIGHT_ELBOW,343,424.07,246.15
RIGHT_ELBOW,344,477.18,270.30
RIGHT_ELBOW,345,477.45,269.89
RIGHT_ELBOW,346,475.96,267.64
RIGHT_ELBOW,347,554.58,331.13
RIGHT_ELBOW,348,535.72,295.93
RIGHT_ELBOW,349,555.26,324.47
RIGHT_ELBOW,350,612.65,359.84
RIGHT_ELBOW,351,609.19,358.65
RIGHT_ELBOW,352,600.90,361.71
RIGHT_ELBOW,353,602.37,363.32
RIGHT_ELBOW,354,625.22,352.76
RIGHT_ELBOW,355,625.76,353.15
RIGHT_ELBOW,356,630.43,345.64
RIGHT_ELBOW,357,635.48,327.17
RIGHT_ELBOW,358,636.97,327.15
RIGHT_ELBOW,359,630.06,306.15
RIGHT_ELBOW,360,585.32,285.00
RIGHT_ELBOW,361,585.10,284.68
RIGHT_ELBOW,362,585.07,284.30
RIGHT_ELBOW,363,457.98,357.47
RIGHT_ELBOW,364,457.54,357.08
RIGHT_ELBOW,365,434.12,344.00
RIGHT_ELBOW,366,329.22,408.66
RIGHT_ELBOW,367,329.42,408.77
RIGHT_ELBOW,368,341.63,395.93
RIGHT_ELBOW,369,370.72,368.32
RIGHT_ELBOW,370,371.59,367.69
RIGHT_ELBOW,371,436.88,282.51
RIGHT_ELBOW,372,436.55,282.63
RIGHT_ELBOW,373,441.09,274.75
RIGHT_ELBOW,374,435.06,261.80
RIGHT_ELBOW,375,433.91,259.17
RIGHT_ELBOW,376,434.28,258.17
RIGHT_ELBOW,377,424.40,257.72
RIGHT_ELBOW,378,422.44,252.63
RIGHT_ELBOW,379,422.40,254.39
RIGHT_ELBOW,380,412.53,256.88
RIGHT_ELBOW,381,405.97,254.69
RIGHT_ELBOW,382,405.90,250.00
RIGHT_ELBOW,383,405.72,250.05
RIGHT_ELBOW,384,391.40,248.96
RIGHT_ELBOW,385,386.67,255.75
RIGHT_ELBOW,386,378.18,255.98
RIGHT_ELBOW,387,368.82,262.81
RIGHT_ELBOW,388,358.15,283.40
RIGHT_ELBOW,389,358.06,284.15
RIGHT_ELBOW,390,336.07,324.72
RIGHT_ELBOW,391,313.44,348.81
RIGHT_ELBOW,392,297.87,364.17
RIGHT_ELBOW,393,280.16,382.06
RIGHT_ELBOW,394,264.05,399.44
RIGHT_ELBOW,395,264.90,398.54
RIGHT_ELBOW,396,242.49,406.81
RIGHT_ELBOW,397,236.64,416.46
RIGHT_ELBOW,398,231.37,429.59
RIGHT_ELBOW,399,231.69,429.75
RIGHT_ELBOW,400,224.66,446.69
RIGHT_ELBOW,401,215.63,473.77
RIGHT_ELBOW,402,210.17,482.47
RIGHT_ELBOW,403,209.69,483.19
RIGHT_ELBOW,404,204.91,498.42
RIGHT_ELBOW,405,206.00,498.57
RIGHT_ELBOW,406,206.70,502.18
RIGHT_ELBOW,407,210.17,498.41
RIGHT_ELBOW,408,209.71,498.68
RIGHT_ELBOW,409,213.25,502.00
RIGHT_ELBOW,410,211.15,504.60
RIGHT_ELBOW,411,216.35,501.42
RIGHT_ELBOW,412,216.49,501.82
RIGHT_ELBOW,413,218.11,500.35
RIGHT_ELBOW,414,224.89,493.71
RIGHT_ELBOW,415,224.53,492.88
RIGHT_ELBOW,416,229.86,485.13
RIGHT_ELBOW,417,230.77,478.71
RIGHT_ELBOW,418,232.05,471.85
RIGHT_ELBOW,419,232.92,471.54
RIGHT_ELBOW,420,235.83,470.57
RIGHT_ELBOW,421,235.65,462.81
RIGHT_ELBOW,422,240.83,452.65
RIGHT_ELBOW,423,240.38,445.25
RIGHT_ELBOW,424,239.27,438.21
RIGHT_ELBOW,425,242.90,427.80
RIGHT_ELBOW,426,246.46,417.82
RIGHT_ELBOW,427,249.24,408.84
RIGHT_ELBOW,428,248.91,408.53
RIGHT_ELBOW,429,256.09,399.08
RIGHT_ELBOW,430,257.75,386.26
RIGHT_ELBOW,431,258.29,385.73
RIGHT_ELBOW,432,265.52,352.14
LEFT_WRIST,0,239.68,365.93
LEFT_WRIST,1,280.79,406.59
LEFT_WRIST,2,279.16,406.96
LEFT_WRIST,3,350.99,425.97
LEFT_WRIST,4,351.23,426.07
LEFT_WRIST,5,434.05,470.39
LEFT_WRIST,6,515.69,533.30
LEFT_WRIST,7,514.03,533.39
LEFT_WRIST,8,541.99,556.28
LEFT_WRIST,9,550.95,569.07
LEFT_WRIST,10,552.54,575.13
LEFT_WRIST,11,552.41,575.32
LEFT_WRIST,12,561.61,570.40
LEFT_WRIST,13,561.49,570.26
LEFT_WRIST,14,558.31,560.75
LEFT_WRIST,15,543.59,558.06
LEFT_WRIST,16,528.80,543.29
LEFT_WRIST,17,526.96,542.61
LEFT_WRIST,18,462.31,532.25
LEFT_WRIST,19,478.97,483.61
LEFT_WRIST,20,483.16,448.87
LEFT_WRIST,21,486.65,427.97
LEFT_WRIST,22,486.55,427.72
LEFT_WRIST,23,506.63,430.56
LEFT_WRIST,24,480.36,446.66
LEFT_WRIST,25,476.44,476.49
LEFT_WRIST,27,456.08,424.45
LEFT_WRIST,29,432.64,480.93
LEFT_WRIST,30,522.29,466.79
LEFT_WRIST,31,522.42,466.88
LEFT_WRIST,32,551.23,465.73
LEFT_WRIST,33,574.99,464.52
LEFT_WRIST,34,594.54,467.85
LEFT_WRIST,35,594.59,469.80
LEFT_WRIST,36,603.24,466.57
LEFT_WRIST,37,625.45,463.80
LEFT_WRIST,38,616.33,463.89
LEFT_WRIST,39,617.51,463.25
LEFT_WRIST,40,569.57,401.89
LEFT_WRIST,41,601.58,478.48
LEFT_WRIST,42,530.45,494.13
LEFT_WRIST,43,532.14,494.33
LEFT_WRIST,44,544.47,491.95
LEFT_WRIST,45,534.54,489.36
LEFT_WRIST,46,534.91,489.34
LEFT_WRIST,47,497.70,477.44
LEFT_WRIST,48,437.33,426.96
LEFT_WRIST,49,435.60,425.39
LEFT_WRIST,50,410.52,422.80
LEFT_WRIST,51,379.36,417.61
LEFT_WRIST,52,326.52,417.33
LEFT_WRIST,53,327.24,416.78
LEFT_WRIST,54,306.06,412.46
LEFT_WRIST,55,362.63,368.27
LEFT_WRIST,56,361.86,367.45
LEFT_WRIST,57,500.88,380.90
LEFT_WRIST,58,475.04,273.10
LEFT_WRIST,59,476.50,272.65
LEFT_WRIST,60,600.96,324.62
LEFT_WRIST,61,642.31,332.59
LEFT_WRIST,62,667.78,319.50
LEFT_WRIST,63,657.65,299.29
LEFT_WRIST,64,590.58,255.90
LEFT_WRIST,65,591.90,257.02
LEFT_WRIST,66,507.08,207.73
LEFT_WRIST,67,481.75,200.08
LEFT_WRIST,68,472.12,182.27
LEFT_WRIST,69,476.69,184.05
LEFT_WRIST,70,439.91,112.83
LEFT_WRIST,71,440.07,111.28
LEFT_WRIST,72,458.64,89.27
LEFT_WRIST,73,468.14,47.51
LEFT_WRIST,74,488.41,20.90
LEFT_WRIST,75,488.67,21.36
LEFT_WRIST,76,547.18,11.64
LEFT_WRIST,77,549.11,6.11
LEFT_WRIST,78,431.91,353.75
LEFT_WRIST,79,451.64,350.12
LEFT_WRIST,80,514.83,51.84
LEFT_WRIST,81,478.31,25.03
LEFT_WRIST,82,478.13,24.97
LEFT_WRIST,83,479.49,24.25
LEFT_WRIST,84,468.78,31.49
LEFT_WRIST,85,469.21,31.56
LEFT_WRIST,86,469.50,112.55
LEFT_WRIST,87,487.19,113.65
LEFT_WRIST,88,480.81,73.19
LEFT_WRIST,89,507.54,22.43
LEFT_WRIST,90,508.94,33.24
LEFT_WRIST,91,510.75,29.92
LEFT_WRIST,92,293.10,307.44
LEFT_WRIST,93,215.81,396.55
LEFT_WRIST,94,497.54,64.28
LEFT_WRIST,95,492.37,83.89
LEFT_WRIST,96,467.52,34.54
LEFT_WRIST,97,441.89,28.40
LEFT_WRIST,98,417.04,30.07
LEFT_WRIST,99,416.01,35.86
LEFT_WRIST,100,396.68,27.77
LEFT_WRIST,101,395.75,26.87
LEFT_WRIST,102,405.75,39.88
LEFT_WRIST,103,418.14,24.96
LEFT_WRIST,104,425.98,24.17
LEFT_WRIST,105,433.50,30.37
LEFT_WRIST,106,433.93,30.38
LEFT_WRIST,107,437.02,39.84
LEFT_WRIST,108,430.26,33.45
LEFT_WRIST,109,426.97,50.02
LEFT_WRIST,110,423.89,54.60
LEFT_WRIST,111,451.42,60.96
LEFT_WRIST,112,432.30,101.69
LEFT_WRIST,113,430.25,100.67
LEFT_WRIST,114,397.58,141.21
LEFT_WRIST,115,389.58,236.93
LEFT_WRIST,116,410.38,229.00
LEFT_WRIST,117,408.35,231.92
LEFT_WRIST,118,432.48,182.55
LEFT_WRIST,119,432.41,182.99
LEFT_WRIST,120,396.18,301.18
LEFT_WRIST,121,396.28,301.33
LEFT_WRIST,122,175.34,217.76
LEFT_WRIST,123,175.53,217.68
LEFT_WRIST,124,342.17,337.45
LEFT_WRIST,125,98.30,343.94
LEFT_WRIST,126,121.59,386.46
LEFT_WRIST,127,123.65,387.32
LEFT_WRIST,128,329.80,353.49
LEFT_WRIST,129,322.00,359.73
LEFT_WRIST,130,346.48,351.35
LEFT_WRIST,131,614.57,363.41
LEFT_WRIST,132,613.70,363.30
LEFT_WRIST,133,628.69,354.28
LEFT_WRIST,134,94.53,400.57
LEFT_WRIST,135,92.90,400.36
LEFT_WRIST,136,458.37,435.24
LEFT_WRIST,137,457.59,434.22
LEFT_WRIST,138,231.69,357.98
LEFT_WRIST,139,123.89,361.18
LEFT_WRIST,140,90.15,377.17
LEFT_WRIST,141,190.22,388.17
LEFT_WRIST,142,182.68,385.59
LEFT_WRIST,143,192.22,384.93
LEFT_WRIST,144,630.30,370.78
LEFT_WRIST,145,602.60,361.07
LEFT_WRIST,146,600.83,360.72
LEFT_WRIST,147,671.72,356.11
LEFT_WRIST,148,685.98,345.36
LEFT_WRIST,149,681.36,346.81
LEFT_WRIST,150,625.66,334.74
LEFT_WRIST,151,471.38,321.73
LEFT_WRIST,152,521.67,435.64
LEFT_WRIST,153,332.15,339.20
LEFT_WRIST,154,170.21,325.86
LEFT_WRIST,155,159.85,339.73
LEFT_WRIST,156,158.44,340.69
LEFT_WRIST,157,147.48,346.82
LEFT_WRIST,158,507.49,326.96
LEFT_WRIST,159,510.26,326.96
LEFT_WRIST,160,516.65,332.78
LEFT_WRIST,161,516.81,332.89
LEFT_WRIST,162,712.97,339.31
LEFT_WRIST,163,712.65,339.15
LEFT_WRIST,164,736.25,336.11
LEFT_WRIST,165,737.40,335.38
LEFT_WRIST,166,496.18,350.54
LEFT_WRIST,167,321.77,381.80
LEFT_WRIST,168,543.31,432.96
LEFT_WRIST,169,541.67,433.41
LEFT_WRIST,170,336.92,346.32
LEFT_WRIST,171,338.09,345.06
LEFT_WRIST,172,151.56,313.24
LEFT_WRIST,173,174.15,300.72
LEFT_WRIST,174,173.59,302.17
LEFT_WRIST,175,227.86,301.59
LEFT_WRIST,176,228.22,301.84
LEFT_WRIST,177,407.74,323.36
LEFT_WRIST,178,557.21,345.96
LEFT_WRIST,179,558.16,346.20
LEFT_WRIST,180,523.03,359.48
LEFT_WRIST,181,523.02,359.18
LEFT_WRIST,182,506.38,332.94
LEFT_WRIST,183,507.92,333.53
LEFT_WRIST,184,511.40,352.25
LEFT_WRIST,185,459.09,277.52
LEFT_WRIST,186,424.49,280.74
LEFT_WRIST,187,373.59,268.56
LEFT_WRIST,188,374.77,269.61
LEFT_WRIST,189,470.09,440.54
LEFT_WRIST,190,468.85,454.16
LEFT_WRIST,191,350.98,374.70
LEFT_WRIST,192,347.37,369.76
LEFT_WRIST,193,347.38,369.76
LEFT_WRIST,194,375.78,372.88
LEFT_WRIST,195,470.32,275.10
LEFT_WRIST,196,471.64,271.30
LEFT_WRIST,197,489.14,347.02
LEFT_WRIST,198,489.32,345.46
LEFT_WRIST,199,511.27,321.70
LEFT_WRIST,200,497.61,236.88
LEFT_WRIST,201,496.19,235.40
LEFT_WRIST,202,495.34,234.63
LEFT_WRIST,203,405.82,196.13
LEFT_WRIST,204,347.21,180.20
LEFT_WRIST,205,307.77,125.84
LEFT_WRIST,206,307.18,125.63
LEFT_WRIST,207,319.28,124.63
LEFT_WRIST,208,319.69,124.68
LEFT_WRIST,209,410.68,130.12
LEFT_WRIST,210,410.41,129.85
LEFT_WRIST,211,536.04,133.51
LEFT_WRIST,212,536.04,133.15
LEFT_WRIST,213,531.86,152.45
LEFT_WRIST,214,533.64,150.06
LEFT_WRIST,215,524.75,165.61
LEFT_WRIST,216,332.36,142.14
LEFT_WRIST,217,331.20,142.25
LEFT_WRIST,218,331.53,139.90
LEFT_WRIST,219,182.80,151.96
LEFT_WRIST,220,183.84,151.67
LEFT_WRIST,221,247.69,189.24
LEFT_WRIST,224,424.58,214.16
LEFT_WRIST,225,424.98,213.26
LEFT_WRIST,228,371.93,213.88
LEFT_WRIST,229,332.10,219.01
LEFT_WRIST,230,333.90,215.57
LEFT_WRIST,231,244.33,249.65
LEFT_WRIST,232,244.97,250.64
LEFT_WRIST,238,423.67,260.24
LEFT_WRIST,239,432.78,260.82
LEFT_WRIST,240,390.28,231.11
LEFT_WRIST,242,306.75,244.24
LEFT_WRIST,243,304.66,243.74
LEFT_WRIST,244,305.67,243.86
LEFT_WRIST,245,252.30,264.99
LEFT_WRIST,250,372.92,250.89
LEFT_WRIST,251,374.35,250.03
LEFT_WRIST,252,428.69,255.46
LEFT_WRIST,253,402.71,264.78
LEFT_WRIST,254,411.62,258.88
LEFT_WRIST,255,316.66,247.30
LEFT_WRIST,256,319.72,246.84
LEFT_WRIST,257,316.59,247.09
LEFT_WRIST,258,298.03,268.70
LEFT_WRIST,259,310.53,269.44
LEFT_WRIST,260,317.81,237.53
LEFT_WRIST,261,319.10,237.59
LEFT_WRIST,263,455.44,289.93
LEFT_WRIST,265,450.32,197.55
LEFT_WRIST,266,447.23,198.73
LEFT_WRIST,267,447.33,198.63
LEFT_WRIST,268,401.21,197.95
LEFT_WRIST,269,365.83,192.20
LEFT_WRIST,270,319.86,176.36
LEFT_WRIST,271,301.04,164.52
LEFT_WRIST,272,300.76,165.35
LEFT_WRIST,273,299.22,166.37
LEFT_WRIST,274,328.39,117.56
LEFT_WRIST,275,324.30,122.48
LEFT_WRIST,276,370.16,103.97
LEFT_WRIST,277,447.49,105.63
LEFT_WRIST,278,452.03,106.48
LEFT_WRIST,279,487.78,102.55
LEFT_WRIST,280,491.35,101.55
LEFT_WRIST,281,554.43,91.03
LEFT_WRIST,282,545.98,89.36
LEFT_WRIST,283,546.75,89.68
LEFT_WRIST,284,529.64,87.87
LEFT_WRIST,285,529.88,88.96
LEFT_WRIST,286,484.57,96.24
LEFT_WRIST,287,451.59,99.84
LEFT_WRIST,288,453.13,98.86
LEFT_WRIST,289,397.41,132.80
LEFT_WRIST,293,422.64,81.11
LEFT_WRIST,294,518.37,89.95
LEFT_WRIST,295,519.92,90.37
LEFT_WRIST,296,520.30,88.81
LEFT_WRIST,297,574.20,123.16
LEFT_WRIST,298,572.61,94.56
LEFT_WRIST,299,571.33,94.51
LEFT_WRIST,300,549.10,95.53
LEFT_WRIST,301,549.38,97.74
LEFT_WRIST,302,449.04,126.35
LEFT_WRIST,303,440.03,123.73
LEFT_WRIST,304,485.92,95.85
LEFT_WRIST,305,422.05,132.85
LEFT_WRIST,306,420.93,151.44
LEFT_WRIST,307,421.44,175.43
LEFT_WRIST,308,425.38,140.20
LEFT_WRIST,309,439.30,99.32
LEFT_WRIST,310,476.93,92.15
LEFT_WRIST,311,473.29,92.46
LEFT_WRIST,312,509.66,94.66
LEFT_WRIST,313,549.08,80.76
LEFT_WRIST,314,606.70,108.25
LEFT_WRIST,315,612.98,96.95
LEFT_WRIST,316,611.48,103.20
LEFT_WRIST,317,595.01,82.63
LEFT_WRIST,318,594.77,82.73
LEFT_WRIST,319,560.38,92.45
LEFT_WRIST,320,562.52,90.44
LEFT_WRIST,321,500.28,90.18
LEFT_WRIST,322,501.54,91.83
LEFT_WRIST,323,454.55,108.08
LEFT_WRIST,324,425.17,118.24
LEFT_WRIST,325,413.44,77.41
LEFT_WRIST,326,432.90,97.16
LEFT_WRIST,328,438.63,99.89
LEFT_WRIST,329,469.37,92.74
LEFT_WRIST,330,511.86,100.39
LEFT_WRIST,331,513.39,102.01
LEFT_WRIST,332,557.29,125.12
LEFT_WRIST,333,558.33,121.20
LEFT_WRIST,334,559.50,121.13
LEFT_WRIST,335,555.27,141.76
LEFT_WRIST,336,494.56,137.90
LEFT_WRIST,337,494.14,140.03
LEFT_WRIST,338,466.21,171.16
LEFT_WRIST,339,459.04,190.66
LEFT_WRIST,340,456.27,190.70
LEFT_WRIST,341,443.59,195.10
LEFT_WRIST,342,412.66,178.69
LEFT_WRIST,343,422.60,152.54
LEFT_WRIST,344,474.70,63.91
LEFT_WRIST,345,474.11,63.80
LEFT_WRIST,346,473.86,64.32
LEFT_WRIST,347,534.01,49.58
LEFT_WRIST,348,603.82,61.19
LEFT_WRIST,349,670.09,139.80
LEFT_WRIST,350,688.64,192.46
LEFT_WRIST,351,688.11,192.48
LEFT_WRIST,352,461.79,407.63
LEFT_WRIST,353,509.15,397.12
LEFT_WRIST,354,405.64,286.59
LEFT_WRIST,355,396.69,299.91
LEFT_WRIST,356,227.96,315.74
LEFT_WRIST,357,162.22,304.13
LEFT_WRIST,358,158.70,304.62
LEFT_WRIST,359,197.96,299.86
LEFT_WRIST,360,480.52,370.71
LEFT_WRIST,361,504.91,424.79
LEFT_WRIST,362,531.05,464.67
LEFT_WRIST,363,698.04,355.78
LEFT_WRIST,364,698.86,355.35
LEFT_WRIST,365,722.51,362.39
LEFT_WRIST,366,690.86,386.67
LEFT_WRIST,367,690.65,386.81
LEFT_WRIST,368,629.52,392.70
LEFT_WRIST,369,559.14,399.51
LEFT_WRIST,370,558.78,410.81
LEFT_WRIST,371,522.02,446.31
LEFT_WRIST,372,521.76,445.84
LEFT_WRIST,373,506.94,456.87
LEFT_WRIST,374,483.07,275.68
LEFT_WRIST,375,428.50,430.81
LEFT_WRIST,376,425.21,420.68
LEFT_WRIST,377,457.56,434.09
LEFT_WRIST,378,456.68,441.37
LEFT_WRIST,379,454.95,439.88
LEFT_WRIST,380,437.04,438.50
LEFT_WRIST,381,430.01,434.89
LEFT_WRIST,382,419.81,420.57
LEFT_WRIST,383,419.24,426.08
LEFT_WRIST,384,408.96,426.71
LEFT_WRIST,385,405.32,438.10
LEFT_WRIST,386,420.79,433.22
LEFT_WRIST,387,425.68,424.94
LEFT_WRIST,388,419.89,424.22
LEFT_WRIST,389,419.21,425.96
LEFT_WRIST,390,416.14,431.21
LEFT_WRIST,391,408.48,448.38
LEFT_WRIST,392,382.23,458.71
LEFT_WRIST,393,341.71,476.12
LEFT_WRIST,394,323.29,471.49
LEFT_WRIST,395,323.70,471.54
LEFT_WRIST,396,348.75,455.61
LEFT_WRIST,397,346.95,456.30
LEFT_WRIST,398,343.02,463.76
LEFT_WRIST,399,345.82,459.70
LEFT_WRIST,400,334.91,490.81
LEFT_WRIST,401,340.05,500.97
LEFT_WRIST,402,316.37,521.54
LEFT_WRIST,403,310.77,525.27
LEFT_WRIST,404,340.49,505.14
LEFT_WRIST,405,347.15,496.60
LEFT_WRIST,406,340.50,500.46
LEFT_WRIST,407,380.15,481.34
LEFT_WRIST,408,387.55,479.19
LEFT_WRIST,409,369.11,499.68
LEFT_WRIST,410,377.07,505.75
LEFT_WRIST,411,349.16,510.91
LEFT_WRIST,412,364.55,499.03
LEFT_WRIST,413,380.83,497.58
LEFT_WRIST,414,370.52,484.64
LEFT_WRIST,415,362.72,491.82
LEFT_WRIST,416,391.51,469.53
LEFT_WRIST,417,377.91,489.67
LEFT_WRIST,418,372.65,478.39
LEFT_WRIST,419,382.42,478.32
LEFT_WRIST,420,370.28,467.42
LEFT_WRIST,421,385.03,431.41
LEFT_WRIST,422,366.69,457.83
LEFT_WRIST,423,398.46,428.63
LEFT_WRIST,424,363.49,471.86
LEFT_WRIST,425,374.68,488.89
LEFT_WRIST,426,371.56,485.51
LEFT_WRIST,427,379.64,484.65
LEFT_WRIST,428,381.58,483.60
LEFT_WRIST,429,396.90,466.29
LEFT_WRIST,430,414.71,442.42
LEFT_WRIST,431,414.09,441.21
LEFT_WRIST,432,440.85,383.02
RIGHT_WRIST,0,693.96,313.25
RIGHT_WRIST,1,604.36,281.85
RIGHT_WRIST,2,604.71,281.88
RIGHT_WRIST,3,546.34,289.24
RIGHT_WRIST,4,545.93,289.89
RIGHT_WRIST,5,509.14,279.34
RIGHT_WRIST,6,407.06,430.41
RIGHT_WRIST,7,398.66,408.12
RIGHT_WRIST,8,281.90,393.26
RIGHT_WRIST,9,238.24,426.84
RIGHT_WRIST,10,219.33,455.04
RIGHT_WRIST,11,219.72,455.15
RIGHT_WRIST,12,204.70,482.03
RIGHT_WRIST,13,298.12,501.68
RIGHT_WRIST,14,231.14,478.32
RIGHT_WRIST,15,301.17,458.49
RIGHT_WRIST,16,383.28,431.54
RIGHT_WRIST,17,374.30,430.78
RIGHT_WRIST,18,600.77,407.20
RIGHT_WRIST,19,741.34,369.45
RIGHT_WRIST,20,821.94,366.04
RIGHT_WRIST,21,862.33,373.04
RIGHT_WRIST,22,861.98,373.08
RIGHT_WRIST,23,828.57,390.69
RIGHT_WRIST,24,788.59,410.81
RIGHT_WRIST,25,711.16,435.18
RIGHT_WRIST,27,515.31,477.49
RIGHT_WRIST,29,480.49,458.81
RIGHT_WRIST,30,247.50,588.51
RIGHT_WRIST,31,247.18,588.66
RIGHT_WRIST,32,191.81,590.56
RIGHT_WRIST,33,166.24,576.00
RIGHT_WRIST,34,155.72,551.03
RIGHT_WRIST,35,156.37,550.91
RIGHT_WRIST,36,149.58,522.29
RIGHT_WRIST,37,165.93,485.44
RIGHT_WRIST,38,198.63,441.63
RIGHT_WRIST,39,198.96,441.66
RIGHT_WRIST,40,386.32,395.28
RIGHT_WRIST,41,263.91,379.77
RIGHT_WRIST,42,324.58,347.79
RIGHT_WRIST,43,322.89,348.76
RIGHT_WRIST,44,329.19,346.07
RIGHT_WRIST,45,337.66,348.00
RIGHT_WRIST,46,337.86,347.91
RIGHT_WRIST,47,368.30,352.57
RIGHT_WRIST,48,468.75,334.90
RIGHT_WRIST,49,511.67,325.88
RIGHT_WRIST,50,528.92,321.00
RIGHT_WRIST,51,584.82,353.79
RIGHT_WRIST,52,694.23,348.51
RIGHT_WRIST,53,694.35,348.08
RIGHT_WRIST,54,721.23,338.79
RIGHT_WRIST,55,672.75,339.02
RIGHT_WRIST,56,672.57,339.04
RIGHT_WRIST,57,559.17,343.03
RIGHT_WRIST,58,459.08,283.77
RIGHT_WRIST,59,451.45,293.82
RIGHT_WRIST,60,264.19,334.00
RIGHT_WRIST,61,223.80,328.52
RIGHT_WRIST,62,221.34,322.80
RIGHT_WRIST,63,269.93,319.11
RIGHT_WRIST,64,356.12,313.35
RIGHT_WRIST,65,365.77,311.38
RIGHT_WRIST,66,563.62,246.90
RIGHT_WRIST,67,740.43,304.36
RIGHT_WRIST,68,819.19,294.20
RIGHT_WRIST,69,816.75,295.40
RIGHT_WRIST,70,794.44,315.78
RIGHT_WRIST,71,794.93,316.31
RIGHT_WRIST,72,692.90,329.59
RIGHT_WRIST,73,571.66,261.84
RIGHT_WRIST,74,325.30,354.85
RIGHT_WRIST,75,329.81,356.03
RIGHT_WRIST,76,219.26,344.01
RIGHT_WRIST,77,275.42,346.31
RIGHT_WRIST,78,522.31,204.03
RIGHT_WRIST,79,535.14,227.93
RIGHT_WRIST,80,505.51,233.72
RIGHT_WRIST,81,798.48,364.82
RIGHT_WRIST,82,799.25,364.72
RIGHT_WRIST,83,808.71,363.55
RIGHT_WRIST,84,740.75,358.37
RIGHT_WRIST,85,743.23,358.60
RIGHT_WRIST,86,619.37,344.93
RIGHT_WRIST,87,521.89,364.71
RIGHT_WRIST,88,509.15,283.90
RIGHT_WRIST,89,228.24,375.87
RIGHT_WRIST,90,183.24,387.70
RIGHT_WRIST,91,183.47,387.57
RIGHT_WRIST,92,396.39,155.38
RIGHT_WRIST,93,507.00,24.48
RIGHT_WRIST,94,469.78,267.64
RIGHT_WRIST,95,469.78,259.72
RIGHT_WRIST,96,691.52,381.80
RIGHT_WRIST,97,730.25,372.37
RIGHT_WRIST,98,761.64,358.06
RIGHT_WRIST,99,763.31,356.92
RIGHT_WRIST,100,638.55,351.61
RIGHT_WRIST,101,637.82,350.79
RIGHT_WRIST,102,476.49,436.60
RIGHT_WRIST,103,443.31,261.78
RIGHT_WRIST,104,213.75,373.70
RIGHT_WRIST,105,153.70,378.75
RIGHT_WRIST,106,153.83,380.84
RIGHT_WRIST,107,123.17,385.73
RIGHT_WRIST,108,165.12,396.78
RIGHT_WRIST,109,442.49,224.01
RIGHT_WRIST,110,438.77,237.32
RIGHT_WRIST,111,626.60,370.62
RIGHT_WRIST,112,680.93,352.29
RIGHT_WRIST,113,681.02,352.58
RIGHT_WRIST,114,681.05,335.03
RIGHT_WRIST,115,414.85,256.88
RIGHT_WRIST,116,418.79,234.97
RIGHT_WRIST,117,413.51,231.76
RIGHT_WRIST,118,106.96,365.58
RIGHT_WRIST,119,105.87,364.88
RIGHT_WRIST,120,77.64,393.17
RIGHT_WRIST,121,78.03,392.74
RIGHT_WRIST,122,153.58,398.96
RIGHT_WRIST,123,162.01,401.94
RIGHT_WRIST,124,367.68,342.56
RIGHT_WRIST,125,519.55,403.03
RIGHT_WRIST,126,660.57,395.10
RIGHT_WRIST,127,658.60,395.14
RIGHT_WRIST,128,636.40,388.98
RIGHT_WRIST,129,635.89,388.29
RIGHT_WRIST,130,561.80,380.05
RIGHT_WRIST,131,595.14,367.70
RIGHT_WRIST,132,403.96,435.92
RIGHT_WRIST,133,119.90,405.48
RIGHT_WRIST,134,570.37,346.54
RIGHT_WRIST,135,570.85,346.92
RIGHT_WRIST,136,99.50,409.40
RIGHT_WRIST,137,100.13,409.32
RIGHT_WRIST,138,241.66,346.38
RIGHT_WRIST,139,113.32,362.53
RIGHT_WRIST,140,75.62,376.96
RIGHT_WRIST,141,680.15,378.33
RIGHT_WRIST,142,691.42,377.39
RIGHT_WRIST,143,677.63,376.56
RIGHT_WRIST,144,633.41,381.58
RIGHT_WRIST,145,589.44,359.65
RIGHT_WRIST,146,587.39,360.02
RIGHT_WRIST,147,269.94,409.45
RIGHT_WRIST,148,166.95,413.69
RIGHT_WRIST,149,166.87,415.23
RIGHT_WRIST,150,110.85,412.36
RIGHT_WRIST,151,104.67,410.87
RIGHT_WRIST,152,155.00,419.11
RIGHT_WRIST,153,357.40,346.32
RIGHT_WRIST,154,428.55,340.68
RIGHT_WRIST,155,613.27,407.74
RIGHT_WRIST,156,604.88,403.31
RIGHT_WRIST,157,692.42,398.05
RIGHT_WRIST,158,719.72,379.38
RIGHT_WRIST,159,719.07,379.54
RIGHT_WRIST,160,652.30,367.65
RIGHT_WRIST,161,652.81,367.75
RIGHT_WRIST,162,349.42,430.80
RIGHT_WRIST,163,332.43,431.44
RIGHT_WRIST,164,259.81,368.69
RIGHT_WRIST,165,247.28,366.74
RIGHT_WRIST,166,195.39,381.13
RIGHT_WRIST,167,153.04,398.74
RIGHT_WRIST,168,240.91,405.17
RIGHT_WRIST,169,241.63,405.27
RIGHT_WRIST,170,340.28,347.34
RIGHT_WRIST,171,344.09,350.51
RIGHT_WRIST,172,605.43,403.76
RIGHT_WRIST,173,713.43,385.65
RIGHT_WRIST,174,714.82,385.86
RIGHT_WRIST,175,743.08,362.23
RIGHT_WRIST,176,744.13,361.62
RIGHT_WRIST,177,459.51,362.62
RIGHT_WRIST,178,550.10,353.59
RIGHT_WRIST,179,553.35,351.39
RIGHT_WRIST,180,244.50,425.52
RIGHT_WRIST,181,244.14,425.64
RIGHT_WRIST,182,155.91,482.65
RIGHT_WRIST,183,155.99,482.56
RIGHT_WRIST,184,155.95,481.25
RIGHT_WRIST,185,180.69,512.23
RIGHT_WRIST,186,232.86,543.49
RIGHT_WRIST,187,312.12,562.91
RIGHT_WRIST,188,314.61,561.06
RIGHT_WRIST,189,375.71,364.60
RIGHT_WRIST,190,374.59,362.02
RIGHT_WRIST,191,617.24,519.52
RIGHT_WRIST,192,647.71,492.01
RIGHT_WRIST,193,647.38,491.97
RIGHT_WRIST,194,595.13,496.84
RIGHT_WRIST,195,368.13,485.33
RIGHT_WRIST,196,380.32,484.13
RIGHT_WRIST,197,273.75,474.87
RIGHT_WRIST,198,273.87,474.79
RIGHT_WRIST,199,184.07,474.40
RIGHT_WRIST,200,147.46,474.17
RIGHT_WRIST,201,147.96,473.70
RIGHT_WRIST,202,146.33,474.81
RIGHT_WRIST,203,208.13,467.70
RIGHT_WRIST,204,322.69,447.56
RIGHT_WRIST,205,534.85,401.44
RIGHT_WRIST,206,534.88,400.74
RIGHT_WRIST,207,599.89,374.27
RIGHT_WRIST,208,599.35,373.87
RIGHT_WRIST,209,582.05,339.12
RIGHT_WRIST,210,577.16,336.33
RIGHT_WRIST,211,361.51,247.53
RIGHT_WRIST,212,354.12,248.51
RIGHT_WRIST,213,186.88,205.34
RIGHT_WRIST,214,170.93,202.01
RIGHT_WRIST,215,183.61,192.29
RIGHT_WRIST,216,206.33,251.99
RIGHT_WRIST,217,206.87,252.22
RIGHT_WRIST,218,207.46,251.05
RIGHT_WRIST,219,343.19,219.71
RIGHT_WRIST,220,343.25,218.86
RIGHT_WRIST,221,419.55,249.75
RIGHT_WRIST,224,447.78,224.79
RIGHT_WRIST,225,446.59,223.64
RIGHT_WRIST,228,324.58,213.74
RIGHT_WRIST,229,296.19,226.81
RIGHT_WRIST,230,294.85,222.86
RIGHT_WRIST,231,243.35,251.18
RIGHT_WRIST,232,243.67,251.37
RIGHT_WRIST,238,413.28,249.43
RIGHT_WRIST,239,416.16,240.61
RIGHT_WRIST,240,344.51,224.76
RIGHT_WRIST,242,331.63,226.72
RIGHT_WRIST,243,331.36,231.03
RIGHT_WRIST,244,329.31,224.93
RIGHT_WRIST,245,310.63,256.46
RIGHT_WRIST,250,413.07,270.23
RIGHT_WRIST,251,411.29,270.22
RIGHT_WRIST,252,388.66,254.20
RIGHT_WRIST,253,389.99,244.42
RIGHT_WRIST,254,402.73,235.02
RIGHT_WRIST,255,328.95,256.68
RIGHT_WRIST,256,327.96,254.66
RIGHT_WRIST,257,368.08,207.52
RIGHT_WRIST,258,377.65,281.56
RIGHT_WRIST,259,378.73,266.75
RIGHT_WRIST,260,372.58,255.29
RIGHT_WRIST,261,373.12,254.81
RIGHT_WRIST,263,426.52,254.42
RIGHT_WRIST,265,412.90,196.32
RIGHT_WRIST,266,414.45,195.37
RIGHT_WRIST,267,413.11,196.68
RIGHT_WRIST,268,371.28,208.16
RIGHT_WRIST,269,343.41,191.71
RIGHT_WRIST,270,320.65,161.10
RIGHT_WRIST,271,314.42,135.50
RIGHT_WRIST,272,315.38,136.02
RIGHT_WRIST,273,313.85,135.46
RIGHT_WRIST,274,361.31,101.64
RIGHT_WRIST,275,365.75,103.00
RIGHT_WRIST,276,419.70,116.43
RIGHT_WRIST,277,444.83,105.59
RIGHT_WRIST,278,441.22,107.08
RIGHT_WRIST,279,472.28,109.39
RIGHT_WRIST,280,473.51,108.97
RIGHT_WRIST,281,497.87,91.15
RIGHT_WRIST,282,503.65,85.17
RIGHT_WRIST,283,504.54,85.32
RIGHT_WRIST,284,472.13,81.04
RIGHT_WRIST,285,479.30,94.51
RIGHT_WRIST,286,472.86,80.77
RIGHT_WRIST,287,456.90,89.57
RIGHT_WRIST,288,456.61,89.79
RIGHT_WRIST,289,453.98,93.65
RIGHT_WRIST,293,480.50,98.32
RIGHT_WRIST,294,489.49,99.35
RIGHT_WRIST,295,491.04,98.33
RIGHT_WRIST,296,486.38,100.66
RIGHT_WRIST,297,521.87,90.25
RIGHT_WRIST,298,525.06,96.40
RIGHT_WRIST,299,519.34,96.69
RIGHT_WRIST,300,492.60,63.19
RIGHT_WRIST,301,491.53,63.06
RIGHT_WRIST,302,490.96,75.86
RIGHT_WRIST,303,491.55,77.33
RIGHT_WRIST,304,481.44,82.07
RIGHT_WRIST,305,476.52,92.00
RIGHT_WRIST,306,473.17,95.45
RIGHT_WRIST,307,471.82,95.07
RIGHT_WRIST,308,471.25,93.85
RIGHT_WRIST,309,499.61,89.04
RIGHT_WRIST,310,495.62,106.64
RIGHT_WRIST,311,494.41,105.27
RIGHT_WRIST,312,509.08,106.32
RIGHT_WRIST,313,527.50,92.37
RIGHT_WRIST,314,550.62,97.12
RIGHT_WRIST,315,549.64,98.72
RIGHT_WRIST,316,558.31,97.41
RIGHT_WRIST,317,554.85,77.27
RIGHT_WRIST,318,554.75,78.18
RIGHT_WRIST,319,503.12,100.67
RIGHT_WRIST,320,504.65,87.24
RIGHT_WRIST,321,484.24,75.71
RIGHT_WRIST,322,483.48,75.99
RIGHT_WRIST,323,488.15,90.53
RIGHT_WRIST,324,483.72,94.33
RIGHT_WRIST,325,474.81,88.71
RIGHT_WRIST,326,477.84,96.21
RIGHT_WRIST,328,475.38,92.22
RIGHT_WRIST,329,497.27,108.21
RIGHT_WRIST,330,498.22,113.35
RIGHT_WRIST,331,501.04,113.91
RIGHT_WRIST,332,508.62,116.66
RIGHT_WRIST,333,509.60,116.01
RIGHT_WRIST,334,506.45,114.62
RIGHT_WRIST,335,510.97,121.23
RIGHT_WRIST,336,489.47,135.85
RIGHT_WRIST,337,491.06,135.78
RIGHT_WRIST,338,482.57,164.49
RIGHT_WRIST,339,416.55,196.44
RIGHT_WRIST,340,407.85,191.96
RIGHT_WRIST,341,369.80,218.09
RIGHT_WRIST,342,375.17,208.76
RIGHT_WRIST,343,365.15,200.38
RIGHT_WRIST,344,434.82,185.82
RIGHT_WRIST,345,434.71,185.78
RIGHT_WRIST,346,434.11,184.87
RIGHT_WRIST,347,549.34,332.79
RIGHT_WRIST,348,533.19,290.00
RIGHT_WRIST,349,644.85,324.49
RIGHT_WRIST,350,705.95,376.35
RIGHT_WRIST,351,705.85,376.22
RIGHT_WRIST,352,704.33,402.27
RIGHT_WRIST,353,683.00,425.23
RIGHT_WRIST,354,607.97,429.53
RIGHT_WRIST,355,607.35,430.24
RIGHT_WRIST,356,561.69,418.78
RIGHT_WRIST,357,556.34,386.28
RIGHT_WRIST,358,557.94,386.67
RIGHT_WRIST,359,554.21,364.24
RIGHT_WRIST,360,511.04,331.90
RIGHT_WRIST,361,511.99,334.08
RIGHT_WRIST,362,512.83,335.11
RIGHT_WRIST,363,413.94,370.99
RIGHT_WRIST,364,413.59,370.85
RIGHT_WRIST,365,401.05,367.63
RIGHT_WRIST,366,394.56,362.56
RIGHT_WRIST,367,394.77,363.37
RIGHT_WRIST,368,405.37,346.05
RIGHT_WRIST,369,423.74,325.43
RIGHT_WRIST,370,424.35,325.99
RIGHT_WRIST,371,475.55,255.22
RIGHT_WRIST,372,475.78,254.50
RIGHT_WRIST,373,469.98,256.18
RIGHT_WRIST,374,465.62,226.00
RIGHT_WRIST,375,470.68,220.91
RIGHT_WRIST,376,469.87,218.89
RIGHT_WRIST,377,464.05,214.62
RIGHT_WRIST,378,475.69,206.37
RIGHT_WRIST,379,469.76,208.10
RIGHT_WRIST,380,459.39,205.00
RIGHT_WRIST,381,454.03,203.79
RIGHT_WRIST,382,459.30,194.08
RIGHT_WRIST,383,457.61,194.30
RIGHT_WRIST,384,440.33,197.45
RIGHT_WRIST,385,418.28,221.93
RIGHT_WRIST,386,413.51,233.20
RIGHT_WRIST,387,438.19,231.37
RIGHT_WRIST,388,416.91,251.96
RIGHT_WRIST,389,416.79,251.93
RIGHT_WRIST,390,410.25,288.12
RIGHT_WRIST,391,407.09,336.11
RIGHT_WRIST,392,392.22,394.29
RIGHT_WRIST,393,372.27,419.20
RIGHT_WRIST,394,352.88,443.42
RIGHT_WRIST,395,352.94,443.82
RIGHT_WRIST,396,326.28,448.49
RIGHT_WRIST,397,316.90,460.21
RIGHT_WRIST,398,310.39,473.45
RIGHT_WRIST,399,311.05,472.87
RIGHT_WRIST,400,296.25,489.69
RIGHT_WRIST,401,291.31,516.03
RIGHT_WRIST,402,286.17,535.63
RIGHT_WRIST,403,284.95,536.17
RIGHT_WRIST,404,274.56,546.33
RIGHT_WRIST,405,276.32,546.83
RIGHT_WRIST,406,273.80,546.10
RIGHT_WRIST,407,279.09,545.05
RIGHT_WRIST,408,277.81,547.74
RIGHT_WRIST,409,284.43,553.94
RIGHT_WRIST,410,279.68,550.21
RIGHT_WRIST,411,284.06,546.14
RIGHT_WRIST,412,284.14,545.48
RIGHT_WRIST,413,295.53,550.72
RIGHT_WRIST,414,294.30,533.68
RIGHT_WRIST,415,292.26,534.44
RIGHT_WRIST,416,300.89,533.98
RIGHT_WRIST,417,292.65,522.75
RIGHT_WRIST,418,301.43,517.24
RIGHT_WRIST,419,295.86,515.12
RIGHT_WRIST,420,301.47,514.43
RIGHT_WRIST,421,306.61,504.22
RIGHT_WRIST,422,320.22,488.78
RIGHT_WRIST,423,323.33,483.05
RIGHT_WRIST,424,325.77,472.81
RIGHT_WRIST,425,332.44,469.28
RIGHT_WRIST,426,322.30,454.48
RIGHT_WRIST,427,338.94,440.95
RIGHT_WRIST,428,338.09,440.72
RIGHT_WRIST,429,354.43,427.53
RIGHT_WRIST,430,352.64,409.14
RIGHT_WRIST,431,351.65,398.72
RIGHT_WRIST,432,351.12,378.59
LEFT_PINKY,0,218.58,381.93
LEFT_PINKY,1,267.84,414.87
LEFT_PINKY,2,266.32,416.27
LEFT_PINKY,3,345.42,435.03
LEFT_PINKY,4,345.83,435.26
LEFT_PINKY,5,443.74,471.51
LEFT_PINKY,6,542.74,541.29
LEFT_PINKY,7,541.47,541.78
LEFT_PINKY,8,568.28,563.42
LEFT_PINKY,9,578.09,574.24
LEFT_PINKY,10,572.43,582.96
LEFT_PINKY,11,572.52,582.82
LEFT_PINKY,12,574.41,575.10
LEFT_PINKY,13,574.18,575.10
LEFT_PINKY,14,558.96,568.55
LEFT_PINKY,15,534.53,561.76
LEFT_PINKY,16,516.49,547.66
LEFT_PINKY,17,515.03,546.48
LEFT_PINKY,18,451.66,540.55
LEFT_PINKY,19,466.23,491.17
LEFT_PINKY,20,455.87,458.71
LEFT_PINKY,21,461.02,437.84
LEFT_PINKY,22,460.70,437.45
LEFT_PINKY,23,478.48,436.24
LEFT_PINKY,24,455.64,451.00
LEFT_PINKY,25,470.39,478.66
LEFT_PINKY,27,450.99,431.18
LEFT_PINKY,29,436.84,488.88
LEFT_PINKY,30,542.74,461.78
LEFT_PINKY,31,543.25,461.78
LEFT_PINKY,32,575.18,461.80
LEFT_PINKY,33,600.74,460.75
LEFT_PINKY,34,620.16,464.19
LEFT_PINKY,35,620.84,465.99
LEFT_PINKY,36,630.42,464.83
LEFT_PINKY,37,642.32,465.15
LEFT_PINKY,38,620.75,468.94
LEFT_PINKY,39,620.91,468.63
LEFT_PINKY,40,560.23,400.56
LEFT_PINKY,41,592.03,488.92
LEFT_PINKY,42,514.60,496.96
LEFT_PINKY,43,515.63,497.35
LEFT_PINKY,44,525.08,500.46
LEFT_PINKY,45,512.75,498.75
LEFT_PINKY,46,513.56,498.69
LEFT_PINKY,47,483.20,489.53
LEFT_PINKY,48,418.96,437.69
LEFT_PINKY,49,417.05,436.44
LEFT_PINKY,50,398.29,433.56
LEFT_PINKY,51,363.46,449.09
LEFT_PINKY,52,326.54,440.15
LEFT_PINKY,53,326.98,439.51
LEFT_PINKY,54,307.70,438.71
LEFT_PINKY,55,376.53,389.06
LEFT_PINKY,56,371.07,388.77
LEFT_PINKY,57,512.26,391.20
LEFT_PINKY,58,454.81,275.59
LEFT_PINKY,59,456.45,275.16
LEFT_PINKY,60,589.67,350.89
LEFT_PINKY,61,629.55,362.80
LEFT_PINKY,62,656.89,343.84
LEFT_PINKY,63,652.40,317.98
LEFT_PINKY,64,580.94,262.53
LEFT_PINKY,65,581.75,262.08
LEFT_PINKY,66,501.37,203.54
LEFT_PINKY,67,493.26,207.92
LEFT_PINKY,68,485.90,188.08
LEFT_PINKY,69,489.71,184.56
LEFT_PINKY,70,432.89,106.88
LEFT_PINKY,71,432.98,105.24
LEFT_PINKY,72,456.82,72.47
LEFT_PINKY,73,456.97,44.36
LEFT_PINKY,74,474.77,26.49
LEFT_PINKY,75,475.25,26.07
LEFT_PINKY,76,538.15,2.18
LEFT_PINKY,77,549.29,-5.94
LEFT_PINKY,78,418.45,361.58
LEFT_PINKY,79,441.41,355.97
LEFT_PINKY,80,510.11,33.58
LEFT_PINKY,81,477.24,2.68
LEFT_PINKY,82,476.75,2.82
LEFT_PINKY,83,480.25,2.45
LEFT_PINKY,84,460.23,12.29
LEFT_PINKY,85,464.86,14.97
LEFT_PINKY,86,465.64,102.65
LEFT_PINKY,87,489.58,94.61
LEFT_PINKY,88,482.98,50.40
LEFT_PINKY,89,511.23,9.26
LEFT_PINKY,90,510.72,16.59
LEFT_PINKY,91,513.05,14.23
LEFT_PINKY,92,269.18,315.03
LEFT_PINKY,93,191.68,407.28
LEFT_PINKY,94,493.92,42.75
LEFT_PINKY,95,488.35,66.34
LEFT_PINKY,96,471.17,22.66
LEFT_PINKY,97,444.47,10.16
LEFT_PINKY,98,414.43,3.15
LEFT_PINKY,99,414.90,16.21
LEFT_PINKY,100,389.96,16.30
LEFT_PINKY,101,389.31,8.91
LEFT_PINKY,102,402.27,24.47
LEFT_PINKY,103,426.99,21.02
LEFT_PINKY,104,429.45,15.75
LEFT_PINKY,105,438.07,18.47
LEFT_PINKY,106,438.49,18.27
LEFT_PINKY,107,439.75,22.45
LEFT_PINKY,108,427.19,19.61
LEFT_PINKY,109,451.71,27.98
LEFT_PINKY,110,440.01,34.12
LEFT_PINKY,111,465.67,46.62
LEFT_PINKY,112,459.97,80.14
LEFT_PINKY,113,457.55,79.44
LEFT_PINKY,114,415.35,134.49
LEFT_PINKY,115,404.14,239.52
LEFT_PINKY,116,408.29,231.51
LEFT_PINKY,117,407.38,234.25
LEFT_PINKY,118,412.77,183.82
LEFT_PINKY,119,413.71,184.45
LEFT_PINKY,120,392.84,316.34
LEFT_PINKY,121,395.84,318.00
LEFT_PINKY,122,165.34,228.30
LEFT_PINKY,123,169.37,229.73
LEFT_PINKY,124,336.55,332.73
LEFT_PINKY,125,74.80,335.96
LEFT_PINKY,126,95.53,383.07
LEFT_PINKY,127,97.19,384.14
LEFT_PINKY,128,323.54,353.48
LEFT_PINKY,129,315.32,359.96
LEFT_PINKY,130,338.54,354.60
LEFT_PINKY,131,644.47,358.49
LEFT_PINKY,132,642.68,358.15
LEFT_PINKY,133,651.70,347.40
LEFT_PINKY,134,79.01,423.27
LEFT_PINKY,135,72.18,411.12
LEFT_PINKY,136,467.33,445.77
LEFT_PINKY,137,466.54,444.41
LEFT_PINKY,138,213.35,358.18
LEFT_PINKY,139,101.00,364.11
LEFT_PINKY,140,59.80,378.33
LEFT_PINKY,141,162.80,390.02
LEFT_PINKY,142,160.66,387.39
LEFT_PINKY,143,169.86,388.56
LEFT_PINKY,144,655.80,376.36
LEFT_PINKY,145,633.06,358.39
LEFT_PINKY,146,631.43,358.22
LEFT_PINKY,147,701.40,349.45
LEFT_PINKY,148,713.86,332.54
LEFT_PINKY,149,710.31,334.52
LEFT_PINKY,150,647.03,336.09
LEFT_PINKY,151,477.19,328.15
LEFT_PINKY,152,546.21,455.32
LEFT_PINKY,153,305.32,343.71
LEFT_PINKY,154,153.72,328.00
LEFT_PINKY,155,129.46,334.84
LEFT_PINKY,156,128.54,337.14
LEFT_PINKY,157,120.46,337.75
LEFT_PINKY,158,519.19,323.70
LEFT_PINKY,159,526.82,326.71
LEFT_PINKY,160,524.08,330.59
LEFT_PINKY,161,524.23,331.12
LEFT_PINKY,162,733.89,333.77
LEFT_PINKY,163,733.67,335.06
LEFT_PINKY,164,763.34,326.80
LEFT_PINKY,165,765.47,325.57
LEFT_PINKY,166,503.77,355.74
LEFT_PINKY,167,315.17,389.85
LEFT_PINKY,168,557.99,441.87
LEFT_PINKY,169,556.21,443.60
LEFT_PINKY,170,318.11,351.08
LEFT_PINKY,171,329.20,356.32
LEFT_PINKY,172,124.09,301.32
LEFT_PINKY,173,140.68,298.03
LEFT_PINKY,174,140.35,299.40
LEFT_PINKY,175,193.66,300.92
LEFT_PINKY,176,193.80,300.45
LEFT_PINKY,177,397.79,333.09
LEFT_PINKY,178,553.92,356.93
LEFT_PINKY,179,554.86,357.16
LEFT_PINKY,180,517.65,383.34
LEFT_PINKY,181,517.41,383.10
LEFT_PINKY,182,496.76,345.64
LEFT_PINKY,183,502.51,347.80
LEFT_PINKY,184,514.43,372.99
LEFT_PINKY,185,445.59,278.40
LEFT_PINKY,186,426.19,291.99
LEFT_PINKY,187,382.68,279.46
LEFT_PINKY,188,385.29,284.41
LEFT_PINKY,189,475.70,466.06
LEFT_PINKY,190,482.81,472.87
LEFT_PINKY,191,359.27,392.45
LEFT_PINKY,192,353.17,391.78
LEFT_PINKY,193,352.83,391.49
LEFT_PINKY,194,374.85,392.14
LEFT_PINKY,195,477.07,290.83
LEFT_PINKY,196,478.68,286.81
LEFT_PINKY,197,479.69,371.64
LEFT_PINKY,198,479.05,368.20
LEFT_PINKY,199,505.39,346.86
LEFT_PINKY,200,519.74,251.80
LEFT_PINKY,201,519.75,250.54
LEFT_PINKY,202,519.92,250.13
LEFT_PINKY,203,407.04,192.29
LEFT_PINKY,204,350.48,174.83
LEFT_PINKY,205,315.04,104.79
LEFT_PINKY,206,314.02,104.36
LEFT_PINKY,207,332.95,114.01
LEFT_PINKY,208,333.17,114.01
LEFT_PINKY,209,441.96,123.60
LEFT_PINKY,210,442.15,123.32
LEFT_PINKY,211,560.42,136.78
LEFT_PINKY,212,560.31,136.31
LEFT_PINKY,213,553.04,146.63
LEFT_PINKY,214,555.62,145.55
LEFT_PINKY,215,519.21,146.47
LEFT_PINKY,216,299.89,139.01
LEFT_PINKY,217,299.27,140.19
LEFT_PINKY,218,299.82,138.24
LEFT_PINKY,219,157.66,158.66
LEFT_PINKY,220,157.62,158.25
LEFT_PINKY,221,263.50,188.64
LEFT_PINKY,224,444.25,224.35
LEFT_PINKY,225,448.06,224.40
LEFT_PINKY,228,352.00,219.38
LEFT_PINKY,229,314.87,223.78
LEFT_PINKY,230,315.47,219.48
LEFT_PINKY,231,228.29,258.57
LEFT_PINKY,232,228.95,259.42
LEFT_PINKY,238,438.99,274.08
LEFT_PINKY,239,445.39,271.16
LEFT_PINKY,240,367.12,236.47
LEFT_PINKY,242,280.54,255.38
LEFT_PINKY,243,278.96,253.82
LEFT_PINKY,244,279.49,254.18
LEFT_PINKY,245,253.27,278.12
LEFT_PINKY,250,381.93,261.58
LEFT_PINKY,251,383.95,260.78
LEFT_PINKY,252,429.58,257.44
LEFT_PINKY,253,383.98,266.75
LEFT_PINKY,254,394.05,260.06
LEFT_PINKY,255,292.23,256.97
LEFT_PINKY,256,294.97,255.47
LEFT_PINKY,257,295.55,256.88
LEFT_PINKY,258,297.49,273.38
LEFT_PINKY,259,317.19,275.68
LEFT_PINKY,260,330.77,241.47
LEFT_PINKY,261,331.67,242.12
LEFT_PINKY,263,449.16,273.75
LEFT_PINKY,265,445.70,217.33
LEFT_PINKY,266,443.44,214.99
LEFT_PINKY,267,440.91,215.77
LEFT_PINKY,268,381.03,206.85
LEFT_PINKY,269,346.34,193.18
LEFT_PINKY,270,296.03,180.22
LEFT_PINKY,271,279.33,165.47
LEFT_PINKY,272,278.08,166.01
LEFT_PINKY,273,273.80,166.81
LEFT_PINKY,274,328.83,104.22
LEFT_PINKY,275,325.41,114.51
LEFT_PINKY,276,382.38,86.35
LEFT_PINKY,277,476.40,83.37
LEFT_PINKY,278,481.62,86.18
LEFT_PINKY,279,513.54,90.50
LEFT_PINKY,280,518.04,88.66
LEFT_PINKY,281,557.75,70.91
LEFT_PINKY,282,538.23,71.01
LEFT_PINKY,283,538.56,70.27
LEFT_PINKY,284,514.83,68.56
LEFT_PINKY,285,516.34,68.64
LEFT_PINKY,286,465.28,82.05
LEFT_PINKY,287,423.41,84.45
LEFT_PINKY,288,426.93,80.89
LEFT_PINKY,289,373.66,108.77
LEFT_PINKY,293,419.18,62.39
LEFT_PINKY,294,544.57,74.36
LEFT_PINKY,295,545.66,75.16
LEFT_PINKY,296,546.16,73.17
LEFT_PINKY,297,577.57,103.82
LEFT_PINKY,298,582.77,75.99
LEFT_PINKY,299,577.89,77.83
LEFT_PINKY,300,540.53,71.54
LEFT_PINKY,301,539.99,74.19
LEFT_PINKY,302,435.61,110.83
LEFT_PINKY,303,427.50,107.98
LEFT_PINKY,304,468.95,77.30
LEFT_PINKY,305,409.62,98.55
LEFT_PINKY,306,417.85,111.80
LEFT_PINKY,307,417.90,136.00
LEFT_PINKY,308,421.15,96.96
LEFT_PINKY,309,434.92,78.85
LEFT_PINKY,310,478.80,76.21
LEFT_PINKY,311,474.97,77.75
LEFT_PINKY,312,531.11,69.95
LEFT_PINKY,313,576.37,63.78
LEFT_PINKY,314,615.72,89.26
LEFT_PINKY,315,622.53,77.99
LEFT_PINKY,316,616.65,90.06
LEFT_PINKY,317,588.36,64.76
LEFT_PINKY,318,587.91,64.86
LEFT_PINKY,319,550.16,76.97
LEFT_PINKY,320,551.57,73.56
LEFT_PINKY,321,482.68,73.65
LEFT_PINKY,322,484.11,74.92
LEFT_PINKY,323,419.94,106.86
LEFT_PINKY,324,401.37,95.44
LEFT_PINKY,325,399.26,65.72
LEFT_PINKY,326,428.08,83.71
LEFT_PINKY,328,443.81,82.32
LEFT_PINKY,329,479.01,77.28
LEFT_PINKY,330,537.10,79.97
LEFT_PINKY,331,538.15,82.45
LEFT_PINKY,332,576.78,111.42
LEFT_PINKY,333,577.91,109.23
LEFT_PINKY,334,578.10,106.06
LEFT_PINKY,335,566.59,124.85
LEFT_PINKY,336,484.33,131.04
LEFT_PINKY,337,483.82,133.93
LEFT_PINKY,338,449.40,173.09
LEFT_PINKY,339,442.41,193.35
LEFT_PINKY,340,440.10,193.04
LEFT_PINKY,341,423.30,217.32
LEFT_PINKY,342,384.99,192.47
LEFT_PINKY,343,393.64,157.32
LEFT_PINKY,344,446.03,57.85
LEFT_PINKY,345,445.15,58.57
LEFT_PINKY,346,445.90,57.61
LEFT_PINKY,347,518.52,32.79
LEFT_PINKY,348,602.55,43.93
LEFT_PINKY,349,683.59,122.25
LEFT_PINKY,350,720.13,180.45
LEFT_PINKY,351,719.94,180.45
LEFT_PINKY,352,463.36,416.27
LEFT_PINKY,353,521.41,404.27
LEFT_PINKY,354,405.54,281.25
LEFT_PINKY,355,405.51,280.99
LEFT_PINKY,356,201.63,321.67
LEFT_PINKY,357,135.39,314.46
LEFT_PINKY,358,131.31,315.85
LEFT_PINKY,359,169.62,308.67
LEFT_PINKY,360,479.34,369.98
LEFT_PINKY,361,507.46,435.60
LEFT_PINKY,362,540.60,480.72
LEFT_PINKY,363,729.26,364.14
LEFT_PINKY,364,730.20,363.74
LEFT_PINKY,365,752.21,373.89
LEFT_PINKY,366,709.41,395.38
LEFT_PINKY,367,709.48,395.68
LEFT_PINKY,368,638.75,400.84
LEFT_PINKY,369,560.30,411.34
LEFT_PINKY,370,560.44,426.00
LEFT_PINKY,371,528.32,469.77
LEFT_PINKY,372,527.98,469.16
LEFT_PINKY,373,515.13,493.13
LEFT_PINKY,374,487.03,271.38
LEFT_PINKY,375,424.48,467.85
LEFT_PINKY,376,404.62,444.85
LEFT_PINKY,377,462.30,470.44
LEFT_PINKY,378,454.02,469.46
LEFT_PINKY,379,452.29,467.65
LEFT_PINKY,380,436.67,478.46
LEFT_PINKY,381,423.96,462.25
LEFT_PINKY,382,419.18,443.83
LEFT_PINKY,383,417.79,449.82
LEFT_PINKY,384,405.95,452.43
LEFT_PINKY,385,405.62,463.43
LEFT_PINKY,386,419.57,454.97
LEFT_PINKY,387,424.62,453.39
LEFT_PINKY,388,420.25,451.56
LEFT_PINKY,389,419.81,451.99
LEFT_PINKY,390,418.05,457.48
LEFT_PINKY,391,408.27,472.45
LEFT_PINKY,392,382.52,486.15
LEFT_PINKY,393,339.80,487.71
LEFT_PINKY,394,313.21,508.61
LEFT_PINKY,395,312.90,508.76
LEFT_PINKY,396,344.27,474.27
LEFT_PINKY,397,343.36,465.63
LEFT_PINKY,398,341.23,469.38
LEFT_PINKY,399,344.71,466.99
LEFT_PINKY,400,326.85,495.22
LEFT_PINKY,401,336.36,503.59
LEFT_PINKY,402,309.47,527.68
LEFT_PINKY,403,303.41,532.23
LEFT_PINKY,404,337.42,513.32
LEFT_PINKY,405,341.03,503.67
LEFT_PINKY,406,334.47,511.10
LEFT_PINKY,407,376.88,485.82
LEFT_PINKY,408,389.34,481.34
LEFT_PINKY,409,370.59,508.52
LEFT_PINKY,410,380.07,506.93
LEFT_PINKY,411,345.45,516.68
LEFT_PINKY,412,364.39,504.13
LEFT_PINKY,413,378.53,508.65
LEFT_PINKY,414,368.48,489.08
LEFT_PINKY,415,361.09,496.19
LEFT_PINKY,416,393.68,470.98
LEFT_PINKY,417,373.06,495.39
LEFT_PINKY,418,368.20,484.73
LEFT_PINKY,419,378.25,483.92
LEFT_PINKY,420,365.18,472.15
LEFT_PINKY,421,381.75,433.11
LEFT_PINKY,422,360.43,464.86
LEFT_PINKY,423,386.93,437.82
LEFT_PINKY,424,355.90,484.47
LEFT_PINKY,425,372.32,500.01
LEFT_PINKY,426,364.74,496.08
LEFT_PINKY,427,373.12,501.21
LEFT_PINKY,428,374.83,500.25
LEFT_PINKY,429,395.70,490.14
LEFT_PINKY,430,411.01,469.05
LEFT_PINKY,431,410.13,467.65
LEFT_PINKY,432,433.32,410.78
RIGHT_PINKY,0,715.53,315.87
RIGHT_PINKY,1,623.04,276.29
RIGHT_PINKY,2,623.28,276.05
RIGHT_PINKY,3,562.73,280.82
RIGHT_PINKY,4,562.79,281.42
RIGHT_PINKY,5,527.45,272.35
RIGHT_PINKY,6,410.58,432.71
RIGHT_PINKY,7,401.45,406.35
RIGHT_PINKY,8,273.36,388.94
RIGHT_PINKY,9,235.98,429.29
RIGHT_PINKY,10,199.16,460.15
RIGHT_PINKY,11,199.34,460.22
RIGHT_PINKY,12,178.50,490.76
RIGHT_PINKY,13,284.52,507.87
RIGHT_PINKY,14,205.29,482.65
RIGHT_PINKY,15,277.28,459.81
RIGHT_PINKY,16,367.43,429.56
RIGHT_PINKY,17,364.45,429.13
RIGHT_PINKY,18,619.65,397.21
RIGHT_PINKY,19,763.50,367.48
RIGHT_PINKY,20,849.17,362.24
RIGHT_PINKY,21,893.70,374.00
RIGHT_PINKY,22,892.83,373.98
RIGHT_PINKY,23,855.30,389.32
RIGHT_PINKY,24,815.95,413.27
RIGHT_PINKY,25,732.74,447.15
RIGHT_PINKY,27,508.75,478.70
RIGHT_PINKY,29,477.09,456.43
RIGHT_PINKY,30,227.78,601.91
RIGHT_PINKY,31,227.50,601.95
RIGHT_PINKY,32,167.53,606.64
RIGHT_PINKY,33,143.63,594.27
RIGHT_PINKY,34,130.25,573.65
RIGHT_PINKY,35,131.26,573.19
RIGHT_PINKY,36,126.71,536.86
RIGHT_PINKY,37,138.30,497.64
RIGHT_PINKY,38,165.30,455.09
RIGHT_PINKY,39,165.74,454.49
RIGHT_PINKY,40,363.87,388.31
RIGHT_PINKY,41,232.07,379.52
RIGHT_PINKY,42,286.67,351.18
RIGHT_PINKY,43,285.88,350.95
RIGHT_PINKY,44,297.08,348.54
RIGHT_PINKY,45,301.01,349.61
RIGHT_PINKY,46,301.46,349.50
RIGHT_PINKY,47,335.42,351.63
RIGHT_PINKY,48,441.04,330.53
RIGHT_PINKY,49,489.32,328.33
RIGHT_PINKY,50,528.02,319.89
RIGHT_PINKY,51,603.89,352.75
RIGHT_PINKY,52,720.09,350.79
RIGHT_PINKY,53,720.07,350.40
RIGHT_PINKY,54,758.53,344.68
RIGHT_PINKY,55,699.23,346.40
RIGHT_PINKY,56,699.08,346.60
RIGHT_PINKY,57,573.33,346.47
RIGHT_PINKY,58,452.87,274.33
RIGHT_PINKY,59,443.60,285.27
RIGHT_PINKY,60,238.14,336.64
RIGHT_PINKY,61,192.78,333.55
RIGHT_PINKY,62,187.47,330.78
RIGHT_PINKY,63,239.64,320.30
RIGHT_PINKY,64,339.85,309.98
RIGHT_PINKY,65,353.89,310.91
RIGHT_PINKY,66,563.26,234.98
RIGHT_PINKY,67,762.42,310.03
RIGHT_PINKY,68,849.66,306.38
RIGHT_PINKY,69,846.87,307.62
RIGHT_PINKY,70,823.25,321.82
RIGHT_PINKY,71,823.58,322.38
RIGHT_PINKY,72,707.31,332.25
RIGHT_PINKY,73,574.40,248.77
RIGHT_PINKY,74,304.45,349.08
RIGHT_PINKY,75,311.19,350.46
RIGHT_PINKY,76,191.19,352.43
RIGHT_PINKY,77,248.91,349.64
RIGHT_PINKY,78,522.06,193.98
RIGHT_PINKY,79,537.00,218.15
RIGHT_PINKY,80,501.11,216.13
RIGHT_PINKY,81,832.80,372.59
RIGHT_PINKY,82,833.64,372.39
RIGHT_PINKY,83,839.02,371.49
RIGHT_PINKY,84,764.76,364.31
RIGHT_PINKY,85,766.17,364.84
RIGHT_PINKY,86,638.65,347.95
RIGHT_PINKY,87,526.11,366.20
RIGHT_PINKY,88,515.12,275.68
RIGHT_PINKY,89,204.32,383.86
RIGHT_PINKY,90,152.05,396.16
RIGHT_PINKY,91,152.60,395.76
RIGHT_PINKY,92,378.03,140.90
RIGHT_PINKY,93,507.61,35.82
RIGHT_PINKY,94,464.70,248.51
RIGHT_PINKY,95,465.85,247.76
RIGHT_PINKY,96,729.18,384.48
RIGHT_PINKY,97,763.27,377.10
RIGHT_PINKY,98,790.39,364.66
RIGHT_PINKY,99,793.33,364.08
RIGHT_PINKY,100,662.74,354.61
RIGHT_PINKY,101,662.52,353.86
RIGHT_PINKY,102,480.72,458.17
RIGHT_PINKY,103,445.58,256.29
RIGHT_PINKY,104,191.05,374.08
RIGHT_PINKY,105,126.37,386.50
RIGHT_PINKY,106,126.23,388.15
RIGHT_PINKY,107,92.30,394.95
RIGHT_PINKY,108,140.38,399.83
RIGHT_PINKY,109,449.27,212.98
RIGHT_PINKY,110,444.87,225.06
RIGHT_PINKY,111,656.76,377.24
RIGHT_PINKY,112,705.82,361.81
RIGHT_PINKY,113,706.16,362.21
RIGHT_PINKY,114,708.02,349.08
RIGHT_PINKY,115,424.93,252.15
RIGHT_PINKY,116,426.50,230.62
RIGHT_PINKY,117,420.89,227.31
RIGHT_PINKY,118,82.02,367.79
RIGHT_PINKY,119,80.52,366.65
RIGHT_PINKY,120,44.97,401.12
RIGHT_PINKY,121,45.22,400.47
RIGHT_PINKY,122,136.73,410.76
RIGHT_PINKY,123,138.07,410.65
RIGHT_PINKY,124,380.86,335.40
RIGHT_PINKY,125,533.97,409.83
RIGHT_PINKY,126,697.82,395.30
RIGHT_PINKY,127,696.40,393.79
RIGHT_PINKY,128,668.62,393.94
RIGHT_PINKY,129,668.08,393.13
RIGHT_PINKY,130,576.38,380.43
RIGHT_PINKY,131,624.53,369.78
RIGHT_PINKY,132,406.45,440.57
RIGHT_PINKY,133,94.79,402.24
RIGHT_PINKY,134,594.17,348.84
RIGHT_PINKY,135,594.22,349.04
RIGHT_PINKY,136,74.93,415.50
RIGHT_PINKY,137,75.50,415.32
RIGHT_PINKY,138,214.98,347.65
RIGHT_PINKY,139,82.36,361.74
RIGHT_PINKY,140,48.05,372.45
RIGHT_PINKY,141,709.65,383.78
RIGHT_PINKY,142,722.10,384.93
RIGHT_PINKY,143,709.15,383.96
RIGHT_PINKY,144,656.92,383.94
RIGHT_PINKY,145,628.94,358.78
RIGHT_PINKY,146,627.54,359.31
RIGHT_PINKY,147,253.47,410.46
RIGHT_PINKY,148,138.24,415.71
RIGHT_PINKY,149,138.71,416.72
RIGHT_PINKY,150,78.07,416.92
RIGHT_PINKY,151,75.00,418.64
RIGHT_PINKY,152,132.46,425.75
RIGHT_PINKY,153,355.18,337.32
RIGHT_PINKY,154,439.94,339.14
RIGHT_PINKY,155,638.00,408.61
RIGHT_PINKY,156,631.67,406.45
RIGHT_PINKY,157,721.55,401.23
RIGHT_PINKY,158,746.23,379.92
RIGHT_PINKY,159,746.20,380.11
RIGHT_PINKY,160,667.66,367.88
RIGHT_PINKY,161,671.66,366.87
RIGHT_PINKY,162,353.32,449.76
RIGHT_PINKY,163,316.65,440.71
RIGHT_PINKY,164,253.26,371.94
RIGHT_PINKY,165,228.45,365.71
RIGHT_PINKY,166,163.26,377.22
RIGHT_PINKY,167,122.54,399.65
RIGHT_PINKY,168,214.58,405.31
RIGHT_PINKY,169,214.52,405.29
RIGHT_PINKY,170,331.14,342.17
RIGHT_PINKY,171,336.49,344.09
RIGHT_PINKY,172,635.63,403.49
RIGHT_PINKY,173,741.07,381.10
RIGHT_PINKY,174,744.67,381.08
RIGHT_PINKY,175,775.95,360.18
RIGHT_PINKY,176,775.58,360.02
RIGHT_PINKY,177,464.51,352.79
RIGHT_PINKY,178,558.07,359.70
RIGHT_PINKY,179,558.32,360.40
RIGHT_PINKY,180,222.40,429.27
RIGHT_PINKY,181,221.94,429.28
RIGHT_PINKY,182,131.34,497.34
RIGHT_PINKY,183,131.47,497.15
RIGHT_PINKY,184,130.67,495.86
RIGHT_PINKY,185,154.52,531.17
RIGHT_PINKY,186,212.57,566.53
RIGHT_PINKY,187,301.63,572.51
RIGHT_PINKY,188,298.13,578.17
RIGHT_PINKY,189,387.16,382.14
RIGHT_PINKY,190,387.80,376.60
RIGHT_PINKY,191,633.40,535.33
RIGHT_PINKY,192,666.28,513.65
RIGHT_PINKY,193,665.52,514.21
RIGHT_PINKY,194,604.47,516.56
RIGHT_PINKY,195,368.14,503.25
RIGHT_PINKY,196,379.93,502.62
RIGHT_PINKY,197,264.24,495.93
RIGHT_PINKY,198,264.58,496.18
RIGHT_PINKY,199,171.06,478.44
RIGHT_PINKY,200,126.76,485.64
RIGHT_PINKY,201,127.44,485.28
RIGHT_PINKY,202,124.96,488.17
RIGHT_PINKY,203,190.53,482.20
RIGHT_PINKY,204,297.33,455.88
RIGHT_PINKY,205,539.49,421.46
RIGHT_PINKY,206,541.55,412.19
RIGHT_PINKY,207,610.73,393.39
RIGHT_PINKY,208,610.41,393.14
RIGHT_PINKY,209,598.09,352.92
RIGHT_PINKY,210,596.52,350.87
RIGHT_PINKY,211,388.55,254.63
RIGHT_PINKY,212,384.11,257.95
RIGHT_PINKY,213,173.90,195.65
RIGHT_PINKY,214,156.62,193.42
RIGHT_PINKY,215,167.20,182.70
RIGHT_PINKY,216,184.03,258.05
RIGHT_PINKY,217,184.70,258.80
RIGHT_PINKY,218,184.23,259.60
RIGHT_PINKY,219,316.07,227.38
RIGHT_PINKY,220,316.33,227.08
RIGHT_PINKY,221,421.97,260.29
RIGHT_PINKY,224,472.53,230.87
RIGHT_PINKY,225,472.11,230.02
RIGHT_PINKY,228,327.82,221.09
RIGHT_PINKY,229,294.53,222.19
RIGHT_PINKY,230,293.10,217.18
RIGHT_PINKY,231,219.96,259.92
RIGHT_PINKY,232,219.07,258.69
RIGHT_PINKY,238,433.10,263.33
RIGHT_PINKY,239,431.60,249.36
RIGHT_PINKY,240,353.04,218.57
RIGHT_PINKY,242,314.32,225.96
RIGHT_PINKY,243,314.06,231.17
RIGHT_PINKY,244,311.83,224.01
RIGHT_PINKY,245,289.02,260.53
RIGHT_PINKY,250,421.09,272.24
RIGHT_PINKY,251,420.82,272.39
RIGHT_PINKY,252,404.15,258.01
RIGHT_PINKY,253,397.70,242.60
RIGHT_PINKY,254,411.01,232.48
RIGHT_PINKY,255,312.44,244.18
RIGHT_PINKY,256,303.85,244.75
RIGHT_PINKY,257,347.10,214.07
RIGHT_PINKY,258,372.24,280.29
RIGHT_PINKY,259,373.78,275.58
RIGHT_PINKY,260,390.93,258.92
RIGHT_PINKY,261,392.12,258.78
RIGHT_PINKY,263,446.00,264.70
RIGHT_PINKY,265,420.40,193.86
RIGHT_PINKY,266,427.77,193.83
RIGHT_PINKY,267,429.41,190.77
RIGHT_PINKY,268,365.26,201.88
RIGHT_PINKY,269,320.59,189.43
RIGHT_PINKY,270,293.81,163.42
RIGHT_PINKY,271,287.92,137.72
RIGHT_PINKY,272,288.02,137.47
RIGHT_PINKY,273,284.03,136.85
RIGHT_PINKY,274,356.36,89.80
RIGHT_PINKY,275,360.46,93.06
RIGHT_PINKY,276,424.20,113.84
RIGHT_PINKY,277,476.88,83.45
RIGHT_PINKY,278,470.28,90.05
RIGHT_PINKY,279,499.59,90.92
RIGHT_PINKY,280,501.04,90.05
RIGHT_PINKY,281,522.46,76.09
RIGHT_PINKY,282,518.25,65.07
RIGHT_PINKY,283,519.21,64.21
RIGHT_PINKY,284,483.82,69.74
RIGHT_PINKY,285,483.77,73.25
RIGHT_PINKY,286,466.35,64.94
RIGHT_PINKY,287,434.67,69.73
RIGHT_PINKY,288,436.23,71.27
RIGHT_PINKY,289,429.74,76.40
RIGHT_PINKY,293,497.49,91.09
RIGHT_PINKY,294,516.32,84.93
RIGHT_PINKY,295,517.68,84.21
RIGHT_PINKY,296,508.29,85.72
RIGHT_PINKY,297,543.30,84.76
RIGHT_PINKY,298,544.53,85.53
RIGHT_PINKY,299,539.13,85.06
RIGHT_PINKY,300,497.64,46.12
RIGHT_PINKY,301,494.33,46.53
RIGHT_PINKY,302,488.77,58.28
RIGHT_PINKY,303,493.08,59.13
RIGHT_PINKY,304,467.43,63.67
RIGHT_PINKY,305,454.06,75.95
RIGHT_PINKY,306,448.09,76.69
RIGHT_PINKY,307,447.03,76.14
RIGHT_PINKY,308,445.76,76.32
RIGHT_PINKY,309,491.99,68.50
RIGHT_PINKY,310,498.45,89.45
RIGHT_PINKY,311,497.82,89.16
RIGHT_PINKY,312,525.95,81.07
RIGHT_PINKY,313,550.82,68.97
RIGHT_PINKY,314,573.86,89.92
RIGHT_PINKY,315,572.53,90.76
RIGHT_PINKY,316,580.91,89.67
RIGHT_PINKY,317,563.06,60.08
RIGHT_PINKY,318,563.17,61.08
RIGHT_PINKY,319,502.23,80.06
RIGHT_PINKY,320,513.75,81.82
RIGHT_PINKY,321,468.47,58.12
RIGHT_PINKY,322,468.61,58.48
RIGHT_PINKY,323,465.71,74.19
RIGHT_PINKY,324,461.27,82.37
RIGHT_PINKY,325,452.16,71.22
RIGHT_PINKY,326,469.37,80.86
RIGHT_PINKY,328,473.66,73.74
RIGHT_PINKY,329,508.32,89.08
RIGHT_PINKY,330,517.77,97.87
RIGHT_PINKY,331,520.19,98.46
RIGHT_PINKY,332,535.43,110.49
RIGHT_PINKY,333,536.33,110.15
RIGHT_PINKY,334,533.26,106.37
RIGHT_PINKY,335,542.42,113.62
RIGHT_PINKY,336,507.60,133.05
RIGHT_PINKY,337,509.38,133.66
RIGHT_PINKY,338,496.04,167.12
RIGHT_PINKY,339,419.29,205.78
RIGHT_PINKY,340,412.61,203.95
RIGHT_PINKY,341,363.39,219.46
RIGHT_PINKY,342,356.87,214.15
RIGHT_PINKY,343,342.39,204.01
RIGHT_PINKY,344,413.12,170.28
RIGHT_PINKY,345,413.04,170.41
RIGHT_PINKY,346,412.31,168.62
RIGHT_PINKY,347,554.79,353.65
RIGHT_PINKY,348,539.13,286.53
RIGHT_PINKY,349,668.22,325.90
RIGHT_PINKY,350,732.61,383.98
RIGHT_PINKY,351,732.62,383.98
RIGHT_PINKY,352,732.53,419.96
RIGHT_PINKY,353,707.55,441.56
RIGHT_PINKY,354,601.93,447.57
RIGHT_PINKY,355,601.40,447.87
RIGHT_PINKY,356,550.40,437.02
RIGHT_PINKY,357,540.31,396.30
RIGHT_PINKY,358,543.26,395.34
RIGHT_PINKY,359,541.98,372.91
RIGHT_PINKY,360,497.78,334.87
RIGHT_PINKY,361,499.49,340.34
RIGHT_PINKY,362,499.82,340.40
RIGHT_PINKY,363,396.12,373.29
RIGHT_PINKY,364,395.78,372.50
RIGHT_PINKY,365,383.92,369.94
RIGHT_PINKY,366,411.22,342.85
RIGHT_PINKY,367,411.97,344.12
RIGHT_PINKY,368,420.41,329.44
RIGHT_PINKY,369,423.98,314.22
RIGHT_PINKY,370,424.33,315.24
RIGHT_PINKY,371,486.35,249.85
RIGHT_PINKY,372,486.70,249.21
RIGHT_PINKY,373,484.80,262.10
RIGHT_PINKY,374,471.82,213.09
RIGHT_PINKY,375,477.53,208.65
RIGHT_PINKY,376,475.74,208.93
RIGHT_PINKY,377,472.69,203.33
RIGHT_PINKY,378,485.46,194.61
RIGHT_PINKY,379,482.37,195.39
RIGHT_PINKY,380,474.60,192.26
RIGHT_PINKY,381,469.16,192.51
RIGHT_PINKY,382,473.83,182.04
RIGHT_PINKY,383,469.43,182.46
RIGHT_PINKY,384,452.04,186.67
RIGHT_PINKY,385,429.23,207.43
RIGHT_PINKY,386,421.41,221.57
RIGHT_PINKY,387,449.23,225.35
RIGHT_PINKY,388,426.00,243.63
RIGHT_PINKY,389,424.66,243.49
RIGHT_PINKY,390,425.19,279.73
RIGHT_PINKY,391,422.19,337.89
RIGHT_PINKY,392,413.59,400.61
RIGHT_PINKY,393,393.69,435.76
RIGHT_PINKY,394,368.53,454.55
RIGHT_PINKY,395,368.24,454.84
RIGHT_PINKY,396,340.02,464.13
RIGHT_PINKY,397,331.41,475.95
RIGHT_PINKY,398,326.62,483.61
RIGHT_PINKY,399,327.80,482.22
RIGHT_PINKY,400,308.34,504.49
RIGHT_PINKY,401,307.18,526.88
RIGHT_PINKY,402,300.65,545.87
RIGHT_PINKY,403,298.45,547.11
RIGHT_PINKY,404,293.29,555.51
RIGHT_PINKY,405,294.70,556.20
RIGHT_PINKY,406,294.19,556.22
RIGHT_PINKY,407,291.29,557.25
RIGHT_PINKY,408,291.52,558.64
RIGHT_PINKY,409,297.78,564.63
RIGHT_PINKY,410,294.14,558.10
RIGHT_PINKY,411,298.42,558.66
RIGHT_PINKY,412,297.08,554.63
RIGHT_PINKY,413,308.71,558.14
RIGHT_PINKY,414,311.85,542.90
RIGHT_PINKY,415,309.08,544.52
RIGHT_PINKY,416,315.11,539.74
RIGHT_PINKY,417,312.63,538.13
RIGHT_PINKY,418,322.29,534.63
RIGHT_PINKY,419,314.57,534.67
RIGHT_PINKY,420,314.77,531.87
RIGHT_PINKY,421,321.58,522.60
RIGHT_PINKY,422,331.37,508.30
RIGHT_PINKY,423,338.98,499.08
RIGHT_PINKY,424,340.25,489.39
RIGHT_PINKY,425,347.36,489.38
RIGHT_PINKY,426,341.93,473.76
RIGHT_PINKY,427,357.56,458.21
RIGHT_PINKY,428,357.43,457.94
RIGHT_PINKY,429,370.33,442.11
RIGHT_PINKY,430,373.66,422.36
RIGHT_PINKY,431,371.88,419.39
RIGHT_PINKY,432,365.57,395.46
LEFT_INDEX,0,216.32,380.41
LEFT_INDEX,1,265.44,409.40
LEFT_INDEX,2,263.41,410.32
LEFT_INDEX,3,350.51,429.04
LEFT_INDEX,4,350.83,429.38
LEFT_INDEX,5,442.75,470.90
LEFT_INDEX,6,544.74,544.52
LEFT_INDEX,7,543.38,545.17
LEFT_INDEX,8,569.48,568.78
LEFT_INDEX,9,579.18,581.67
LEFT_INDEX,10,572.49,586.66
LEFT_INDEX,11,572.55,586.76
LEFT_INDEX,12,573.84,575.72
LEFT_INDEX,13,573.74,575.71
LEFT_INDEX,14,557.67,567.37
LEFT_INDEX,15,532.91,558.46
LEFT_INDEX,16,516.92,547.63
LEFT_INDEX,17,513.55,544.56
LEFT_INDEX,18,464.38,539.60
LEFT_INDEX,19,472.17,491.13
LEFT_INDEX,20,459.44,456.26
LEFT_INDEX,21,466.40,441.27
LEFT_INDEX,22,466.04,440.70
LEFT_INDEX,23,490.83,437.91
LEFT_INDEX,24,468.54,450.68
LEFT_INDEX,25,469.20,488.06
LEFT_INDEX,27,458.38,432.15
LEFT_INDEX,29,435.85,491.35
LEFT_INDEX,30,543.02,471.37
LEFT_INDEX,31,543.57,471.46
LEFT_INDEX,32,576.64,465.02
LEFT_INDEX,33,603.34,463.95
LEFT_INDEX,34,621.71,469.30
LEFT_INDEX,35,622.55,470.66
LEFT_INDEX,36,631.36,468.98
LEFT_INDEX,37,638.47,463.92
LEFT_INDEX,38,607.74,464.35
LEFT_INDEX,39,607.14,464.40
LEFT_INDEX,40,564.89,381.23
LEFT_INDEX,41,578.05,503.61
LEFT_INDEX,42,512.58,492.58
LEFT_INDEX,43,514.21,495.63
LEFT_INDEX,44,522.55,495.15
LEFT_INDEX,45,510.87,493.27
LEFT_INDEX,46,511.68,493.37
LEFT_INDEX,47,483.11,492.13
LEFT_INDEX,48,424.31,435.32
LEFT_INDEX,49,422.15,434.48
LEFT_INDEX,50,406.26,434.28
LEFT_INDEX,51,366.42,449.81
LEFT_INDEX,52,335.45,440.05
LEFT_INDEX,53,335.92,439.73
LEFT_INDEX,54,317.13,436.89
LEFT_INDEX,55,381.43,387.51
LEFT_INDEX,56,380.66,386.89
LEFT_INDEX,57,513.73,391.97
LEFT_INDEX,58,442.93,265.96
LEFT_INDEX,59,444.37,265.72
LEFT_INDEX,60,580.97,350.78
LEFT_INDEX,61,618.70,359.70
LEFT_INDEX,62,645.88,342.02
LEFT_INDEX,63,640.99,315.99
LEFT_INDEX,64,564.95,245.84
LEFT_INDEX,65,566.10,245.85
LEFT_INDEX,66,506.00,205.80
LEFT_INDEX,67,504.28,215.64
LEFT_INDEX,68,490.87,191.07
LEFT_INDEX,69,494.02,189.71
LEFT_INDEX,70,438.37,109.19
LEFT_INDEX,71,437.75,107.05
LEFT_INDEX,72,459.28,70.69
LEFT_INDEX,73,457.14,49.34
LEFT_INDEX,74,465.37,34.49
LEFT_INDEX,75,465.90,34.41
LEFT_INDEX,76,531.30,-0.98
LEFT_INDEX,77,547.32,-8.95
LEFT_INDEX,78,427.67,357.20
LEFT_INDEX,79,450.27,351.29
LEFT_INDEX,80,513.42,30.61
LEFT_INDEX,81,490.51,1.75
LEFT_INDEX,82,490.04,2.00
LEFT_INDEX,83,494.32,2.24
LEFT_INDEX,84,472.60,12.66
LEFT_INDEX,85,473.97,12.60
LEFT_INDEX,86,470.91,107.10
LEFT_INDEX,87,501.13,99.44
LEFT_INDEX,88,493.32,53.50
LEFT_INDEX,89,508.89,3.60
LEFT_INDEX,90,508.52,12.33
LEFT_INDEX,91,510.75,10.01
LEFT_INDEX,92,267.86,307.69
LEFT_INDEX,93,187.38,402.13
LEFT_INDEX,94,494.78,40.22
LEFT_INDEX,95,489.55,65.55
LEFT_INDEX,96,476.74,24.03
LEFT_INDEX,97,454.48,11.08
LEFT_INDEX,98,427.32,4.43
LEFT_INDEX,99,428.64,13.01
LEFT_INDEX,100,395.66,17.13
LEFT_INDEX,101,394.81,9.45
LEFT_INDEX,102,404.51,18.72
LEFT_INDEX,103,432.12,24.58
LEFT_INDEX,104,421.58,12.78
LEFT_INDEX,105,430.11,14.03
LEFT_INDEX,106,431.74,13.98
LEFT_INDEX,107,432.88,19.06
LEFT_INDEX,108,424.47,17.18
LEFT_INDEX,109,455.78,30.30
LEFT_INDEX,110,444.04,36.39
LEFT_INDEX,111,479.94,56.14
LEFT_INDEX,112,472.66,93.78
LEFT_INDEX,113,470.87,92.33
LEFT_INDEX,114,421.45,145.86
LEFT_INDEX,115,408.44,256.00
LEFT_INDEX,116,414.50,240.36
LEFT_INDEX,117,413.17,242.25
LEFT_INDEX,118,404.11,191.13
LEFT_INDEX,119,404.50,191.28
LEFT_INDEX,120,394.35,307.93
LEFT_INDEX,121,398.10,309.66
LEFT_INDEX,122,162.08,224.72
LEFT_INDEX,123,166.22,225.94
LEFT_INDEX,124,342.03,329.60
LEFT_INDEX,125,73.43,335.24
LEFT_INDEX,126,94.84,382.45
LEFT_INDEX,127,96.91,383.76
LEFT_INDEX,128,331.54,355.61
LEFT_INDEX,129,324.18,361.89
LEFT_INDEX,130,347.95,355.01
LEFT_INDEX,131,648.68,358.64
LEFT_INDEX,132,646.84,358.64
LEFT_INDEX,133,655.07,346.76
LEFT_INDEX,134,65.98,406.30
LEFT_INDEX,135,64.84,405.52
LEFT_INDEX,136,471.58,435.19
LEFT_INDEX,137,471.05,433.88
LEFT_INDEX,138,214.99,354.61
LEFT_INDEX,139,96.29,365.39
LEFT_INDEX,140,55.67,375.90
LEFT_INDEX,141,158.78,387.69
LEFT_INDEX,142,157.17,384.76
LEFT_INDEX,143,168.02,386.33
LEFT_INDEX,144,660.89,380.24
LEFT_INDEX,145,635.63,360.15
LEFT_INDEX,146,634.23,360.36
LEFT_INDEX,147,706.79,349.14
LEFT_INDEX,148,716.35,333.94
LEFT_INDEX,149,713.71,336.27
LEFT_INDEX,150,651.51,334.33
LEFT_INDEX,151,475.47,329.56
LEFT_INDEX,152,549.90,446.68
LEFT_INDEX,153,322.07,342.24
LEFT_INDEX,154,152.31,327.07
LEFT_INDEX,155,127.55,334.92
LEFT_INDEX,156,123.24,335.60
LEFT_INDEX,157,119.02,336.42
LEFT_INDEX,158,534.74,328.48
LEFT_INDEX,159,536.15,328.41
LEFT_INDEX,160,541.67,334.33
LEFT_INDEX,161,542.01,334.36
LEFT_INDEX,162,738.64,335.54
LEFT_INDEX,163,738.43,336.63
LEFT_INDEX,164,769.72,327.40
LEFT_INDEX,165,770.42,326.07
LEFT_INDEX,166,505.97,346.74
LEFT_INDEX,167,315.95,384.43
LEFT_INDEX,168,563.99,439.90
LEFT_INDEX,169,562.06,441.76
LEFT_INDEX,170,321.06,347.11
LEFT_INDEX,171,322.18,347.23
LEFT_INDEX,172,121.88,295.87
LEFT_INDEX,173,145.22,283.86
LEFT_INDEX,174,144.74,285.59
LEFT_INDEX,175,191.52,297.53
LEFT_INDEX,176,191.68,296.87
LEFT_INDEX,177,401.44,335.96
LEFT_INDEX,178,551.87,361.30
LEFT_INDEX,179,552.89,361.53
LEFT_INDEX,180,513.17,381.40
LEFT_INDEX,181,513.04,381.02
LEFT_INDEX,182,483.12,337.15
LEFT_INDEX,183,489.51,339.63
LEFT_INDEX,184,500.81,366.65
LEFT_INDEX,185,438.86,282.41
LEFT_INDEX,186,414.89,278.44
LEFT_INDEX,187,377.84,266.27
LEFT_INDEX,188,378.23,267.18
LEFT_INDEX,189,482.34,468.82
LEFT_INDEX,190,488.99,475.73
LEFT_INDEX,191,368.73,397.69
LEFT_INDEX,192,360.47,394.26
LEFT_INDEX,193,360.49,393.62
LEFT_INDEX,194,378.80,404.36
LEFT_INDEX,195,478.49,285.55
LEFT_INDEX,196,480.09,275.64
LEFT_INDEX,197,473.42,370.22
LEFT_INDEX,198,472.97,367.92
LEFT_INDEX,199,498.28,347.68
LEFT_INDEX,200,515.14,258.93
LEFT_INDEX,201,514.76,257.99
LEFT_INDEX,202,515.40,257.10
LEFT_INDEX,203,399.97,200.79
LEFT_INDEX,204,352.93,179.30
LEFT_INDEX,205,326.77,111.82
LEFT_INDEX,206,326.81,112.00
LEFT_INDEX,207,342.23,123.08
LEFT_INDEX,208,342.48,123.37
LEFT_INDEX,209,449.06,134.75
LEFT_INDEX,210,448.90,134.51
LEFT_INDEX,211,563.56,140.47
LEFT_INDEX,212,563.30,140.27
LEFT_INDEX,213,555.53,145.53
LEFT_INDEX,214,556.51,144.66
LEFT_INDEX,215,513.90,147.26
LEFT_INDEX,216,295.86,145.81
LEFT_INDEX,217,295.25,147.00
LEFT_INDEX,218,295.21,145.52
LEFT_INDEX,219,157.76,162.81
LEFT_INDEX,220,157.96,162.87
LEFT_INDEX,221,270.15,195.91
LEFT_INDEX,224,448.14,230.19
LEFT_INDEX,225,448.25,229.39
LEFT_INDEX,228,348.79,225.33
LEFT_INDEX,229,312.93,225.31
LEFT_INDEX,230,313.47,222.09
LEFT_INDEX,231,230.31,262.59
LEFT_INDEX,232,230.88,263.71
LEFT_INDEX,238,434.81,279.97
LEFT_INDEX,239,446.95,265.32
LEFT_INDEX,240,362.67,238.23
LEFT_INDEX,242,288.70,262.60
LEFT_INDEX,243,288.62,263.13
LEFT_INDEX,244,286.53,261.82
LEFT_INDEX,245,254.36,276.79
LEFT_INDEX,250,388.97,272.83
LEFT_INDEX,251,398.30,272.99
LEFT_INDEX,252,429.44,266.65
LEFT_INDEX,253,364.86,259.97
LEFT_INDEX,254,381.98,261.26
LEFT_INDEX,255,289.01,258.74
LEFT_INDEX,256,291.94,258.10
LEFT_INDEX,257,304.17,257.48
LEFT_INDEX,258,307.61,273.67
LEFT_INDEX,259,323.31,273.73
LEFT_INDEX,260,339.92,256.95
LEFT_INDEX,261,340.62,257.43
LEFT_INDEX,263,441.83,267.12
LEFT_INDEX,265,440.31,207.43
LEFT_INDEX,266,438.30,222.98
LEFT_INDEX,267,430.84,211.15
LEFT_INDEX,268,382.71,209.42
LEFT_INDEX,269,345.75,197.29
LEFT_INDEX,270,293.58,186.00
LEFT_INDEX,271,280.76,167.21
LEFT_INDEX,272,281.57,167.30
LEFT_INDEX,273,279.87,168.32
LEFT_INDEX,274,337.61,109.47
LEFT_INDEX,275,335.09,113.25
LEFT_INDEX,276,390.32,94.52
LEFT_INDEX,277,485.57,89.36
LEFT_INDEX,278,491.15,93.47
LEFT_INDEX,279,517.83,98.13
LEFT_INDEX,280,523.40,97.24
LEFT_INDEX,281,556.65,67.88
LEFT_INDEX,282,537.28,69.47
LEFT_INDEX,283,537.79,68.55
LEFT_INDEX,284,509.86,67.83
LEFT_INDEX,285,511.63,67.78
LEFT_INDEX,286,464.13,78.08
LEFT_INDEX,287,415.61,88.35
LEFT_INDEX,288,417.88,87.14
LEFT_INDEX,289,384.63,97.66
LEFT_INDEX,293,429.51,63.35
LEFT_INDEX,294,549.32,82.49
LEFT_INDEX,295,550.57,83.10
LEFT_INDEX,296,550.76,81.56
LEFT_INDEX,297,578.86,91.90
LEFT_INDEX,298,585.73,74.87
LEFT_INDEX,299,583.29,75.68
LEFT_INDEX,300,534.96,70.17
LEFT_INDEX,301,534.86,72.75
LEFT_INDEX,302,440.36,112.68
LEFT_INDEX,303,433.38,110.63
LEFT_INDEX,304,464.65,78.84
LEFT_INDEX,305,409.34,100.77
LEFT_INDEX,306,422.93,118.81
LEFT_INDEX,307,421.31,137.61
LEFT_INDEX,308,425.19,104.11
LEFT_INDEX,309,449.25,84.41
LEFT_INDEX,310,486.84,77.81
LEFT_INDEX,311,484.05,78.94
LEFT_INDEX,312,537.75,77.13
LEFT_INDEX,313,579.37,68.42
LEFT_INDEX,314,615.12,91.46
LEFT_INDEX,315,621.14,80.94
LEFT_INDEX,316,617.38,90.60
LEFT_INDEX,317,584.73,66.63
LEFT_INDEX,318,584.00,66.92
LEFT_INDEX,319,545.88,75.55
LEFT_INDEX,320,546.10,72.92
LEFT_INDEX,321,476.26,76.52
LEFT_INDEX,322,476.19,79.86
LEFT_INDEX,323,421.84,95.68
LEFT_INDEX,324,400.19,100.16
LEFT_INDEX,325,400.59,70.54
LEFT_INDEX,326,429.24,84.87
LEFT_INDEX,328,452.77,87.22
LEFT_INDEX,329,485.27,81.61
LEFT_INDEX,330,542.98,86.47
LEFT_INDEX,331,543.54,87.78
LEFT_INDEX,332,578.72,112.69
LEFT_INDEX,333,579.84,110.80
LEFT_INDEX,334,580.75,108.96
LEFT_INDEX,335,565.55,126.91
LEFT_INDEX,336,478.04,133.69
LEFT_INDEX,337,475.69,142.97
LEFT_INDEX,338,445.36,174.95
LEFT_INDEX,339,433.80,197.34
LEFT_INDEX,340,431.80,196.67
LEFT_INDEX,341,420.75,224.09
LEFT_INDEX,342,383.19,197.75
LEFT_INDEX,343,388.71,160.01
LEFT_INDEX,344,439.75,54.73
LEFT_INDEX,345,438.80,55.07
LEFT_INDEX,346,439.83,54.22
LEFT_INDEX,347,510.43,32.31
LEFT_INDEX,348,593.15,39.34
LEFT_INDEX,349,686.51,119.72
LEFT_INDEX,350,729.48,176.24
LEFT_INDEX,351,729.51,176.16
LEFT_INDEX,352,464.07,423.04
LEFT_INDEX,353,535.29,400.27
LEFT_INDEX,354,421.27,270.57
LEFT_INDEX,355,421.59,269.74
LEFT_INDEX,356,199.03,318.88
LEFT_INDEX,357,135.50,307.64
LEFT_INDEX,358,131.50,308.91
LEFT_INDEX,359,169.01,302.54
LEFT_INDEX,360,476.40,357.39
LEFT_INDEX,361,505.18,424.54
LEFT_INDEX,362,537.89,473.90
LEFT_INDEX,363,735.48,366.87
LEFT_INDEX,364,736.74,366.07
LEFT_INDEX,365,759.32,377.70
LEFT_INDEX,366,713.34,397.77
LEFT_INDEX,367,713.09,398.35
LEFT_INDEX,368,639.37,401.50
LEFT_INDEX,369,554.70,398.17
LEFT_INDEX,370,555.35,414.79
LEFT_INDEX,371,526.37,461.86
LEFT_INDEX,372,526.44,461.09
LEFT_INDEX,373,516.90,486.48
LEFT_INDEX,374,485.40,265.00
LEFT_INDEX,375,419.47,450.96
LEFT_INDEX,376,402.15,433.57
LEFT_INDEX,377,463.84,466.19
LEFT_INDEX,378,455.68,469.76
LEFT_INDEX,379,454.12,467.97
LEFT_INDEX,380,433.05,466.84
LEFT_INDEX,381,426.14,456.71
LEFT_INDEX,382,420.71,441.34
LEFT_INDEX,383,419.31,446.94
LEFT_INDEX,384,405.80,448.71
LEFT_INDEX,385,399.98,452.44
LEFT_INDEX,386,423.66,455.72
LEFT_INDEX,387,428.82,453.93
LEFT_INDEX,388,424.98,453.66
LEFT_INDEX,389,424.25,454.12
LEFT_INDEX,390,422.32,459.44
LEFT_INDEX,391,412.42,472.62
LEFT_INDEX,392,387.42,485.30
LEFT_INDEX,393,342.28,487.33
LEFT_INDEX,394,317.99,491.15
LEFT_INDEX,395,318.36,491.26
LEFT_INDEX,396,348.09,468.70
LEFT_INDEX,397,343.34,467.92
LEFT_INDEX,398,341.31,470.28
LEFT_INDEX,399,348.08,461.27
LEFT_INDEX,400,329.63,498.97
LEFT_INDEX,401,343.44,498.35
LEFT_INDEX,402,314.02,532.59
LEFT_INDEX,403,307.84,537.01
LEFT_INDEX,404,339.25,516.54
LEFT_INDEX,405,342.58,507.81
LEFT_INDEX,406,332.75,516.64
LEFT_INDEX,407,383.24,486.07
LEFT_INDEX,408,385.63,485.35
LEFT_INDEX,409,366.40,513.75
LEFT_INDEX,410,375.46,510.13
LEFT_INDEX,411,342.10,521.34
LEFT_INDEX,412,360.72,509.43
LEFT_INDEX,413,375.24,512.70
LEFT_INDEX,414,363.82,493.59
LEFT_INDEX,415,357.52,499.99
LEFT_INDEX,416,396.98,478.27
LEFT_INDEX,417,370.31,501.09
LEFT_INDEX,418,367.56,488.74
LEFT_INDEX,419,376.51,487.22
LEFT_INDEX,420,364.72,473.74
LEFT_INDEX,421,381.27,435.48
LEFT_INDEX,422,361.22,466.26
LEFT_INDEX,423,387.68,437.39
LEFT_INDEX,424,356.78,488.59
LEFT_INDEX,425,372.11,498.42
LEFT_INDEX,426,362.47,496.42
LEFT_INDEX,427,372.63,502.81
LEFT_INDEX,428,374.25,501.69
LEFT_INDEX,429,390.84,490.54
LEFT_INDEX,430,401.00,464.57
LEFT_INDEX,431,400.11,463.32
LEFT_INDEX,432,422.59,407.11
RIGHT_INDEX,0,717.56,306.72
RIGHT_INDEX,1,620.00,268.95
RIGHT_INDEX,2,620.39,269.07
RIGHT_INDEX,3,557.48,275.83
RIGHT_INDEX,4,557.60,276.33
RIGHT_INDEX,5,523.81,270.38
RIGHT_INDEX,6,404.95,438.61
RIGHT_INDEX,7,395.18,411.19
RIGHT_INDEX,8,273.14,389.35
RIGHT_INDEX,9,235.23,433.85
RIGHT_INDEX,10,197.75,461.43
RIGHT_INDEX,11,198.01,461.56
RIGHT_INDEX,12,176.36,489.27
RIGHT_INDEX,13,288.51,508.80
RIGHT_INDEX,14,201.46,483.45
RIGHT_INDEX,15,274.58,459.10
RIGHT_INDEX,16,364.96,427.00
RIGHT_INDEX,17,357.40,424.10
RIGHT_INDEX,18,616.25,395.82
RIGHT_INDEX,19,765.89,364.65
RIGHT_INDEX,20,852.42,361.04
RIGHT_INDEX,21,897.99,373.00
RIGHT_INDEX,22,897.09,373.10
RIGHT_INDEX,23,868.65,389.13
RIGHT_INDEX,24,821.27,414.26
RIGHT_INDEX,25,736.15,446.97
RIGHT_INDEX,27,506.67,475.72
RIGHT_INDEX,29,474.37,463.22
RIGHT_INDEX,30,226.27,605.22
RIGHT_INDEX,31,226.75,604.82
RIGHT_INDEX,32,165.44,611.20
RIGHT_INDEX,33,144.78,599.91
RIGHT_INDEX,34,132.39,579.03
RIGHT_INDEX,35,133.41,578.57
RIGHT_INDEX,36,129.03,545.36
RIGHT_INDEX,37,142.01,508.63
RIGHT_INDEX,38,168.20,465.13
RIGHT_INDEX,39,168.99,465.02
RIGHT_INDEX,40,359.53,400.51
RIGHT_INDEX,41,239.90,397.10
RIGHT_INDEX,42,285.25,358.55
RIGHT_INDEX,43,284.20,357.73
RIGHT_INDEX,44,292.92,353.57
RIGHT_INDEX,45,297.01,354.19
RIGHT_INDEX,46,297.42,353.89
RIGHT_INDEX,47,332.60,354.44
RIGHT_INDEX,48,455.03,326.18
RIGHT_INDEX,49,501.45,321.61
RIGHT_INDEX,50,535.95,313.81
RIGHT_INDEX,51,603.30,351.01
RIGHT_INDEX,52,722.35,348.40
RIGHT_INDEX,53,722.21,348.66
RIGHT_INDEX,54,758.88,332.81
RIGHT_INDEX,55,701.26,341.70
RIGHT_INDEX,56,701.14,341.89
RIGHT_INDEX,57,573.18,344.39
RIGHT_INDEX,58,442.80,276.11
RIGHT_INDEX,59,433.41,287.39
RIGHT_INDEX,60,232.37,331.97
RIGHT_INDEX,61,189.00,325.86
RIGHT_INDEX,62,183.92,323.56
RIGHT_INDEX,63,236.08,320.14
RIGHT_INDEX,64,335.82,307.05
RIGHT_INDEX,65,348.88,307.49
RIGHT_INDEX,66,561.36,228.56
RIGHT_INDEX,67,776.25,301.23
RIGHT_INDEX,68,847.95,288.04
RIGHT_INDEX,69,845.46,288.79
RIGHT_INDEX,70,827.86,316.42
RIGHT_INDEX,71,828.44,316.61
RIGHT_INDEX,72,708.29,329.90
RIGHT_INDEX,73,558.26,254.18
RIGHT_INDEX,74,291.92,348.76
RIGHT_INDEX,75,294.46,349.73
RIGHT_INDEX,76,185.06,348.82
RIGHT_INDEX,77,242.33,348.22
RIGHT_INDEX,78,519.17,195.33
RIGHT_INDEX,79,531.27,218.77
RIGHT_INDEX,80,500.05,215.15
RIGHT_INDEX,81,833.31,359.52
RIGHT_INDEX,82,833.95,359.55
RIGHT_INDEX,83,844.16,360.76
RIGHT_INDEX,84,770.39,357.76
RIGHT_INDEX,85,772.31,357.80
RIGHT_INDEX,86,638.02,347.83
RIGHT_INDEX,87,524.13,366.18
RIGHT_INDEX,88,511.81,273.24
RIGHT_INDEX,89,197.58,380.86
RIGHT_INDEX,90,145.61,393.58
RIGHT_INDEX,91,146.27,393.13
RIGHT_INDEX,92,368.82,147.64
RIGHT_INDEX,93,497.37,33.90
RIGHT_INDEX,94,462.39,241.61
RIGHT_INDEX,95,463.47,241.78
RIGHT_INDEX,96,721.70,379.16
RIGHT_INDEX,97,766.45,369.64
RIGHT_INDEX,98,794.08,355.68
RIGHT_INDEX,99,797.07,355.92
RIGHT_INDEX,100,665.51,353.43
RIGHT_INDEX,101,665.45,352.71
RIGHT_INDEX,102,473.12,461.09
RIGHT_INDEX,103,445.77,254.82
RIGHT_INDEX,104,184.01,368.27
RIGHT_INDEX,105,118.85,382.65
RIGHT_INDEX,106,118.54,383.89
RIGHT_INDEX,107,87.20,392.18
RIGHT_INDEX,108,135.14,400.99
RIGHT_INDEX,109,437.35,209.99
RIGHT_INDEX,110,433.27,222.94
RIGHT_INDEX,111,658.93,364.47
RIGHT_INDEX,112,709.62,352.08
RIGHT_INDEX,113,709.68,352.52
RIGHT_INDEX,114,711.89,335.95
RIGHT_INDEX,115,421.70,261.51
RIGHT_INDEX,116,421.69,235.77
RIGHT_INDEX,117,415.54,231.86
RIGHT_INDEX,118,77.58,365.04
RIGHT_INDEX,119,75.73,363.56
RIGHT_INDEX,120,38.14,395.89
RIGHT_INDEX,121,38.50,395.43
RIGHT_INDEX,122,132.63,412.99
RIGHT_INDEX,123,133.81,413.00
RIGHT_INDEX,124,376.59,328.45
RIGHT_INDEX,125,542.91,401.49
RIGHT_INDEX,126,700.61,391.55
RIGHT_INDEX,127,698.90,390.37
RIGHT_INDEX,128,671.70,392.60
RIGHT_INDEX,129,670.93,391.89
RIGHT_INDEX,130,577.87,381.40
RIGHT_INDEX,131,623.32,363.76
RIGHT_INDEX,132,405.48,438.73
RIGHT_INDEX,133,92.46,403.02
RIGHT_INDEX,134,595.30,347.69
RIGHT_INDEX,135,595.48,347.95
RIGHT_INDEX,136,72.09,419.36
RIGHT_INDEX,137,72.84,419.22
RIGHT_INDEX,138,225.46,338.25
RIGHT_INDEX,139,77.94,366.37
RIGHT_INDEX,140,42.25,375.56
RIGHT_INDEX,141,712.82,383.57
RIGHT_INDEX,142,723.90,385.32
RIGHT_INDEX,143,712.25,384.32
RIGHT_INDEX,144,660.58,383.14
RIGHT_INDEX,145,628.26,356.38
RIGHT_INDEX,146,626.34,357.21
RIGHT_INDEX,147,244.16,409.05
RIGHT_INDEX,148,135.12,415.82
RIGHT_INDEX,149,135.25,416.25
RIGHT_INDEX,150,74.87,416.46
RIGHT_INDEX,151,71.09,419.62
RIGHT_INDEX,152,126.69,428.78
RIGHT_INDEX,153,353.81,335.58
RIGHT_INDEX,154,425.46,341.38
RIGHT_INDEX,155,630.72,406.56
RIGHT_INDEX,156,628.24,405.02
RIGHT_INDEX,157,719.38,396.41
RIGHT_INDEX,158,750.10,377.89
RIGHT_INDEX,159,749.92,378.01
RIGHT_INDEX,160,670.08,366.93
RIGHT_INDEX,161,670.37,367.01
RIGHT_INDEX,162,342.39,443.19
RIGHT_INDEX,163,312.54,436.41
RIGHT_INDEX,164,245.80,367.82
RIGHT_INDEX,165,220.57,364.64
RIGHT_INDEX,166,153.37,377.52
RIGHT_INDEX,167,114.42,400.90
RIGHT_INDEX,168,209.27,407.98
RIGHT_INDEX,169,209.11,407.93
RIGHT_INDEX,170,328.01,339.13
RIGHT_INDEX,171,333.65,341.03
RIGHT_INDEX,172,630.96,390.14
RIGHT_INDEX,173,741.76,372.12
RIGHT_INDEX,174,743.05,371.50
RIGHT_INDEX,175,778.25,357.79
RIGHT_INDEX,176,778.09,357.77
RIGHT_INDEX,177,458.19,344.91
RIGHT_INDEX,178,551.61,362.12
RIGHT_INDEX,179,554.75,359.44
RIGHT_INDEX,180,220.01,426.45
RIGHT_INDEX,181,219.41,426.37
RIGHT_INDEX,182,130.26,501.81
RIGHT_INDEX,183,130.34,501.63
RIGHT_INDEX,184,129.10,500.00
RIGHT_INDEX,185,152.84,539.35
RIGHT_INDEX,186,213.08,573.58
RIGHT_INDEX,187,291.66,586.15
RIGHT_INDEX,188,293.69,583.83
RIGHT_INDEX,189,393.60,377.99
RIGHT_INDEX,190,393.57,372.74
RIGHT_INDEX,191,636.59,534.32
RIGHT_INDEX,192,669.48,512.64
RIGHT_INDEX,193,669.57,512.35
RIGHT_INDEX,194,607.11,517.33
RIGHT_INDEX,195,367.05,503.83
RIGHT_INDEX,196,377.98,502.61
RIGHT_INDEX,197,262.78,497.09
RIGHT_INDEX,198,263.23,497.18
RIGHT_INDEX,199,165.82,495.49
RIGHT_INDEX,200,124.52,489.32
RIGHT_INDEX,201,124.97,488.83
RIGHT_INDEX,202,123.56,491.79
RIGHT_INDEX,203,189.10,486.07
RIGHT_INDEX,204,292.99,456.57
RIGHT_INDEX,205,533.10,419.77
RIGHT_INDEX,206,533.40,419.18
RIGHT_INDEX,207,607.38,394.15
RIGHT_INDEX,208,607.15,393.90
RIGHT_INDEX,209,596.42,355.97
RIGHT_INDEX,210,594.84,353.99
RIGHT_INDEX,211,401.52,253.19
RIGHT_INDEX,212,392.51,250.70
RIGHT_INDEX,213,179.54,192.14
RIGHT_INDEX,214,160.39,192.42
RIGHT_INDEX,215,159.27,175.20
RIGHT_INDEX,216,182.99,267.19
RIGHT_INDEX,217,183.31,267.90
RIGHT_INDEX,218,181.44,266.04
RIGHT_INDEX,219,316.57,232.76
RIGHT_INDEX,220,316.67,231.69
RIGHT_INDEX,221,410.29,262.37
RIGHT_INDEX,224,470.46,238.45
RIGHT_INDEX,225,470.05,237.26
RIGHT_INDEX,228,333.01,231.83
RIGHT_INDEX,229,309.94,243.08
RIGHT_INDEX,230,308.28,236.36
RIGHT_INDEX,231,221.48,268.75
RIGHT_INDEX,232,222.05,269.21
RIGHT_INDEX,238,439.09,271.46
RIGHT_INDEX,239,439.16,258.07
RIGHT_INDEX,240,355.21,221.02
RIGHT_INDEX,242,310.21,243.18
RIGHT_INDEX,243,309.94,248.78
RIGHT_INDEX,244,307.24,241.43
RIGHT_INDEX,245,285.21,268.49
RIGHT_INDEX,250,419.78,276.88
RIGHT_INDEX,251,419.81,276.80
RIGHT_INDEX,252,410.06,268.17
RIGHT_INDEX,253,392.76,251.33
RIGHT_INDEX,254,405.85,239.96
RIGHT_INDEX,255,299.82,267.87
RIGHT_INDEX,256,293.88,269.45
RIGHT_INDEX,257,344.35,228.73
RIGHT_INDEX,258,369.13,284.59
RIGHT_INDEX,259,370.50,281.83
RIGHT_INDEX,260,400.05,262.11
RIGHT_INDEX,261,400.56,261.58
RIGHT_INDEX,263,454.03,267.75
RIGHT_INDEX,265,425.59,195.07
RIGHT_INDEX,266,429.40,195.24
RIGHT_INDEX,267,429.98,194.81
RIGHT_INDEX,268,365.41,210.93
RIGHT_INDEX,269,314.40,199.39
RIGHT_INDEX,270,291.84,174.10
RIGHT_INDEX,271,283.81,150.34
RIGHT_INDEX,272,284.30,151.05
RIGHT_INDEX,273,282.50,151.66
RIGHT_INDEX,274,352.65,101.69
RIGHT_INDEX,275,356.22,104.05
RIGHT_INDEX,276,424.23,106.84
RIGHT_INDEX,277,486.69,95.24
RIGHT_INDEX,278,481.40,100.55
RIGHT_INDEX,279,509.35,102.03
RIGHT_INDEX,280,512.89,102.71
RIGHT_INDEX,281,527.32,77.02
RIGHT_INDEX,282,520.82,64.62
RIGHT_INDEX,283,522.97,64.15
RIGHT_INDEX,284,478.69,59.39
RIGHT_INDEX,285,477.80,66.89
RIGHT_INDEX,286,451.44,64.16
RIGHT_INDEX,287,425.87,77.68
RIGHT_INDEX,288,425.26,78.34
RIGHT_INDEX,289,418.52,85.02
RIGHT_INDEX,293,490.05,89.80
RIGHT_INDEX,294,522.16,90.70
RIGHT_INDEX,295,523.54,90.24
RIGHT_INDEX,296,516.51,92.98
RIGHT_INDEX,297,545.87,83.89
RIGHT_INDEX,298,551.80,86.62
RIGHT_INDEX,299,545.48,88.20
RIGHT_INDEX,300,501.06,49.21
RIGHT_INDEX,301,501.93,49.73
RIGHT_INDEX,302,468.61,59.43
RIGHT_INDEX,303,468.81,58.81
RIGHT_INDEX,304,461.71,66.43
RIGHT_INDEX,305,444.28,81.79
RIGHT_INDEX,306,439.43,84.99
RIGHT_INDEX,307,438.58,84.53
RIGHT_INDEX,308,437.07,83.86
RIGHT_INDEX,309,491.88,77.76
RIGHT_INDEX,310,502.45,89.13
RIGHT_INDEX,311,501.81,88.72
RIGHT_INDEX,312,531.43,88.07
RIGHT_INDEX,313,558.93,75.43
RIGHT_INDEX,314,580.76,92.95
RIGHT_INDEX,315,580.39,90.70
RIGHT_INDEX,316,584.19,91.71
RIGHT_INDEX,317,567.23,64.52
RIGHT_INDEX,318,567.17,65.89
RIGHT_INDEX,319,502.94,80.15
RIGHT_INDEX,320,512.82,75.60
RIGHT_INDEX,321,457.72,64.34
RIGHT_INDEX,322,458.19,64.54
RIGHT_INDEX,323,457.55,83.12
RIGHT_INDEX,324,449.84,89.01
RIGHT_INDEX,325,442.96,79.67
RIGHT_INDEX,326,463.74,83.51
RIGHT_INDEX,328,473.11,81.74
RIGHT_INDEX,329,504.45,94.24
RIGHT_INDEX,330,523.38,101.83
RIGHT_INDEX,331,524.99,102.30
RIGHT_INDEX,332,541.44,111.25
RIGHT_INDEX,333,545.46,109.10
RIGHT_INDEX,334,541.21,108.70
RIGHT_INDEX,335,549.89,113.96
RIGHT_INDEX,336,512.12,136.21
RIGHT_INDEX,337,514.28,137.03
RIGHT_INDEX,338,504.25,171.40
RIGHT_INDEX,339,431.15,210.45
RIGHT_INDEX,340,424.11,208.49
RIGHT_INDEX,341,369.87,225.88
RIGHT_INDEX,342,358.44,219.03
RIGHT_INDEX,343,346.08,203.57
RIGHT_INDEX,344,410.37,165.22
RIGHT_INDEX,345,410.08,165.45
RIGHT_INDEX,346,409.80,163.88
RIGHT_INDEX,347,550.40,335.01
RIGHT_INDEX,348,538.57,279.91
RIGHT_INDEX,349,667.50,312.88
RIGHT_INDEX,350,734.43,372.12
RIGHT_INDEX,351,734.43,372.08
RIGHT_INDEX,352,737.83,410.29
RIGHT_INDEX,353,710.15,435.83
RIGHT_INDEX,354,591.70,444.14
RIGHT_INDEX,355,591.24,444.81
RIGHT_INDEX,356,540.66,435.11
RIGHT_INDEX,357,531.73,396.52
RIGHT_INDEX,358,534.45,396.07
RIGHT_INDEX,359,533.70,372.89
RIGHT_INDEX,360,490.29,337.39
RIGHT_INDEX,361,490.76,338.51
RIGHT_INDEX,362,490.75,338.90
RIGHT_INDEX,363,390.58,371.18
RIGHT_INDEX,364,390.08,370.42
RIGHT_INDEX,365,379.29,367.82
RIGHT_INDEX,366,411.52,326.19
RIGHT_INDEX,367,412.55,327.56
RIGHT_INDEX,368,420.81,314.33
RIGHT_INDEX,369,432.61,296.69
RIGHT_INDEX,370,433.39,301.08
RIGHT_INDEX,371,486.88,244.33
RIGHT_INDEX,372,487.50,243.86
RIGHT_INDEX,373,482.58,252.95
RIGHT_INDEX,374,475.73,213.79
RIGHT_INDEX,375,478.59,210.35
RIGHT_INDEX,376,477.04,210.15
RIGHT_INDEX,377,473.38,202.72
RIGHT_INDEX,378,485.67,195.99
RIGHT_INDEX,379,482.23,196.38
RIGHT_INDEX,380,474.46,192.14
RIGHT_INDEX,381,468.39,193.70
RIGHT_INDEX,382,473.86,181.14
RIGHT_INDEX,383,471.21,181.84
RIGHT_INDEX,384,451.41,187.80
RIGHT_INDEX,385,426.24,209.27
RIGHT_INDEX,386,422.48,222.11
RIGHT_INDEX,387,453.71,221.33
RIGHT_INDEX,388,423.61,237.55
RIGHT_INDEX,389,422.46,237.41
RIGHT_INDEX,390,421.63,267.96
RIGHT_INDEX,391,424.31,328.21
RIGHT_INDEX,392,418.13,389.62
RIGHT_INDEX,393,399.88,425.32
RIGHT_INDEX,394,374.12,445.41
RIGHT_INDEX,395,374.01,445.99
RIGHT_INDEX,396,348.95,456.13
RIGHT_INDEX,397,338.05,467.49
RIGHT_INDEX,398,333.51,472.90
RIGHT_INDEX,399,334.65,470.87
RIGHT_INDEX,400,317.27,495.34
RIGHT_INDEX,401,317.03,515.37
RIGHT_INDEX,402,311.06,533.12
RIGHT_INDEX,403,308.58,535.09
RIGHT_INDEX,404,302.63,547.06
RIGHT_INDEX,405,303.74,547.06
RIGHT_INDEX,406,302.93,549.88
RIGHT_INDEX,407,300.94,552.57
RIGHT_INDEX,408,300.67,553.70
RIGHT_INDEX,409,309.14,558.20
RIGHT_INDEX,410,302.42,552.10
RIGHT_INDEX,411,306.47,551.77
RIGHT_INDEX,412,305.96,551.31
RIGHT_INDEX,413,317.35,553.54
RIGHT_INDEX,414,318.78,533.84
RIGHT_INDEX,415,318.22,540.96
RIGHT_INDEX,416,326.21,534.89
RIGHT_INDEX,417,321.27,531.81
RIGHT_INDEX,418,332.67,528.73
RIGHT_INDEX,419,325.99,525.69
RIGHT_INDEX,420,327.07,520.72
RIGHT_INDEX,421,334.89,511.09
RIGHT_INDEX,422,344.76,500.40
RIGHT_INDEX,423,350.63,486.65
RIGHT_INDEX,424,348.28,481.52
RIGHT_INDEX,425,357.36,477.10
RIGHT_INDEX,426,350.59,465.02
RIGHT_INDEX,427,367.16,444.88
RIGHT_INDEX,428,366.87,444.68
RIGHT_INDEX,429,379.11,439.30
RIGHT_INDEX,430,386.74,403.11
RIGHT_INDEX,431,384.94,400.36
RIGHT_INDEX,432,372.46,390.55
LEFT_THUMB,0,224.24,376.23
LEFT_THUMB,1,272.13,405.80
LEFT_THUMB,2,270.25,406.44
LEFT_THUMB,3,351.41,427.81
LEFT_THUMB,4,351.68,428.09
LEFT_THUMB,5,440.16,470.39
LEFT_THUMB,6,533.84,543.80
LEFT_THUMB,7,532.16,544.28
LEFT_THUMB,8,556.79,569.41
LEFT_THUMB,9,564.63,582.36
LEFT_THUMB,10,562.29,586.37
LEFT_THUMB,11,562.14,586.47
LEFT_THUMB,12,568.78,575.51
LEFT_THUMB,13,568.17,575.56
LEFT_THUMB,14,555.13,565.09
LEFT_THUMB,15,534.06,557.49
LEFT_THUMB,16,521.19,540.74
LEFT_THUMB,17,520.65,538.94
LEFT_THUMB,18,461.92,541.02
LEFT_THUMB,19,479.02,488.18
LEFT_THUMB,20,467.06,453.47
LEFT_THUMB,21,476.17,439.21
LEFT_THUMB,22,475.82,438.65
LEFT_THUMB,23,494.53,437.03
LEFT_THUMB,24,477.37,450.16
LEFT_THUMB,25,475.11,485.49
LEFT_THUMB,27,462.31,431.29
LEFT_THUMB,29,434.96,488.44
LEFT_THUMB,30,537.94,472.14
LEFT_THUMB,31,538.34,472.28
LEFT_THUMB,32,568.45,466.07
LEFT_THUMB,33,593.78,464.51
LEFT_THUMB,34,613.26,469.94
LEFT_THUMB,35,613.83,471.18
LEFT_THUMB,36,623.15,470.30
LEFT_THUMB,37,633.21,463.43
LEFT_THUMB,38,607.82,461.62
LEFT_THUMB,39,607.54,461.51
LEFT_THUMB,40,568.36,378.25
LEFT_THUMB,41,585.15,484.64
LEFT_THUMB,42,515.58,489.78
LEFT_THUMB,43,516.57,490.85
LEFT_THUMB,44,526.81,489.99
LEFT_THUMB,45,516.36,487.91
LEFT_THUMB,46,517.06,488.01
LEFT_THUMB,47,490.47,483.58
LEFT_THUMB,48,432.60,432.11
LEFT_THUMB,49,430.44,431.38
LEFT_THUMB,50,413.03,431.17
LEFT_THUMB,51,372.97,443.45
LEFT_THUMB,52,337.09,430.59
LEFT_THUMB,53,337.50,430.33
LEFT_THUMB,54,320.04,427.17
LEFT_THUMB,55,383.39,384.07
LEFT_THUMB,56,382.32,383.35
LEFT_THUMB,57,512.20,390.78
LEFT_THUMB,58,453.68,267.04
LEFT_THUMB,59,454.98,266.90
LEFT_THUMB,60,582.20,345.09
LEFT_THUMB,61,619.12,352.27
LEFT_THUMB,62,646.85,335.31
LEFT_THUMB,63,640.39,312.00
LEFT_THUMB,64,573.66,249.76
LEFT_THUMB,65,574.98,250.51
LEFT_THUMB,66,513.16,210.39
LEFT_THUMB,67,506.27,218.09
LEFT_THUMB,68,487.61,191.55
LEFT_THUMB,69,490.32,190.52
LEFT_THUMB,70,441.54,113.61
LEFT_THUMB,71,441.05,111.58
LEFT_THUMB,72,460.19,78.57
LEFT_THUMB,73,460.57,52.94
LEFT_THUMB,74,469.73,36.01
LEFT_THUMB,75,470.19,36.12
LEFT_THUMB,76,533.74,9.72
LEFT_THUMB,77,552.07,2.25
LEFT_THUMB,78,436.22,350.32
LEFT_THUMB,79,457.52,345.28
LEFT_THUMB,80,522.59,54.73
LEFT_THUMB,81,493.91,15.48
LEFT_THUMB,82,493.52,15.69
LEFT_THUMB,83,496.70,15.48
LEFT_THUMB,84,477.84,22.25
LEFT_THUMB,85,479.49,22.27
LEFT_THUMB,86,473.74,111.77
LEFT_THUMB,87,501.78,107.38
LEFT_THUMB,88,493.33,62.43
LEFT_THUMB,89,502.53,13.56
LEFT_THUMB,90,506.68,20.02
LEFT_THUMB,91,508.61,17.61
LEFT_THUMB,92,278.96,303.07
LEFT_THUMB,93,196.92,395.46
LEFT_THUMB,94,500.26,47.96
LEFT_THUMB,95,495.24,71.99
LEFT_THUMB,96,477.54,27.98
LEFT_THUMB,97,459.03,23.71
LEFT_THUMB,98,431.57,20.54
LEFT_THUMB,99,429.47,24.77
LEFT_THUMB,100,402.00,25.34
LEFT_THUMB,101,401.36,18.06
LEFT_THUMB,102,409.25,29.58
LEFT_THUMB,103,425.63,25.40
LEFT_THUMB,104,419.28,17.09
LEFT_THUMB,105,426.56,20.72
LEFT_THUMB,106,427.27,20.49
LEFT_THUMB,107,428.12,26.47
LEFT_THUMB,108,423.20,24.16
LEFT_THUMB,109,451.35,37.51
LEFT_THUMB,110,446.97,64.61
LEFT_THUMB,111,476.42,63.76
LEFT_THUMB,112,462.34,105.19
LEFT_THUMB,113,460.10,103.75
LEFT_THUMB,114,418.06,149.84
LEFT_THUMB,115,407.36,253.48
LEFT_THUMB,116,417.17,239.76
LEFT_THUMB,117,415.35,241.23
LEFT_THUMB,118,411.18,194.64
LEFT_THUMB,119,410.95,194.81
LEFT_THUMB,120,388.36,307.13
LEFT_THUMB,121,389.52,307.51
LEFT_THUMB,122,171.41,224.75
LEFT_THUMB,123,175.33,225.91
LEFT_THUMB,124,347.12,329.46
LEFT_THUMB,125,84.14,338.63
LEFT_THUMB,126,104.49,385.87
LEFT_THUMB,127,106.70,387.13
LEFT_THUMB,128,336.17,354.74
LEFT_THUMB,129,328.94,360.74
LEFT_THUMB,130,349.80,353.97
LEFT_THUMB,131,637.31,361.10
LEFT_THUMB,132,635.54,361.48
LEFT_THUMB,133,647.62,350.20
LEFT_THUMB,134,79.19,404.88
LEFT_THUMB,135,78.01,404.14
LEFT_THUMB,136,467.50,431.25
LEFT_THUMB,137,467.00,430.10
LEFT_THUMB,138,228.42,353.72
LEFT_THUMB,139,103.16,363.71
LEFT_THUMB,140,63.42,375.80
LEFT_THUMB,141,174.17,390.42
LEFT_THUMB,142,171.39,388.00
LEFT_THUMB,143,176.71,387.22
LEFT_THUMB,144,654.92,377.26
LEFT_THUMB,145,626.72,360.55
LEFT_THUMB,146,625.50,360.84
LEFT_THUMB,147,694.50,351.64
LEFT_THUMB,148,706.27,339.82
LEFT_THUMB,149,703.49,341.54
LEFT_THUMB,150,644.88,334.33
LEFT_THUMB,151,474.82,330.62
LEFT_THUMB,152,543.41,442.41
LEFT_THUMB,153,335.69,331.94
LEFT_THUMB,154,157.80,325.77
LEFT_THUMB,155,136.94,335.66
LEFT_THUMB,156,134.66,337.28
LEFT_THUMB,157,130.99,341.50
LEFT_THUMB,158,528.15,326.12
LEFT_THUMB,159,529.36,326.15
LEFT_THUMB,160,530.31,331.73
LEFT_THUMB,161,530.83,331.74
LEFT_THUMB,162,730.77,336.00
LEFT_THUMB,163,730.23,336.54
LEFT_THUMB,164,758.92,331.21
LEFT_THUMB,165,759.92,330.26
LEFT_THUMB,166,506.03,344.58
LEFT_THUMB,167,316.09,380.43
LEFT_THUMB,168,557.24,436.73
LEFT_THUMB,169,555.38,438.08
LEFT_THUMB,170,332.92,349.13
LEFT_THUMB,171,335.89,348.89
LEFT_THUMB,172,133.05,299.99
LEFT_THUMB,173,156.91,285.62
LEFT_THUMB,174,156.76,287.53
LEFT_THUMB,175,204.39,299.00
LEFT_THUMB,176,204.63,298.66
LEFT_THUMB,177,404.60,336.03
LEFT_THUMB,178,550.37,357.15
LEFT_THUMB,179,555.13,356.24
LEFT_THUMB,180,512.08,376.03
LEFT_THUMB,181,512.08,375.71
LEFT_THUMB,182,485.55,332.87
LEFT_THUMB,183,491.37,335.21
LEFT_THUMB,184,502.02,359.62
LEFT_THUMB,185,436.61,278.10
LEFT_THUMB,186,416.54,278.78
LEFT_THUMB,187,377.48,267.16
LEFT_THUMB,188,378.06,267.88
LEFT_THUMB,189,475.66,460.71
LEFT_THUMB,190,481.56,467.25
LEFT_THUMB,191,365.61,386.88
LEFT_THUMB,192,359.59,386.48
LEFT_THUMB,193,359.76,385.82
LEFT_THUMB,194,382.40,394.30
LEFT_THUMB,195,474.08,285.29
LEFT_THUMB,196,475.58,275.09
LEFT_THUMB,197,474.70,365.26
LEFT_THUMB,198,474.15,362.97
LEFT_THUMB,199,498.38,343.94
LEFT_THUMB,200,508.47,259.65
LEFT_THUMB,201,507.79,258.93
LEFT_THUMB,202,508.66,257.85
LEFT_THUMB,203,401.08,204.86
LEFT_THUMB,204,352.94,181.61
LEFT_THUMB,205,325.80,122.11
LEFT_THUMB,206,325.62,122.41
LEFT_THUMB,207,336.84,130.00
LEFT_THUMB,208,337.13,130.36
LEFT_THUMB,209,438.86,138.96
LEFT_THUMB,210,438.54,138.81
LEFT_THUMB,211,552.41,140.82
LEFT_THUMB,212,552.33,140.68
LEFT_THUMB,213,546.32,148.26
LEFT_THUMB,214,546.29,147.17
LEFT_THUMB,215,516.31,153.48
LEFT_THUMB,216,307.29,145.87
LEFT_THUMB,217,306.90,146.72
LEFT_THUMB,218,306.12,146.14
LEFT_THUMB,219,165.14,160.22
LEFT_THUMB,220,165.55,160.46
LEFT_THUMB,221,265.33,199.40
LEFT_THUMB,224,439.03,228.97
LEFT_THUMB,225,439.38,228.07
LEFT_THUMB,228,352.36,225.83
LEFT_THUMB,229,318.96,224.38
LEFT_THUMB,230,319.52,221.64
LEFT_THUMB,231,234.33,265.62
LEFT_THUMB,232,235.04,266.96
LEFT_THUMB,238,431.33,276.39
LEFT_THUMB,239,436.97,273.61
LEFT_THUMB,240,370.43,236.80
LEFT_THUMB,242,299.85,259.67
LEFT_THUMB,243,299.48,259.90
LEFT_THUMB,244,297.45,258.59
LEFT_THUMB,245,262.67,288.49
LEFT_THUMB,250,389.06,271.07
LEFT_THUMB,251,390.95,270.08
LEFT_THUMB,252,428.89,265.36
LEFT_THUMB,253,375.20,254.71
LEFT_THUMB,254,388.50,260.39
LEFT_THUMB,255,302.15,254.76
LEFT_THUMB,256,304.59,254.25
LEFT_THUMB,257,323.85,264.38
LEFT_THUMB,258,309.55,278.73
LEFT_THUMB,259,325.33,284.50
LEFT_THUMB,260,333.54,254.70
LEFT_THUMB,261,334.72,254.78
LEFT_THUMB,263,448.51,271.45
LEFT_THUMB,265,440.54,207.18
LEFT_THUMB,266,437.05,208.75
LEFT_THUMB,267,436.99,208.97
LEFT_THUMB,268,387.65,210.30
LEFT_THUMB,269,353.60,199.64
LEFT_THUMB,270,302.99,187.21
LEFT_THUMB,271,290.69,167.10
LEFT_THUMB,272,291.92,167.55
LEFT_THUMB,273,287.46,168.85
LEFT_THUMB,274,338.75,112.63
LEFT_THUMB,275,335.88,116.25
LEFT_THUMB,276,386.74,99.96
LEFT_THUMB,277,475.55,100.85
LEFT_THUMB,278,480.04,103.64
LEFT_THUMB,279,509.65,103.55
LEFT_THUMB,280,514.00,103.13
LEFT_THUMB,281,552.32,76.28
LEFT_THUMB,282,536.74,74.75
LEFT_THUMB,283,537.57,74.60
LEFT_THUMB,284,510.75,74.37
LEFT_THUMB,285,511.97,74.44
LEFT_THUMB,286,472.98,85.06
LEFT_THUMB,287,423.43,94.55
LEFT_THUMB,288,425.49,93.33
LEFT_THUMB,289,393.02,103.82
LEFT_THUMB,293,432.95,70.65
LEFT_THUMB,294,540.47,88.76
LEFT_THUMB,295,541.57,89.42
LEFT_THUMB,296,541.57,87.98
LEFT_THUMB,297,570.01,101.34
LEFT_THUMB,298,575.34,83.63
LEFT_THUMB,299,571.36,86.75
LEFT_THUMB,300,535.48,78.20
LEFT_THUMB,301,535.81,80.21
LEFT_THUMB,302,449.07,116.43
LEFT_THUMB,303,442.11,114.62
LEFT_THUMB,304,469.18,86.13
LEFT_THUMB,305,418.14,104.58
LEFT_THUMB,306,428.96,120.28
LEFT_THUMB,307,429.67,139.55
LEFT_THUMB,308,431.09,107.59
LEFT_THUMB,309,451.74,91.42
LEFT_THUMB,310,486.71,82.63
LEFT_THUMB,311,483.99,83.19
LEFT_THUMB,312,530.15,87.04
LEFT_THUMB,313,570.01,74.96
LEFT_THUMB,314,611.30,97.57
LEFT_THUMB,315,616.95,87.38
LEFT_THUMB,316,615.20,108.36
LEFT_THUMB,317,584.03,73.17
LEFT_THUMB,318,583.86,73.42
LEFT_THUMB,319,546.28,80.51
LEFT_THUMB,320,547.40,78.66
LEFT_THUMB,321,480.29,85.01
LEFT_THUMB,322,481.36,86.46
LEFT_THUMB,323,434.03,100.32
LEFT_THUMB,324,411.58,104.77
LEFT_THUMB,325,413.32,90.27
LEFT_THUMB,326,436.88,93.17
LEFT_THUMB,328,453.79,94.52
LEFT_THUMB,329,483.11,88.39
LEFT_THUMB,330,532.80,94.81
LEFT_THUMB,331,533.65,95.66
LEFT_THUMB,332,570.11,121.71
LEFT_THUMB,333,569.70,116.82
LEFT_THUMB,334,573.03,113.42
LEFT_THUMB,335,559.60,131.25
LEFT_THUMB,336,486.09,138.77
LEFT_THUMB,337,485.21,151.62
LEFT_THUMB,338,452.06,177.77
LEFT_THUMB,339,441.99,198.59
LEFT_THUMB,340,439.55,197.82
LEFT_THUMB,341,428.62,206.03
LEFT_THUMB,342,392.13,196.31
LEFT_THUMB,343,398.13,163.64
LEFT_THUMB,344,450.81,59.13
LEFT_THUMB,345,449.97,59.21
LEFT_THUMB,346,450.34,58.90
LEFT_THUMB,347,515.11,40.59
LEFT_THUMB,348,594.81,47.11
LEFT_THUMB,349,680.59,127.20
LEFT_THUMB,350,718.82,183.53
LEFT_THUMB,351,718.74,183.39
LEFT_THUMB,352,472.85,411.38
LEFT_THUMB,353,535.16,396.98
LEFT_THUMB,354,421.37,271.26
LEFT_THUMB,355,421.60,276.77
LEFT_THUMB,356,210.30,320.43
LEFT_THUMB,357,145.45,304.39
LEFT_THUMB,358,142.82,305.05
LEFT_THUMB,359,180.67,299.36
LEFT_THUMB,360,481.02,356.12
LEFT_THUMB,361,508.51,419.13
LEFT_THUMB,362,537.46,466.20
LEFT_THUMB,363,721.97,366.26
LEFT_THUMB,364,723.18,365.51
LEFT_THUMB,365,746.79,374.60
LEFT_THUMB,366,704.81,395.71
LEFT_THUMB,367,704.63,396.37
LEFT_THUMB,368,634.22,400.04
LEFT_THUMB,369,553.28,393.75
LEFT_THUMB,370,553.87,409.08
LEFT_THUMB,371,523.17,452.63
LEFT_THUMB,372,523.30,451.95
LEFT_THUMB,373,514.34,477.09
LEFT_THUMB,374,479.41,258.32
LEFT_THUMB,375,427.80,447.19
LEFT_THUMB,376,411.80,432.98
LEFT_THUMB,377,463.66,456.07
LEFT_THUMB,378,457.52,458.93
LEFT_THUMB,379,456.15,457.16
LEFT_THUMB,380,436.14,456.82
LEFT_THUMB,381,428.68,453.35
LEFT_THUMB,382,421.03,432.27
LEFT_THUMB,383,420.01,437.69
LEFT_THUMB,384,407.34,438.62
LEFT_THUMB,385,402.34,441.16
LEFT_THUMB,386,422.28,445.29
LEFT_THUMB,387,428.19,444.91
LEFT_THUMB,388,424.51,446.02
LEFT_THUMB,389,423.93,446.77
LEFT_THUMB,390,420.62,451.58
LEFT_THUMB,391,410.86,463.63
LEFT_THUMB,392,387.32,476.37
LEFT_THUMB,393,344.53,475.88
LEFT_THUMB,394,324.32,497.58
LEFT_THUMB,395,323.91,497.67
LEFT_THUMB,396,348.57,464.51
LEFT_THUMB,397,347.74,458.38
LEFT_THUMB,398,341.74,467.59
LEFT_THUMB,399,347.05,462.18
LEFT_THUMB,400,334.34,489.91
LEFT_THUMB,401,344.57,500.53
LEFT_THUMB,402,316.61,531.90
LEFT_THUMB,403,310.57,535.90
LEFT_THUMB,404,338.83,517.40
LEFT_THUMB,405,341.58,509.20
LEFT_THUMB,406,331.52,516.35
LEFT_THUMB,407,383.51,485.19
LEFT_THUMB,408,385.67,484.48
LEFT_THUMB,409,364.78,512.93
LEFT_THUMB,410,365.75,516.48
LEFT_THUMB,411,342.40,520.77
LEFT_THUMB,412,359.87,509.42
LEFT_THUMB,413,374.16,511.86
LEFT_THUMB,414,362.20,494.83
LEFT_THUMB,415,355.97,501.01
LEFT_THUMB,416,397.07,478.33
LEFT_THUMB,417,371.03,500.77
LEFT_THUMB,418,368.79,487.38
LEFT_THUMB,419,377.58,486.44
LEFT_THUMB,420,367.02,473.11
LEFT_THUMB,421,382.53,436.47
LEFT_THUMB,422,364.39,464.24
LEFT_THUMB,423,389.63,437.72
LEFT_THUMB,424,359.79,480.36
LEFT_THUMB,425,372.18,491.77
LEFT_THUMB,426,364.84,485.72
LEFT_THUMB,427,372.02,491.15
LEFT_THUMB,428,373.79,490.55
LEFT_THUMB,429,389.65,481.27
LEFT_THUMB,430,399.05,454.39
LEFT_THUMB,431,397.88,453.07
LEFT_THUMB,432,420.80,398.83
RIGHT_THUMB,0,708.57,305.12
RIGHT_THUMB,1,613.23,271.77
RIGHT_THUMB,2,613.54,272.08
RIGHT_THUMB,3,551.41,279.28
RIGHT_THUMB,4,551.41,279.81
RIGHT_THUMB,5,516.95,273.57
RIGHT_THUMB,6,402.41,439.42
RIGHT_THUMB,7,392.53,413.60
RIGHT_THUMB,8,275.06,394.96
RIGHT_THUMB,9,228.97,429.84
RIGHT_THUMB,10,204.75,461.36
RIGHT_THUMB,11,204.92,461.45
RIGHT_THUMB,12,189.78,486.79
RIGHT_THUMB,13,296.30,507.95
RIGHT_THUMB,14,210.47,483.25
RIGHT_THUMB,15,282.92,459.91
RIGHT_THUMB,16,374.25,426.29
RIGHT_THUMB,17,366.55,428.05
RIGHT_THUMB,18,608.03,399.85
RIGHT_THUMB,19,755.38,365.63
RIGHT_THUMB,20,844.21,362.93
RIGHT_THUMB,21,886.72,372.00
RIGHT_THUMB,22,885.85,372.03
RIGHT_THUMB,23,854.90,387.49
RIGHT_THUMB,24,810.17,414.07
RIGHT_THUMB,25,728.65,442.93
RIGHT_THUMB,27,508.17,473.48
RIGHT_THUMB,29,472.98,465.56
RIGHT_THUMB,30,234.30,601.23
RIGHT_THUMB,31,234.17,601.16
RIGHT_THUMB,32,175.23,607.08
RIGHT_THUMB,33,151.10,597.14
RIGHT_THUMB,34,141.38,572.90
RIGHT_THUMB,35,142.36,572.49
RIGHT_THUMB,36,138.05,540.86
RIGHT_THUMB,37,152.69,507.39
RIGHT_THUMB,38,180.10,463.68
RIGHT_THUMB,39,180.78,463.74
RIGHT_THUMB,40,366.80,405.96
RIGHT_THUMB,41,251.14,399.78
RIGHT_THUMB,42,297.88,362.15
RIGHT_THUMB,43,296.40,361.64
RIGHT_THUMB,44,304.86,355.41
RIGHT_THUMB,45,310.18,358.25
RIGHT_THUMB,46,310.61,357.83
RIGHT_THUMB,47,345.80,357.85
RIGHT_THUMB,48,456.78,330.61
RIGHT_THUMB,49,499.65,326.62
RIGHT_THUMB,50,531.21,316.44
RIGHT_THUMB,51,592.68,351.87
RIGHT_THUMB,52,712.24,347.99
RIGHT_THUMB,53,712.19,348.44
RIGHT_THUMB,54,747.79,330.10
RIGHT_THUMB,55,689.30,338.23
RIGHT_THUMB,56,689.21,338.25
RIGHT_THUMB,57,561.09,344.01
RIGHT_THUMB,58,442.68,279.58
RIGHT_THUMB,59,434.10,290.48
RIGHT_THUMB,60,242.81,330.70
RIGHT_THUMB,61,201.10,323.30
RIGHT_THUMB,62,197.54,320.85
RIGHT_THUMB,63,248.12,320.73
RIGHT_THUMB,64,343.68,309.84
RIGHT_THUMB,65,352.10,310.64
RIGHT_THUMB,66,558.73,236.50
RIGHT_THUMB,67,765.30,296.24
RIGHT_THUMB,68,837.32,282.67
RIGHT_THUMB,69,834.88,283.91
RIGHT_THUMB,70,816.89,314.31
RIGHT_THUMB,71,817.58,314.50
RIGHT_THUMB,72,699.65,328.54
RIGHT_THUMB,73,555.28,257.22
RIGHT_THUMB,74,302.11,348.24
RIGHT_THUMB,75,310.21,347.81
RIGHT_THUMB,76,195.46,344.86
RIGHT_THUMB,77,253.25,348.90
RIGHT_THUMB,78,514.88,198.68
RIGHT_THUMB,79,526.41,221.90
RIGHT_THUMB,80,500.43,219.80
RIGHT_THUMB,81,824.36,356.14
RIGHT_THUMB,82,825.37,356.18
RIGHT_THUMB,83,834.31,356.12
RIGHT_THUMB,84,761.00,353.35
RIGHT_THUMB,85,763.32,353.19
RIGHT_THUMB,86,629.45,347.14
RIGHT_THUMB,87,522.33,363.45
RIGHT_THUMB,88,508.57,273.66
RIGHT_THUMB,89,205.85,375.90
RIGHT_THUMB,90,158.25,389.05
RIGHT_THUMB,91,158.58,388.80
RIGHT_THUMB,92,373.38,153.18
RIGHT_THUMB,93,492.36,44.50
RIGHT_THUMB,94,459.46,242.17
RIGHT_THUMB,95,465.45,243.53
RIGHT_THUMB,96,709.30,365.01
RIGHT_THUMB,97,754.13,367.64
RIGHT_THUMB,98,783.90,351.63
RIGHT_THUMB,99,785.55,351.90
RIGHT_THUMB,100,654.57,351.56
RIGHT_THUMB,101,654.05,350.72
RIGHT_THUMB,102,472.03,451.09
RIGHT_THUMB,103,442.86,258.44
RIGHT_THUMB,104,192.43,368.39
RIGHT_THUMB,105,129.65,379.21
RIGHT_THUMB,106,129.54,380.80
RIGHT_THUMB,107,98.48,386.92
RIGHT_THUMB,108,144.59,398.23
RIGHT_THUMB,109,433.82,211.35
RIGHT_THUMB,110,430.00,225.03
RIGHT_THUMB,111,647.86,359.43
RIGHT_THUMB,112,701.58,345.93
RIGHT_THUMB,113,701.66,346.38
RIGHT_THUMB,114,701.59,330.80
RIGHT_THUMB,115,415.95,267.68
RIGHT_THUMB,116,418.43,236.24
RIGHT_THUMB,117,412.51,232.13
RIGHT_THUMB,118,89.26,364.26
RIGHT_THUMB,119,87.77,363.19
RIGHT_THUMB,120,50.89,389.88
RIGHT_THUMB,121,51.22,389.53
RIGHT_THUMB,122,144.43,405.66
RIGHT_THUMB,123,145.75,405.65
RIGHT_THUMB,124,374.37,333.36
RIGHT_THUMB,125,533.60,399.75
RIGHT_THUMB,126,688.01,389.99
RIGHT_THUMB,127,686.51,389.51
RIGHT_THUMB,128,662.81,389.09
RIGHT_THUMB,129,661.24,388.86
RIGHT_THUMB,130,573.53,379.41
RIGHT_THUMB,131,613.87,359.81
RIGHT_THUMB,132,406.67,435.21
RIGHT_THUMB,133,101.49,405.16
RIGHT_THUMB,134,583.62,348.34
RIGHT_THUMB,135,583.96,348.70
RIGHT_THUMB,136,81.50,412.10
RIGHT_THUMB,137,82.20,411.99
RIGHT_THUMB,138,228.47,339.22
RIGHT_THUMB,139,88.32,364.61
RIGHT_THUMB,140,52.23,376.31
RIGHT_THUMB,141,701.91,381.41
RIGHT_THUMB,142,713.23,383.37
RIGHT_THUMB,143,702.00,382.01
RIGHT_THUMB,144,654.98,381.71
RIGHT_THUMB,145,622.07,356.19
RIGHT_THUMB,146,620.38,357.12
RIGHT_THUMB,147,252.10,407.66
RIGHT_THUMB,148,144.66,415.30
RIGHT_THUMB,149,144.74,416.04
RIGHT_THUMB,150,86.36,414.40
RIGHT_THUMB,151,82.54,415.75
RIGHT_THUMB,152,135.61,423.88
RIGHT_THUMB,153,352.14,338.42
RIGHT_THUMB,154,425.39,341.77
RIGHT_THUMB,155,618.25,405.05
RIGHT_THUMB,156,615.57,402.93
RIGHT_THUMB,157,706.20,395.82
RIGHT_THUMB,158,742.72,377.35
RIGHT_THUMB,159,742.31,377.49
RIGHT_THUMB,160,665.90,366.08
RIGHT_THUMB,161,667.66,366.81
RIGHT_THUMB,162,350.97,438.80
RIGHT_THUMB,163,319.95,433.81
RIGHT_THUMB,164,243.69,367.10
RIGHT_THUMB,165,230.87,365.20
RIGHT_THUMB,166,165.22,380.41
RIGHT_THUMB,167,128.11,396.00
RIGHT_THUMB,168,223.77,406.80
RIGHT_THUMB,169,223.56,406.86
RIGHT_THUMB,170,328.76,340.08
RIGHT_THUMB,171,333.68,342.37
RIGHT_THUMB,172,613.57,390.72
RIGHT_THUMB,173,729.66,372.27
RIGHT_THUMB,174,731.31,371.01
RIGHT_THUMB,175,766.72,357.09
RIGHT_THUMB,176,766.79,357.16
RIGHT_THUMB,177,458.72,347.11
RIGHT_THUMB,178,550.49,355.50
RIGHT_THUMB,179,552.53,357.85
RIGHT_THUMB,180,229.12,426.02
RIGHT_THUMB,181,227.83,426.02
RIGHT_THUMB,182,138.72,497.22
RIGHT_THUMB,183,138.55,497.02
RIGHT_THUMB,184,138.16,495.75
RIGHT_THUMB,185,162.25,530.48
RIGHT_THUMB,186,219.72,562.65
RIGHT_THUMB,187,298.77,575.72
RIGHT_THUMB,188,298.53,575.11
RIGHT_THUMB,189,389.12,369.72
RIGHT_THUMB,190,389.15,368.73
RIGHT_THUMB,191,631.76,525.83
RIGHT_THUMB,192,664.40,504.80
RIGHT_THUMB,193,664.48,504.73
RIGHT_THUMB,194,602.24,509.22
RIGHT_THUMB,195,367.10,492.75
RIGHT_THUMB,196,378.40,491.95
RIGHT_THUMB,197,269.31,489.90
RIGHT_THUMB,198,269.88,489.80
RIGHT_THUMB,199,175.58,484.73
RIGHT_THUMB,200,132.38,484.94
RIGHT_THUMB,201,132.66,484.47
RIGHT_THUMB,202,131.57,486.65
RIGHT_THUMB,203,195.92,482.15
RIGHT_THUMB,204,302.93,452.83
RIGHT_THUMB,205,528.83,407.96
RIGHT_THUMB,206,529.25,407.13
RIGHT_THUMB,207,601.78,387.42
RIGHT_THUMB,208,601.65,387.24
RIGHT_THUMB,209,587.56,348.52
RIGHT_THUMB,210,585.96,347.07
RIGHT_THUMB,211,380.25,242.70
RIGHT_THUMB,212,380.08,244.04
RIGHT_THUMB,213,183.45,196.27
RIGHT_THUMB,214,164.89,195.85
RIGHT_THUMB,215,175.33,185.83
RIGHT_THUMB,216,195.35,263.11
RIGHT_THUMB,217,195.63,263.61
RIGHT_THUMB,218,194.69,263.58
RIGHT_THUMB,219,326.77,233.91
RIGHT_THUMB,220,326.73,231.38
RIGHT_THUMB,221,411.63,268.10
RIGHT_THUMB,224,459.19,235.70
RIGHT_THUMB,225,458.82,234.49
RIGHT_THUMB,228,330.58,229.14
RIGHT_THUMB,229,308.16,243.73
RIGHT_THUMB,230,292.85,232.16
RIGHT_THUMB,231,229.82,270.25
RIGHT_THUMB,232,230.43,270.66
RIGHT_THUMB,238,426.37,256.70
RIGHT_THUMB,239,431.04,250.09
RIGHT_THUMB,240,350.67,222.95
RIGHT_THUMB,242,316.58,243.29
RIGHT_THUMB,243,316.46,248.49
RIGHT_THUMB,244,313.65,241.44
RIGHT_THUMB,245,289.72,269.33
RIGHT_THUMB,250,415.95,276.77
RIGHT_THUMB,251,415.63,276.60
RIGHT_THUMB,252,405.12,266.24
RIGHT_THUMB,253,389.65,252.43
RIGHT_THUMB,254,402.70,240.93
RIGHT_THUMB,255,309.61,263.47
RIGHT_THUMB,256,307.72,262.18
RIGHT_THUMB,257,352.42,229.52
RIGHT_THUMB,258,370.44,283.55
RIGHT_THUMB,259,372.72,280.36
RIGHT_THUMB,260,389.71,262.59
RIGHT_THUMB,261,390.15,262.05
RIGHT_THUMB,263,449.93,265.01
RIGHT_THUMB,265,422.11,197.28
RIGHT_THUMB,266,425.00,197.13
RIGHT_THUMB,267,425.33,196.84
RIGHT_THUMB,268,366.86,214.66
RIGHT_THUMB,269,328.14,203.58
RIGHT_THUMB,270,301.26,176.45
RIGHT_THUMB,271,294.02,151.07
RIGHT_THUMB,272,295.19,151.88
RIGHT_THUMB,273,293.61,152.41
RIGHT_THUMB,274,354.02,105.54
RIGHT_THUMB,275,357.01,107.71
RIGHT_THUMB,276,416.86,111.95
RIGHT_THUMB,277,477.19,105.18
RIGHT_THUMB,278,473.55,109.11
RIGHT_THUMB,279,499.32,107.16
RIGHT_THUMB,280,501.73,107.27
RIGHT_THUMB,281,521.56,82.20
RIGHT_THUMB,282,517.49,70.36
RIGHT_THUMB,283,518.73,70.37
RIGHT_THUMB,284,477.60,69.97
RIGHT_THUMB,285,476.73,71.44
RIGHT_THUMB,286,460.71,72.83
RIGHT_THUMB,287,430.37,85.33
RIGHT_THUMB,288,429.81,85.79
RIGHT_THUMB,289,424.86,92.41
RIGHT_THUMB,293,482.54,92.01
RIGHT_THUMB,294,514.63,97.51
RIGHT_THUMB,295,515.92,97.01
RIGHT_THUMB,296,508.63,99.26
RIGHT_THUMB,297,542.24,85.38
RIGHT_THUMB,298,545.45,92.05
RIGHT_THUMB,299,540.79,94.03
RIGHT_THUMB,300,501.17,56.52
RIGHT_THUMB,301,505.10,57.48
RIGHT_THUMB,302,478.80,70.09
RIGHT_THUMB,303,479.17,69.96
RIGHT_THUMB,304,466.56,73.50
RIGHT_THUMB,305,451.41,86.58
RIGHT_THUMB,306,446.80,93.45
RIGHT_THUMB,307,446.20,93.35
RIGHT_THUMB,308,445.39,92.21
RIGHT_THUMB,309,485.39,83.55
RIGHT_THUMB,310,497.55,93.34
RIGHT_THUMB,311,496.64,92.52
RIGHT_THUMB,312,523.84,98.00
RIGHT_THUMB,313,549.28,83.77
RIGHT_THUMB,314,575.64,95.90
RIGHT_THUMB,315,575.91,93.14
RIGHT_THUMB,316,578.39,96.63
RIGHT_THUMB,317,565.59,71.45
RIGHT_THUMB,318,565.46,72.64
RIGHT_THUMB,319,503.73,85.94
RIGHT_THUMB,320,512.10,79.70
RIGHT_THUMB,321,465.78,73.56
RIGHT_THUMB,322,465.97,74.04
RIGHT_THUMB,323,462.93,87.86
RIGHT_THUMB,324,457.07,93.75
RIGHT_THUMB,325,449.48,86.18
RIGHT_THUMB,326,466.52,87.40
RIGHT_THUMB,328,471.79,89.99
RIGHT_THUMB,329,503.09,102.26
RIGHT_THUMB,330,516.18,106.56
RIGHT_THUMB,331,518.17,107.15
RIGHT_THUMB,332,534.86,114.10
RIGHT_THUMB,333,536.29,113.55
RIGHT_THUMB,334,533.90,111.80
RIGHT_THUMB,335,539.47,119.85
RIGHT_THUMB,336,506.42,138.55
RIGHT_THUMB,337,508.37,138.98
RIGHT_THUMB,338,495.25,174.32
RIGHT_THUMB,339,427.84,206.90
RIGHT_THUMB,340,421.60,204.95
RIGHT_THUMB,341,372.88,222.42
RIGHT_THUMB,342,363.83,219.71
RIGHT_THUMB,343,357.17,202.98
RIGHT_THUMB,344,421.89,172.62
RIGHT_THUMB,345,421.52,172.74
RIGHT_THUMB,346,421.73,171.26
RIGHT_THUMB,347,549.64,334.50
RIGHT_THUMB,348,539.27,279.44
RIGHT_THUMB,349,657.11,314.78
RIGHT_THUMB,350,728.04,370.17
RIGHT_THUMB,351,728.01,370.12
RIGHT_THUMB,352,728.67,403.76
RIGHT_THUMB,353,699.95,430.93
RIGHT_THUMB,354,590.70,438.28
RIGHT_THUMB,355,590.13,439.05
RIGHT_THUMB,356,544.36,428.34
RIGHT_THUMB,357,535.79,392.85
RIGHT_THUMB,358,538.50,392.81
RIGHT_THUMB,359,536.95,368.71
RIGHT_THUMB,360,496.57,334.64
RIGHT_THUMB,361,497.11,335.34
RIGHT_THUMB,362,497.53,335.94
RIGHT_THUMB,363,398.93,370.74
RIGHT_THUMB,364,398.62,370.27
RIGHT_THUMB,365,388.14,367.80
RIGHT_THUMB,366,410.70,335.22
RIGHT_THUMB,367,411.59,336.73
RIGHT_THUMB,368,419.88,321.30
RIGHT_THUMB,369,434.15,306.35
RIGHT_THUMB,370,434.45,307.42
RIGHT_THUMB,371,485.73,246.64
RIGHT_THUMB,372,486.34,246.21
RIGHT_THUMB,373,481.05,255.49
RIGHT_THUMB,374,472.30,218.06
RIGHT_THUMB,375,476.88,215.42
RIGHT_THUMB,376,475.63,215.12
RIGHT_THUMB,377,470.50,211.31
RIGHT_THUMB,378,481.37,200.44
RIGHT_THUMB,379,478.24,200.65
RIGHT_THUMB,380,467.24,196.45
RIGHT_THUMB,381,463.85,198.17
RIGHT_THUMB,382,467.42,185.84
RIGHT_THUMB,383,464.39,186.33
RIGHT_THUMB,384,446.85,193.95
RIGHT_THUMB,385,424.44,212.60
RIGHT_THUMB,386,420.73,224.90
RIGHT_THUMB,387,443.98,226.20
RIGHT_THUMB,388,419.18,242.41
RIGHT_THUMB,389,418.88,242.40
RIGHT_THUMB,390,417.09,272.70
RIGHT_THUMB,391,419.09,327.12
RIGHT_THUMB,392,410.81,388.78
RIGHT_THUMB,393,394.77,420.01
RIGHT_THUMB,394,370.19,441.26
RIGHT_THUMB,395,370.15,441.71
RIGHT_THUMB,396,347.14,448.81
RIGHT_THUMB,397,336.72,460.18
RIGHT_THUMB,398,330.61,469.73
RIGHT_THUMB,399,331.58,467.84
RIGHT_THUMB,400,314.58,490.05
RIGHT_THUMB,401,313.44,511.64
RIGHT_THUMB,402,306.41,530.35
RIGHT_THUMB,403,304.21,531.97
RIGHT_THUMB,404,296.31,543.64
RIGHT_THUMB,405,297.46,543.57
RIGHT_THUMB,406,294.83,544.42
RIGHT_THUMB,407,297.90,547.09
RIGHT_THUMB,408,297.48,548.53
RIGHT_THUMB,409,306.17,553.17
RIGHT_THUMB,410,299.18,547.62
RIGHT_THUMB,411,303.12,545.89
RIGHT_THUMB,412,302.91,545.17
RIGHT_THUMB,413,314.72,549.28
RIGHT_THUMB,414,316.64,533.20
RIGHT_THUMB,415,314.21,534.77
RIGHT_THUMB,416,320.07,530.54
RIGHT_THUMB,417,315.62,524.22
RIGHT_THUMB,418,327.68,521.75
RIGHT_THUMB,419,322.85,520.14
RIGHT_THUMB,420,323.15,513.47
RIGHT_THUMB,421,332.09,505.23
RIGHT_THUMB,422,341.00,492.78
RIGHT_THUMB,423,346.91,480.96
RIGHT_THUMB,424,348.23,473.74
RIGHT_THUMB,425,354.49,471.42
RIGHT_THUMB,426,349.93,455.09
RIGHT_THUMB,427,361.61,440.75
RIGHT_THUMB,428,361.36,440.57
RIGHT_THUMB,429,373.78,427.14
RIGHT_THUMB,430,375.30,406.52
RIGHT_THUMB,431,374.73,406.88
RIGHT_THUMB,432,369.41,385.19
LEFT_HIP,0,462.62,465.12
LEFT_HIP,1,463.71,499.81
LEFT_HIP,2,463.61,499.41
LEFT_HIP,3,459.50,512.53
LEFT_HIP,4,458.86,512.31
LEFT_HIP,5,459.25,529.05
LEFT_HIP,6,459.93,559.59
LEFT_HIP,7,457.23,559.35
LEFT_HIP,8,440.70,563.00
LEFT_HIP,9,437.66,568.63
LEFT_HIP,10,442.23,572.36
LEFT_HIP,11,442.71,572.83
LEFT_HIP,12,436.35,606.93
LEFT_HIP,13,435.49,606.11
LEFT_HIP,14,441.65,598.44
LEFT_HIP,15,444.89,567.94
LEFT_HIP,16,462.06,568.10
LEFT_HIP,17,460.23,568.82
LEFT_HIP,18,428.59,502.22
LEFT_HIP,19,444.88,494.68
LEFT_HIP,20,461.26,490.17
LEFT_HIP,21,464.37,468.63
LEFT_HIP,22,464.45,469.32
LEFT_HIP,23,463.31,457.63
LEFT_HIP,24,464.19,445.30
LEFT_HIP,25,446.73,433.49
LEFT_HIP,27,445.59,438.00
LEFT_HIP,29,536.70,417.85
LEFT_HIP,30,539.96,431.90
LEFT_HIP,31,539.73,432.07
LEFT_HIP,32,549.71,440.98
LEFT_HIP,33,557.13,438.21
LEFT_HIP,34,576.37,439.12
LEFT_HIP,35,576.99,438.97
LEFT_HIP,36,594.46,434.56
LEFT_HIP,37,604.44,437.63
LEFT_HIP,38,611.04,440.40
LEFT_HIP,39,610.28,440.63
LEFT_HIP,40,594.86,443.97
LEFT_HIP,41,540.92,478.06
LEFT_HIP,42,499.04,467.04
LEFT_HIP,43,497.82,467.66
LEFT_HIP,44,493.31,466.89
LEFT_HIP,45,477.58,468.82
LEFT_HIP,46,477.58,468.76
LEFT_HIP,47,440.63,478.32
LEFT_HIP,48,427.82,467.24
LEFT_HIP,49,427.35,466.12
LEFT_HIP,50,388.41,464.45
LEFT_HIP,51,356.37,473.41
LEFT_HIP,52,338.91,471.55
LEFT_HIP,53,338.93,471.07
LEFT_HIP,54,352.96,467.46
LEFT_HIP,55,427.99,480.13
LEFT_HIP,56,427.96,480.35
LEFT_HIP,57,466.83,483.53
LEFT_HIP,58,533.31,481.91
LEFT_HIP,59,533.30,481.74
LEFT_HIP,60,586.20,464.22
LEFT_HIP,61,598.97,456.52
LEFT_HIP,62,600.81,468.22
LEFT_HIP,63,569.77,470.34
LEFT_HIP,64,525.88,468.52
LEFT_HIP,65,526.74,469.85
LEFT_HIP,66,457.80,467.25
LEFT_HIP,67,425.89,447.42
LEFT_HIP,68,415.18,431.73
LEFT_HIP,69,414.52,432.81
LEFT_HIP,70,470.88,413.68
LEFT_HIP,71,470.57,413.33
LEFT_HIP,72,544.56,447.05
LEFT_HIP,73,566.81,425.64
LEFT_HIP,74,635.43,431.40
LEFT_HIP,75,635.79,431.34
LEFT_HIP,76,631.45,413.40
LEFT_HIP,77,579.44,415.62
LEFT_HIP,78,479.68,447.48
LEFT_HIP,79,480.79,449.00
LEFT_HIP,80,428.48,426.20
LEFT_HIP,81,378.47,430.24
LEFT_HIP,82,379.51,429.65
LEFT_HIP,83,377.69,430.57
LEFT_HIP,84,440.09,393.19
LEFT_HIP,85,439.51,394.68
LEFT_HIP,86,525.76,440.50
LEFT_HIP,87,564.48,454.40
LEFT_HIP,88,566.85,454.32
LEFT_HIP,89,602.66,450.76
LEFT_HIP,90,595.27,442.52
LEFT_HIP,91,595.27,442.20
LEFT_HIP,92,518.38,445.04
LEFT_HIP,93,516.92,445.36
LEFT_HIP,94,424.18,470.43
LEFT_HIP,95,423.64,470.72
LEFT_HIP,96,369.30,459.83
LEFT_HIP,97,346.36,457.37
LEFT_HIP,98,359.07,464.64
LEFT_HIP,99,359.92,464.56
LEFT_HIP,100,449.64,461.96
LEFT_HIP,101,449.93,462.11
LEFT_HIP,102,492.54,465.24
LEFT_HIP,103,523.49,463.80
LEFT_HIP,104,533.42,464.34
LEFT_HIP,105,529.80,447.14
LEFT_HIP,106,530.29,447.14
LEFT_HIP,107,503.53,455.90
LEFT_HIP,108,447.25,437.16
LEFT_HIP,109,320.44,466.10
LEFT_HIP,110,324.51,464.35
LEFT_HIP,111,274.58,448.26
LEFT_HIP,112,256.76,454.32
LEFT_HIP,113,258.02,453.18
LEFT_HIP,114,273.24,459.31
LEFT_HIP,115,324.76,465.69
LEFT_HIP,116,375.35,479.05
LEFT_HIP,117,375.27,478.34
LEFT_HIP,118,459.84,470.11
LEFT_HIP,119,459.05,470.46
LEFT_HIP,120,479.14,450.66
LEFT_HIP,121,479.26,450.56
LEFT_HIP,122,442.89,456.08
LEFT_HIP,123,443.59,456.29
LEFT_HIP,124,382.98,497.83
LEFT_HIP,125,359.97,470.91
LEFT_HIP,126,243.50,460.24
LEFT_HIP,127,242.49,460.23
LEFT_HIP,128,239.83,458.92
LEFT_HIP,129,238.84,459.48
LEFT_HIP,130,251.76,463.71
LEFT_HIP,131,322.09,489.82
LEFT_HIP,132,323.53,490.57
LEFT_HIP,133,381.86,496.25
LEFT_HIP,134,350.04,490.61
LEFT_HIP,135,349.19,491.66
LEFT_HIP,136,458.44,445.88
LEFT_HIP,137,458.39,445.97
LEFT_HIP,138,435.79,459.53
LEFT_HIP,139,421.44,459.41
LEFT_HIP,140,398.42,463.99
LEFT_HIP,141,287.55,480.22
LEFT_HIP,142,285.96,480.32
LEFT_HIP,143,288.84,478.19
LEFT_HIP,144,284.90,468.05
LEFT_HIP,145,327.77,477.85
LEFT_HIP,146,329.00,476.83
LEFT_HIP,147,372.25,486.87
LEFT_HIP,148,434.44,496.89
LEFT_HIP,149,434.31,497.20
LEFT_HIP,150,474.71,485.12
LEFT_HIP,151,498.65,457.02
LEFT_HIP,152,528.14,450.45
LEFT_HIP,153,513.28,447.58
LEFT_HIP,154,504.78,440.78
LEFT_HIP,155,476.45,447.97
LEFT_HIP,156,476.43,450.54
LEFT_HIP,157,395.87,460.01
LEFT_HIP,158,337.06,453.73
LEFT_HIP,159,337.07,453.54
LEFT_HIP,160,348.24,449.70
LEFT_HIP,161,348.13,448.98
LEFT_HIP,162,388.09,453.28
LEFT_HIP,163,388.66,452.19
LEFT_HIP,164,449.65,474.82
LEFT_HIP,165,448.59,473.07
LEFT_HIP,166,467.42,474.45
LEFT_HIP,167,532.35,454.58
LEFT_HIP,168,537.27,445.96
LEFT_HIP,169,535.92,445.48
LEFT_HIP,170,516.50,446.32
LEFT_HIP,171,520.14,441.91
LEFT_HIP,172,425.08,480.80
LEFT_HIP,173,391.65,451.87
LEFT_HIP,174,389.92,450.95
LEFT_HIP,175,338.27,449.74
LEFT_HIP,176,338.54,450.19
LEFT_HIP,177,351.92,434.05
LEFT_HIP,178,371.84,457.73
LEFT_HIP,179,371.27,458.29
LEFT_HIP,180,460.55,470.02
LEFT_HIP,181,460.59,470.26
LEFT_HIP,182,527.72,432.80
LEFT_HIP,183,529.02,433.30
LEFT_HIP,184,527.03,434.02
LEFT_HIP,185,534.73,430.89
LEFT_HIP,186,520.59,415.04
LEFT_HIP,187,484.70,415.06
LEFT_HIP,188,482.85,416.89
LEFT_HIP,189,435.17,451.55
LEFT_HIP,190,437.27,450.80
LEFT_HIP,191,345.25,416.18
LEFT_HIP,192,314.07,426.83
LEFT_HIP,193,313.98,426.27
LEFT_HIP,194,339.84,436.38
LEFT_HIP,195,383.52,446.83
LEFT_HIP,196,385.96,449.98
LEFT_HIP,197,461.01,462.11
LEFT_HIP,198,460.42,462.55
LEFT_HIP,199,496.61,452.55
LEFT_HIP,200,491.69,434.00
LEFT_HIP,201,492.31,434.22
LEFT_HIP,202,495.35,432.38
LEFT_HIP,203,443.17,433.39
LEFT_HIP,204,411.24,458.55
LEFT_HIP,205,308.61,442.53
LEFT_HIP,206,307.78,442.26
LEFT_HIP,207,285.07,433.57
LEFT_HIP,208,285.13,433.52
LEFT_HIP,209,309.29,435.99
LEFT_HIP,210,309.05,434.95
LEFT_HIP,211,369.12,468.30
LEFT_HIP,212,369.78,470.09
LEFT_HIP,213,393.69,457.51
LEFT_HIP,214,394.16,458.83
LEFT_HIP,215,412.99,466.90
LEFT_HIP,216,439.27,447.83
LEFT_HIP,217,439.49,447.80
LEFT_HIP,218,433.82,448.94
LEFT_HIP,219,337.31,455.03
LEFT_HIP,220,337.93,456.44
LEFT_HIP,221,286.00,441.90
LEFT_HIP,224,300.97,443.45
LEFT_HIP,225,300.80,442.06
LEFT_HIP,228,384.44,468.17
LEFT_HIP,229,403.70,487.94
LEFT_HIP,230,405.28,489.18
LEFT_HIP,231,409.66,453.47
LEFT_HIP,232,410.40,454.39
LEFT_HIP,238,308.39,450.85
LEFT_HIP,239,306.14,446.79
LEFT_HIP,240,383.09,476.08
LEFT_HIP,242,417.50,448.29
LEFT_HIP,243,419.42,448.73
LEFT_HIP,244,416.33,449.85
LEFT_HIP,245,369.48,459.86
LEFT_HIP,250,319.41,457.08
LEFT_HIP,251,316.59,460.14
LEFT_HIP,252,371.24,466.88
LEFT_HIP,253,420.45,475.95
LEFT_HIP,254,419.24,474.71
LEFT_HIP,255,432.69,445.49
LEFT_HIP,256,431.68,442.29
LEFT_HIP,257,420.59,443.87
LEFT_HIP,258,323.39,476.31
LEFT_HIP,259,322.50,479.21
LEFT_HIP,260,304.01,451.13
LEFT_HIP,261,304.22,449.79
LEFT_HIP,263,339.51,437.73
LEFT_HIP,265,400.68,469.52
LEFT_HIP,266,400.33,469.49
LEFT_HIP,267,399.03,470.80
LEFT_HIP,268,419.78,477.97
LEFT_HIP,269,428.95,478.22
LEFT_HIP,270,413.77,461.81
LEFT_HIP,271,384.27,448.85
LEFT_HIP,272,383.71,448.68
LEFT_HIP,273,382.95,447.41
LEFT_HIP,274,387.33,439.25
LEFT_HIP,275,388.38,440.12
LEFT_HIP,276,399.33,455.66
LEFT_HIP,277,454.42,424.56
LEFT_HIP,278,455.21,426.26
LEFT_HIP,279,449.83,411.82
LEFT_HIP,280,448.30,413.53
LEFT_HIP,281,456.62,420.94
LEFT_HIP,282,453.81,462.22
LEFT_HIP,283,455.39,466.55
LEFT_HIP,284,450.80,467.26
LEFT_HIP,285,450.82,466.47
LEFT_HIP,286,447.50,462.44
LEFT_HIP,287,410.15,471.63
LEFT_HIP,288,409.80,473.31
LEFT_HIP,289,399.44,455.49
LEFT_HIP,293,441.57,459.09
LEFT_HIP,294,502.59,423.85
LEFT_HIP,295,502.84,424.03
LEFT_HIP,296,499.99,436.59
LEFT_HIP,297,466.92,418.34
LEFT_HIP,298,485.11,431.41
LEFT_HIP,299,483.59,433.43
LEFT_HIP,300,479.17,484.18
LEFT_HIP,301,478.74,483.38
LEFT_HIP,302,455.66,464.36
LEFT_HIP,303,454.19,463.51
LEFT_HIP,304,449.06,469.40
LEFT_HIP,305,438.96,466.59
LEFT_HIP,306,441.17,470.88
LEFT_HIP,307,441.04,470.84
LEFT_HIP,308,441.04,472.79
LEFT_HIP,309,478.81,469.88
LEFT_HIP,310,497.96,472.26
LEFT_HIP,311,496.14,473.35
LEFT_HIP,312,526.64,465.52
LEFT_HIP,313,541.04,459.46
LEFT_HIP,314,528.62,413.18
LEFT_HIP,315,528.14,406.35
LEFT_HIP,316,526.90,411.80
LEFT_HIP,317,539.36,484.44
LEFT_HIP,318,538.63,486.11
LEFT_HIP,319,534.25,486.47
LEFT_HIP,320,535.85,487.83
LEFT_HIP,321,489.00,475.46
LEFT_HIP,322,488.99,476.98
LEFT_HIP,323,483.53,481.21
LEFT_HIP,324,478.41,468.81
LEFT_HIP,325,463.05,470.33
LEFT_HIP,326,484.21,445.06
LEFT_HIP,328,485.37,468.72
LEFT_HIP,329,498.60,469.95
LEFT_HIP,330,517.33,459.33
LEFT_HIP,331,516.12,460.73
LEFT_HIP,332,525.80,422.65
LEFT_HIP,333,526.44,422.46
LEFT_HIP,334,526.93,423.40
LEFT_HIP,335,506.81,436.55
LEFT_HIP,336,522.74,466.75
LEFT_HIP,337,523.21,468.17
LEFT_HIP,338,519.02,488.21
LEFT_HIP,339,518.62,483.40
LEFT_HIP,340,519.48,482.55
LEFT_HIP,341,519.57,479.29
LEFT_HIP,342,529.86,492.84
LEFT_HIP,343,524.49,488.74
LEFT_HIP,344,497.57,475.02
LEFT_HIP,345,496.93,475.20
LEFT_HIP,346,496.78,475.66
LEFT_HIP,347,475.81,470.10
LEFT_HIP,348,457.72,465.29
LEFT_HIP,349,441.29,466.13
LEFT_HIP,350,411.30,470.02
LEFT_HIP,351,411.32,470.09
LEFT_HIP,352,395.45,464.08
LEFT_HIP,353,397.39,474.71
LEFT_HIP,354,434.17,498.46
LEFT_HIP,355,434.49,499.43
LEFT_HIP,356,464.01,498.13
LEFT_HIP,357,485.12,493.64
LEFT_HIP,358,485.91,496.22
LEFT_HIP,359,499.00,490.34
LEFT_HIP,360,528.45,495.36
LEFT_HIP,361,528.14,495.43
LEFT_HIP,362,527.59,494.27
LEFT_HIP,363,548.20,497.49
LEFT_HIP,364,547.91,497.33
LEFT_HIP,365,556.95,497.83
LEFT_HIP,366,554.98,497.43
LEFT_HIP,367,555.25,497.42
LEFT_HIP,368,550.10,491.10
LEFT_HIP,369,541.53,491.56
LEFT_HIP,370,541.46,491.53
LEFT_HIP,371,527.97,482.91
LEFT_HIP,372,528.00,482.98
LEFT_HIP,373,514.68,478.61
LEFT_HIP,374,505.37,478.04
LEFT_HIP,375,492.73,475.51
LEFT_HIP,376,493.89,476.17
LEFT_HIP,377,480.17,473.33
LEFT_HIP,378,467.44,471.87
LEFT_HIP,379,467.20,471.71
LEFT_HIP,380,456.39,466.83
LEFT_HIP,381,446.65,467.06
LEFT_HIP,382,436.18,466.39
LEFT_HIP,383,436.22,466.73
LEFT_HIP,384,427.10,463.10
LEFT_HIP,385,414.06,458.07
LEFT_HIP,386,407.22,463.15
LEFT_HIP,387,395.76,461.67
LEFT_HIP,388,382.62,461.14
LEFT_HIP,389,382.60,461.55
LEFT_HIP,390,369.11,458.74
LEFT_HIP,391,360.59,460.79
LEFT_HIP,392,352.53,472.67
LEFT_HIP,393,345.66,473.04
LEFT_HIP,394,332.68,481.39
LEFT_HIP,395,332.29,481.18
LEFT_HIP,396,330.15,487.03
LEFT_HIP,397,321.82,497.56
LEFT_HIP,398,318.96,510.79
LEFT_HIP,399,318.86,511.12
LEFT_HIP,400,311.66,516.05
LEFT_HIP,401,304.19,530.73
LEFT_HIP,402,301.85,537.58
LEFT_HIP,403,301.86,538.11
LEFT_HIP,404,287.95,540.81
LEFT_HIP,405,288.93,540.03
LEFT_HIP,406,292.14,540.77
LEFT_HIP,407,293.71,537.80
LEFT_HIP,408,297.18,538.07
LEFT_HIP,409,302.33,535.68
LEFT_HIP,410,298.78,538.22
LEFT_HIP,411,302.29,545.27
LEFT_HIP,412,301.60,543.56
LEFT_HIP,413,302.93,537.20
LEFT_HIP,414,312.08,524.80
LEFT_HIP,415,312.20,525.78
LEFT_HIP,416,311.10,520.44
LEFT_HIP,417,324.18,526.10
LEFT_HIP,418,323.60,522.32
LEFT_HIP,419,324.31,523.35
LEFT_HIP,420,321.12,518.89
LEFT_HIP,421,321.55,512.81
LEFT_HIP,422,330.89,507.53
LEFT_HIP,423,331.57,498.40
LEFT_HIP,424,334.90,496.47
LEFT_HIP,425,338.03,492.10
LEFT_HIP,426,341.51,484.14
LEFT_HIP,427,344.45,480.02
LEFT_HIP,428,344.19,480.53
LEFT_HIP,429,347.59,469.52
LEFT_HIP,430,352.15,466.69
LEFT_HIP,431,351.80,466.64
LEFT_HIP,432,356.80,463.87
RIGHT_HIP,0,522.92,464.80
RIGHT_HIP,1,519.01,490.97
RIGHT_HIP,2,519.53,491.07
RIGHT_HIP,3,508.12,503.53
RIGHT_HIP,4,507.94,503.37
RIGHT_HIP,5,497.58,520.57
RIGHT_HIP,6,443.51,554.65
RIGHT_HIP,7,449.43,551.59
RIGHT_HIP,8,458.16,557.67
RIGHT_HIP,9,435.18,558.47
RIGHT_HIP,10,411.14,571.03
RIGHT_HIP,11,407.61,573.05
RIGHT_HIP,12,414.81,601.69
RIGHT_HIP,13,414.87,600.80
RIGHT_HIP,14,394.62,573.51
RIGHT_HIP,15,410.71,550.43
RIGHT_HIP,16,418.19,522.39
RIGHT_HIP,17,417.25,523.60
RIGHT_HIP,18,455.24,529.72
RIGHT_HIP,19,438.80,488.44
RIGHT_HIP,20,431.78,457.13
RIGHT_HIP,21,441.17,436.93
RIGHT_HIP,22,440.41,437.15
RIGHT_HIP,23,444.89,417.14
RIGHT_HIP,24,464.26,397.40
RIGHT_HIP,25,465.26,383.87
RIGHT_HIP,27,476.27,480.04
RIGHT_HIP,29,539.46,442.95
RIGHT_HIP,30,562.87,384.65
RIGHT_HIP,31,562.89,384.59
RIGHT_HIP,32,560.74,380.48
RIGHT_HIP,33,565.64,377.69
RIGHT_HIP,34,575.70,376.28
RIGHT_HIP,35,576.72,376.34
RIGHT_HIP,36,587.22,378.82
RIGHT_HIP,37,592.52,381.35
RIGHT_HIP,38,599.76,378.03
RIGHT_HIP,39,599.35,378.64
RIGHT_HIP,40,573.64,377.42
RIGHT_HIP,41,474.58,431.46
RIGHT_HIP,42,442.83,407.91
RIGHT_HIP,43,441.39,407.75
RIGHT_HIP,44,438.07,413.10
RIGHT_HIP,45,427.84,418.11
RIGHT_HIP,46,428.31,417.57
RIGHT_HIP,47,409.12,438.06
RIGHT_HIP,48,409.56,447.57
RIGHT_HIP,49,409.41,447.59
RIGHT_HIP,50,414.45,447.01
RIGHT_HIP,51,404.25,450.93
RIGHT_HIP,52,400.38,448.61
RIGHT_HIP,53,400.04,448.78
RIGHT_HIP,54,423.96,451.75
RIGHT_HIP,55,488.78,471.61
RIGHT_HIP,56,488.51,471.67
RIGHT_HIP,57,490.07,473.09
RIGHT_HIP,58,512.81,469.94
RIGHT_HIP,59,512.12,469.69
RIGHT_HIP,60,526.30,454.23
RIGHT_HIP,61,525.43,445.77
RIGHT_HIP,62,530.39,446.08
RIGHT_HIP,63,515.56,451.71
RIGHT_HIP,64,498.61,458.52
RIGHT_HIP,65,497.60,457.57
RIGHT_HIP,66,498.14,454.98
RIGHT_HIP,67,491.91,434.97
RIGHT_HIP,68,491.59,417.00
RIGHT_HIP,69,490.88,416.58
RIGHT_HIP,70,529.52,411.64
RIGHT_HIP,71,528.98,411.09
RIGHT_HIP,72,561.61,446.86
RIGHT_HIP,73,604.59,435.37
RIGHT_HIP,74,560.05,425.56
RIGHT_HIP,75,560.96,425.91
RIGHT_HIP,76,564.95,409.23
RIGHT_HIP,77,533.05,408.79
RIGHT_HIP,78,526.08,433.94
RIGHT_HIP,79,525.87,434.47
RIGHT_HIP,80,491.24,422.98
RIGHT_HIP,81,448.66,425.04
RIGHT_HIP,82,448.99,423.90
RIGHT_HIP,83,446.92,422.79
RIGHT_HIP,84,485.44,415.88
RIGHT_HIP,85,485.68,417.00
RIGHT_HIP,86,536.18,462.55
RIGHT_HIP,87,530.06,455.35
RIGHT_HIP,88,527.57,454.55
RIGHT_HIP,89,532.05,441.56
RIGHT_HIP,90,531.33,444.06
RIGHT_HIP,91,530.87,443.26
RIGHT_HIP,92,518.03,437.56
RIGHT_HIP,93,520.92,441.21
RIGHT_HIP,94,477.67,459.30
RIGHT_HIP,95,477.94,459.85
RIGHT_HIP,96,436.90,447.26
RIGHT_HIP,97,420.79,449.24
RIGHT_HIP,98,424.56,461.76
RIGHT_HIP,99,424.24,462.52
RIGHT_HIP,100,451.59,467.95
RIGHT_HIP,101,451.61,468.22
RIGHT_HIP,102,454.85,460.70
RIGHT_HIP,103,450.90,459.49
RIGHT_HIP,104,459.92,449.84
RIGHT_HIP,105,461.89,439.43
RIGHT_HIP,106,462.46,439.32
RIGHT_HIP,107,447.99,448.25
RIGHT_HIP,108,423.72,443.21
RIGHT_HIP,109,380.92,450.68
RIGHT_HIP,110,380.25,450.89
RIGHT_HIP,111,349.84,443.42
RIGHT_HIP,112,331.96,450.42
RIGHT_HIP,113,332.76,449.87
RIGHT_HIP,114,332.81,462.67
RIGHT_HIP,115,353.98,468.56
RIGHT_HIP,116,359.77,483.41
RIGHT_HIP,117,361.07,481.51
RIGHT_HIP,118,383.74,473.81
RIGHT_HIP,119,383.29,474.07
RIGHT_HIP,120,420.13,455.74
RIGHT_HIP,121,420.17,455.58
RIGHT_HIP,122,417.86,471.09
RIGHT_HIP,123,417.54,471.25
RIGHT_HIP,124,404.28,501.35
RIGHT_HIP,125,359.75,481.10
RIGHT_HIP,126,320.34,472.00
RIGHT_HIP,127,319.07,472.42
RIGHT_HIP,128,279.23,468.87
RIGHT_HIP,129,280.81,468.68
RIGHT_HIP,130,281.06,481.54
RIGHT_HIP,131,299.40,500.88
RIGHT_HIP,132,298.20,500.91
RIGHT_HIP,133,318.57,501.84
RIGHT_HIP,134,416.23,487.27
RIGHT_HIP,135,418.32,488.10
RIGHT_HIP,136,408.96,452.82
RIGHT_HIP,137,408.94,452.92
RIGHT_HIP,138,427.94,470.49
RIGHT_HIP,139,428.38,464.91
RIGHT_HIP,140,384.07,443.05
RIGHT_HIP,141,361.36,480.79
RIGHT_HIP,142,359.77,481.97
RIGHT_HIP,143,362.71,477.47
RIGHT_HIP,144,318.16,469.90
RIGHT_HIP,145,332.04,477.01
RIGHT_HIP,146,330.89,475.40
RIGHT_HIP,147,343.08,489.06
RIGHT_HIP,148,370.95,498.66
RIGHT_HIP,149,370.74,498.91
RIGHT_HIP,150,404.54,488.18
RIGHT_HIP,151,461.74,461.84
RIGHT_HIP,152,473.87,458.60
RIGHT_HIP,153,485.57,458.06
RIGHT_HIP,154,485.92,446.18
RIGHT_HIP,155,478.10,439.55
RIGHT_HIP,156,474.90,440.34
RIGHT_HIP,157,465.08,461.43
RIGHT_HIP,158,387.58,457.43
RIGHT_HIP,159,387.84,457.29
RIGHT_HIP,160,377.65,466.09
RIGHT_HIP,161,375.14,466.09
RIGHT_HIP,162,388.18,456.65
RIGHT_HIP,163,386.62,456.31
RIGHT_HIP,164,399.37,479.77
RIGHT_HIP,165,396.74,477.36
RIGHT_HIP,166,431.36,471.88
RIGHT_HIP,167,500.29,449.52
RIGHT_HIP,168,500.75,459.05
RIGHT_HIP,169,501.75,459.25
RIGHT_HIP,170,505.19,457.46
RIGHT_HIP,171,505.09,457.40
RIGHT_HIP,172,472.28,464.90
RIGHT_HIP,173,452.27,454.18
RIGHT_HIP,174,455.62,453.81
RIGHT_HIP,175,411.38,459.65
RIGHT_HIP,176,411.56,459.17
RIGHT_HIP,177,369.05,454.37
RIGHT_HIP,178,370.39,452.57
RIGHT_HIP,179,371.02,453.02
RIGHT_HIP,180,394.50,472.14
RIGHT_HIP,181,394.64,472.34
RIGHT_HIP,182,474.74,439.75
RIGHT_HIP,183,475.26,440.21
RIGHT_HIP,184,474.35,442.43
RIGHT_HIP,185,481.01,438.02
RIGHT_HIP,186,482.09,434.46
RIGHT_HIP,187,473.28,438.50
RIGHT_HIP,188,473.64,437.20
RIGHT_HIP,189,369.58,462.28
RIGHT_HIP,190,369.41,462.05
RIGHT_HIP,191,356.13,443.73
RIGHT_HIP,192,340.10,459.57
RIGHT_HIP,193,339.41,459.38
RIGHT_HIP,194,374.54,455.56
RIGHT_HIP,195,392.95,466.51
RIGHT_HIP,196,394.85,467.63
RIGHT_HIP,197,391.34,460.88
RIGHT_HIP,198,390.98,461.11
RIGHT_HIP,199,430.67,447.88
RIGHT_HIP,200,441.33,438.34
RIGHT_HIP,201,441.66,438.40
RIGHT_HIP,202,442.74,438.43
RIGHT_HIP,203,431.84,440.64
RIGHT_HIP,204,418.82,469.73
RIGHT_HIP,205,380.04,440.31
RIGHT_HIP,206,379.62,439.97
RIGHT_HIP,207,347.39,444.17
RIGHT_HIP,208,347.43,444.27
RIGHT_HIP,209,337.39,453.89
RIGHT_HIP,210,338.36,451.69
RIGHT_HIP,211,341.76,471.82
RIGHT_HIP,212,339.34,470.02
RIGHT_HIP,213,330.32,448.99
RIGHT_HIP,214,331.96,452.30
RIGHT_HIP,215,348.57,440.75
RIGHT_HIP,216,390.04,426.78
RIGHT_HIP,217,390.16,426.23
RIGHT_HIP,218,389.41,425.95
RIGHT_HIP,219,355.57,444.57
RIGHT_HIP,220,355.18,445.88
RIGHT_HIP,221,353.95,431.63
RIGHT_HIP,224,314.21,444.23
RIGHT_HIP,225,314.43,443.74
RIGHT_HIP,228,312.70,462.18
RIGHT_HIP,229,335.03,452.86
RIGHT_HIP,230,335.93,454.41
RIGHT_HIP,231,395.33,425.08
RIGHT_HIP,232,395.49,425.51
RIGHT_HIP,238,298.43,455.86
RIGHT_HIP,239,299.95,449.39
RIGHT_HIP,240,310.75,466.15
RIGHT_HIP,242,391.77,426.57
RIGHT_HIP,243,393.78,429.18
RIGHT_HIP,244,391.06,427.83
RIGHT_HIP,245,391.89,436.83
RIGHT_HIP,250,332.54,460.80
RIGHT_HIP,251,335.29,458.17
RIGHT_HIP,252,335.35,495.60
RIGHT_HIP,253,359.45,454.44
RIGHT_HIP,254,362.47,452.85
RIGHT_HIP,255,407.45,424.07
RIGHT_HIP,256,407.33,421.50
RIGHT_HIP,257,417.84,420.19
RIGHT_HIP,258,383.44,461.22
RIGHT_HIP,259,383.28,462.26
RIGHT_HIP,260,374.52,428.27
RIGHT_HIP,261,372.21,431.27
RIGHT_HIP,263,298.44,423.44
RIGHT_HIP,265,338.17,436.64
RIGHT_HIP,266,337.65,435.20
RIGHT_HIP,267,334.56,434.49
RIGHT_HIP,268,362.02,440.03
RIGHT_HIP,269,387.26,436.03
RIGHT_HIP,270,395.39,425.60
RIGHT_HIP,271,409.04,412.36
RIGHT_HIP,272,409.16,413.29
RIGHT_HIP,273,408.87,412.91
RIGHT_HIP,274,457.84,401.70
RIGHT_HIP,275,458.29,401.03
RIGHT_HIP,276,451.80,404.20
RIGHT_HIP,277,478.16,389.14
RIGHT_HIP,278,479.87,387.06
RIGHT_HIP,279,458.74,434.32
RIGHT_HIP,280,460.56,434.12
RIGHT_HIP,281,384.55,405.50
RIGHT_HIP,282,381.29,444.01
RIGHT_HIP,283,378.63,444.42
RIGHT_HIP,284,393.33,418.95
RIGHT_HIP,285,392.98,419.41
RIGHT_HIP,286,429.10,415.84
RIGHT_HIP,287,410.30,428.52
RIGHT_HIP,288,409.75,428.91
RIGHT_HIP,289,429.58,422.88
RIGHT_HIP,293,499.79,416.58
RIGHT_HIP,294,488.43,447.18
RIGHT_HIP,295,488.04,445.09
RIGHT_HIP,296,490.79,430.46
RIGHT_HIP,297,419.58,430.54
RIGHT_HIP,298,440.55,451.39
RIGHT_HIP,299,441.66,437.49
RIGHT_HIP,300,417.54,433.69
RIGHT_HIP,301,418.43,433.32
RIGHT_HIP,302,490.59,436.03
RIGHT_HIP,303,491.13,436.61
RIGHT_HIP,304,434.21,435.22
RIGHT_HIP,305,460.79,426.75
RIGHT_HIP,306,495.71,434.54
RIGHT_HIP,307,495.66,434.34
RIGHT_HIP,308,495.64,436.20
RIGHT_HIP,309,547.20,423.36
RIGHT_HIP,310,544.62,426.88
RIGHT_HIP,311,544.60,426.20
RIGHT_HIP,312,554.29,421.12
RIGHT_HIP,313,551.31,425.56
RIGHT_HIP,314,485.29,474.67
RIGHT_HIP,315,484.21,470.48
RIGHT_HIP,316,480.99,470.80
RIGHT_HIP,317,456.55,458.49
RIGHT_HIP,318,457.44,458.99
RIGHT_HIP,319,474.35,439.99
RIGHT_HIP,320,477.65,441.63
RIGHT_HIP,321,477.12,434.65
RIGHT_HIP,322,476.31,435.38
RIGHT_HIP,323,484.21,435.63
RIGHT_HIP,324,501.41,432.85
RIGHT_HIP,325,522.80,434.97
RIGHT_HIP,326,521.21,455.29
RIGHT_HIP,328,551.23,422.17
RIGHT_HIP,329,547.54,426.29
RIGHT_HIP,330,529.82,421.69
RIGHT_HIP,331,529.28,424.01
RIGHT_HIP,332,515.77,457.01
RIGHT_HIP,333,515.24,456.10
RIGHT_HIP,334,518.84,462.57
RIGHT_HIP,335,485.75,450.16
RIGHT_HIP,336,444.61,461.85
RIGHT_HIP,337,444.28,462.15
RIGHT_HIP,338,443.69,458.94
RIGHT_HIP,339,461.43,453.31
RIGHT_HIP,340,462.62,452.58
RIGHT_HIP,341,470.90,457.91
RIGHT_HIP,342,478.06,462.74
RIGHT_HIP,343,480.04,463.35
RIGHT_HIP,344,463.98,463.82
RIGHT_HIP,345,463.25,463.99
RIGHT_HIP,346,461.91,464.03
RIGHT_HIP,347,466.98,466.35
RIGHT_HIP,348,459.58,465.40
RIGHT_HIP,349,450.33,471.84
RIGHT_HIP,350,459.47,472.89
RIGHT_HIP,351,459.64,473.00
RIGHT_HIP,352,459.39,463.91
RIGHT_HIP,353,472.45,473.93
RIGHT_HIP,354,509.24,492.47
RIGHT_HIP,355,508.92,493.64
RIGHT_HIP,356,528.08,495.46
RIGHT_HIP,357,544.05,487.05
RIGHT_HIP,358,545.76,488.68
RIGHT_HIP,359,544.40,483.03
RIGHT_HIP,360,527.16,487.61
RIGHT_HIP,361,527.63,487.01
RIGHT_HIP,362,527.08,485.76
RIGHT_HIP,363,505.96,494.57
RIGHT_HIP,364,505.84,494.50
RIGHT_HIP,365,498.01,496.11
RIGHT_HIP,366,481.21,502.76
RIGHT_HIP,367,481.20,502.95
RIGHT_HIP,368,473.55,497.11
RIGHT_HIP,369,464.26,493.10
RIGHT_HIP,370,464.20,492.85
RIGHT_HIP,371,450.61,482.66
RIGHT_HIP,372,450.68,482.63
RIGHT_HIP,373,441.32,476.74
RIGHT_HIP,374,429.59,473.63
RIGHT_HIP,375,418.80,469.16
RIGHT_HIP,376,419.13,468.69
RIGHT_HIP,377,409.96,466.01
RIGHT_HIP,378,398.98,461.67
RIGHT_HIP,379,399.13,461.39
RIGHT_HIP,380,388.82,457.96
RIGHT_HIP,381,378.96,457.27
RIGHT_HIP,382,368.35,455.58
RIGHT_HIP,383,368.00,455.76
RIGHT_HIP,384,359.70,451.92
RIGHT_HIP,385,349.26,450.62
RIGHT_HIP,386,338.90,453.15
RIGHT_HIP,387,330.34,451.78
RIGHT_HIP,388,320.78,454.63
RIGHT_HIP,389,320.31,454.68
RIGHT_HIP,390,311.95,451.84
RIGHT_HIP,391,305.17,448.75
RIGHT_HIP,392,293.39,460.78
RIGHT_HIP,393,281.50,464.45
RIGHT_HIP,394,278.58,475.58
RIGHT_HIP,395,279.06,475.49
RIGHT_HIP,396,267.39,483.09
RIGHT_HIP,397,257.24,490.98
RIGHT_HIP,398,251.86,504.41
RIGHT_HIP,399,251.74,503.49
RIGHT_HIP,400,245.85,510.89
RIGHT_HIP,401,236.88,527.79
RIGHT_HIP,402,233.92,533.78
RIGHT_HIP,403,233.80,534.57
RIGHT_HIP,404,224.12,536.65
RIGHT_HIP,405,225.56,536.65
RIGHT_HIP,406,232.30,539.62
RIGHT_HIP,407,235.57,534.47
RIGHT_HIP,408,238.60,534.80
RIGHT_HIP,409,240.89,533.06
RIGHT_HIP,410,241.23,528.68
RIGHT_HIP,411,241.20,540.22
RIGHT_HIP,412,241.13,538.05
RIGHT_HIP,413,242.23,532.85
RIGHT_HIP,414,250.83,522.82
RIGHT_HIP,415,251.21,522.90
RIGHT_HIP,416,254.76,516.93
RIGHT_HIP,417,261.52,521.81
RIGHT_HIP,418,259.55,521.27
RIGHT_HIP,419,259.56,519.99
RIGHT_HIP,420,256.47,515.37
RIGHT_HIP,421,258.51,510.31
RIGHT_HIP,422,266.38,502.78
RIGHT_HIP,423,265.77,495.89
RIGHT_HIP,424,269.70,495.75
RIGHT_HIP,425,274.19,485.47
RIGHT_HIP,426,274.31,474.73
RIGHT_HIP,427,273.99,475.17
RIGHT_HIP,428,274.16,475.90
RIGHT_HIP,429,279.00,463.32
RIGHT_HIP,430,284.27,460.50
RIGHT_HIP,431,284.11,460.22
RIGHT_HIP,432,292.34,451.75
LEFT_KNEE,0,418.04,574.66
LEFT_KNEE,1,400.10,588.62
LEFT_KNEE,2,399.41,587.92
LEFT_KNEE,3,380.41,596.36
LEFT_KNEE,4,380.15,596.29
LEFT_KNEE,5,364.32,606.13
LEFT_KNEE,6,576.52,635.01
LEFT_KNEE,7,576.73,635.68
LEFT_KNEE,8,313.98,628.80
LEFT_KNEE,9,306.39,639.39
LEFT_KNEE,10,498.55,616.66
LEFT_KNEE,11,501.22,617.37
LEFT_KNEE,12,315.86,657.21
LEFT_KNEE,13,315.77,657.52
LEFT_KNEE,14,336.03,666.08
LEFT_KNEE,15,344.68,658.25
LEFT_KNEE,16,382.39,666.40
LEFT_KNEE,17,382.44,665.27
LEFT_KNEE,18,285.81,559.79
LEFT_KNEE,19,429.08,639.22
LEFT_KNEE,20,456.19,635.88
LEFT_KNEE,21,467.60,619.82
LEFT_KNEE,22,467.68,619.68
LEFT_KNEE,23,467.29,608.21
LEFT_KNEE,24,469.70,596.78
LEFT_KNEE,25,467.39,589.05
LEFT_KNEE,27,406.47,429.61
LEFT_KNEE,29,560.76,426.69
LEFT_KNEE,30,519.51,593.43
LEFT_KNEE,31,519.70,593.56
LEFT_KNEE,32,541.16,593.40
LEFT_KNEE,33,562.61,604.19
LEFT_KNEE,34,584.10,596.06
LEFT_KNEE,35,584.96,598.14
LEFT_KNEE,36,592.98,593.00
LEFT_KNEE,37,600.68,605.81
LEFT_KNEE,38,593.00,603.71
LEFT_KNEE,39,592.74,605.09
LEFT_KNEE,40,584.19,600.21
LEFT_KNEE,41,564.39,617.11
LEFT_KNEE,42,524.20,610.07
LEFT_KNEE,43,523.98,610.57
LEFT_KNEE,44,514.88,610.50
LEFT_KNEE,45,503.89,611.93
LEFT_KNEE,46,503.92,611.97
LEFT_KNEE,47,484.12,620.99
LEFT_KNEE,48,467.63,631.01
LEFT_KNEE,49,467.45,630.97
LEFT_KNEE,50,443.26,633.65
LEFT_KNEE,51,416.97,646.79
LEFT_KNEE,52,389.16,641.88
LEFT_KNEE,53,388.96,641.43
LEFT_KNEE,54,376.60,637.24
LEFT_KNEE,55,383.55,648.48
LEFT_KNEE,56,383.21,648.15
LEFT_KNEE,57,413.42,645.86
LEFT_KNEE,58,451.51,647.30
LEFT_KNEE,59,451.38,645.87
LEFT_KNEE,60,496.94,641.98
LEFT_KNEE,61,530.36,633.75
LEFT_KNEE,62,542.81,647.20
LEFT_KNEE,63,555.81,648.46
LEFT_KNEE,64,555.29,593.58
LEFT_KNEE,65,542.70,625.31
LEFT_KNEE,66,504.79,635.47
LEFT_KNEE,67,478.78,625.84
LEFT_KNEE,68,471.51,617.22
LEFT_KNEE,69,471.91,617.75
LEFT_KNEE,70,502.43,607.80
LEFT_KNEE,71,502.94,608.16
LEFT_KNEE,72,540.85,609.25
LEFT_KNEE,73,475.90,541.85
LEFT_KNEE,74,600.52,609.69
LEFT_KNEE,75,600.09,611.50
LEFT_KNEE,76,587.16,598.72
LEFT_KNEE,77,554.45,587.61
LEFT_KNEE,78,509.73,601.68
LEFT_KNEE,79,509.15,602.31
LEFT_KNEE,80,462.33,600.74
LEFT_KNEE,81,441.81,604.01
LEFT_KNEE,82,441.88,603.86
LEFT_KNEE,83,442.54,608.01
LEFT_KNEE,84,483.51,573.61
LEFT_KNEE,85,480.28,576.58
LEFT_KNEE,86,458.31,494.32
LEFT_KNEE,87,549.91,632.37
LEFT_KNEE,88,550.24,632.05
LEFT_KNEE,89,563.66,632.31
LEFT_KNEE,90,552.32,623.68
LEFT_KNEE,91,552.69,623.04
LEFT_KNEE,92,515.07,614.21
LEFT_KNEE,93,506.68,607.20
LEFT_KNEE,94,463.46,637.88
LEFT_KNEE,95,463.33,638.12
LEFT_KNEE,96,433.13,625.20
LEFT_KNEE,97,422.97,625.56
LEFT_KNEE,98,421.44,629.62
LEFT_KNEE,99,422.02,630.87
LEFT_KNEE,100,451.29,638.02
LEFT_KNEE,101,451.29,638.20
LEFT_KNEE,102,471.00,641.64
LEFT_KNEE,103,483.43,634.30
LEFT_KNEE,104,486.29,638.74
LEFT_KNEE,105,477.23,632.46
LEFT_KNEE,106,477.68,631.42
LEFT_KNEE,107,459.51,626.72
LEFT_KNEE,108,440.92,610.40
LEFT_KNEE,109,360.74,635.68
LEFT_KNEE,110,361.26,635.13
LEFT_KNEE,111,330.37,622.70
LEFT_KNEE,112,320.96,624.36
LEFT_KNEE,113,320.93,624.49
LEFT_KNEE,114,327.79,627.91
LEFT_KNEE,115,350.86,643.97
LEFT_KNEE,116,387.64,642.22
LEFT_KNEE,117,386.66,640.34
LEFT_KNEE,118,424.51,643.28
LEFT_KNEE,119,424.15,643.63
LEFT_KNEE,120,427.28,636.24
LEFT_KNEE,121,426.83,636.15
LEFT_KNEE,122,393.77,627.28
LEFT_KNEE,123,394.63,627.73
LEFT_KNEE,124,349.38,622.99
LEFT_KNEE,125,371.74,619.01
LEFT_KNEE,126,284.86,640.61
LEFT_KNEE,127,285.23,642.11
LEFT_KNEE,128,278.64,640.32
LEFT_KNEE,129,278.85,640.34
LEFT_KNEE,130,379.48,620.44
LEFT_KNEE,131,335.76,655.72
LEFT_KNEE,132,335.16,653.22
LEFT_KNEE,133,353.06,639.91
LEFT_KNEE,134,319.60,637.34
LEFT_KNEE,135,308.52,633.76
LEFT_KNEE,136,412.25,638.54
LEFT_KNEE,137,412.27,638.57
LEFT_KNEE,138,386.45,632.48
LEFT_KNEE,139,376.28,629.11
LEFT_KNEE,140,385.85,630.22
LEFT_KNEE,141,334.16,637.79
LEFT_KNEE,142,333.48,636.26
LEFT_KNEE,143,332.46,636.86
LEFT_KNEE,144,336.62,639.21
LEFT_KNEE,145,366.85,648.45
LEFT_KNEE,146,367.54,648.46
LEFT_KNEE,147,392.79,639.37
LEFT_KNEE,148,420.76,640.57
LEFT_KNEE,149,421.33,640.99
LEFT_KNEE,150,452.19,639.58
LEFT_KNEE,151,466.82,638.14
LEFT_KNEE,152,486.59,632.65
LEFT_KNEE,153,476.01,626.46
LEFT_KNEE,154,458.00,624.79
LEFT_KNEE,155,440.92,616.75
LEFT_KNEE,156,439.07,620.36
LEFT_KNEE,157,411.92,622.79
LEFT_KNEE,158,393.46,628.02
LEFT_KNEE,159,392.83,627.53
LEFT_KNEE,160,395.10,621.78
LEFT_KNEE,161,398.76,616.81
LEFT_KNEE,162,425.85,632.55
LEFT_KNEE,163,424.45,633.10
LEFT_KNEE,164,446.37,629.02
LEFT_KNEE,165,445.94,627.73
LEFT_KNEE,166,454.05,621.86
LEFT_KNEE,167,491.45,630.83
LEFT_KNEE,168,491.05,619.68
LEFT_KNEE,169,490.80,619.76
LEFT_KNEE,170,474.85,624.78
LEFT_KNEE,171,474.99,623.87
LEFT_KNEE,172,441.47,625.25
LEFT_KNEE,173,410.48,617.07
LEFT_KNEE,174,413.56,618.01
LEFT_KNEE,175,393.25,616.17
LEFT_KNEE,176,392.76,616.19
LEFT_KNEE,177,390.84,564.73
LEFT_KNEE,178,407.87,631.92
LEFT_KNEE,179,408.18,632.13
LEFT_KNEE,180,436.96,632.37
LEFT_KNEE,181,436.97,632.51
LEFT_KNEE,182,482.21,620.97
LEFT_KNEE,183,482.28,620.68
LEFT_KNEE,184,480.08,623.34
LEFT_KNEE,185,483.54,621.19
LEFT_KNEE,186,466.81,610.17
LEFT_KNEE,187,442.36,602.96
LEFT_KNEE,188,442.37,602.45
LEFT_KNEE,189,496.10,604.81
LEFT_KNEE,190,493.54,604.67
LEFT_KNEE,191,479.98,570.60
LEFT_KNEE,192,460.13,572.22
LEFT_KNEE,193,460.74,572.64
LEFT_KNEE,194,373.28,620.74
LEFT_KNEE,195,387.16,627.61
LEFT_KNEE,196,386.87,623.89
LEFT_KNEE,197,428.11,630.55
LEFT_KNEE,198,427.89,630.89
LEFT_KNEE,199,443.18,630.26
LEFT_KNEE,200,441.89,621.34
LEFT_KNEE,201,441.93,621.41
LEFT_KNEE,202,444.65,621.93
LEFT_KNEE,203,421.30,618.55
LEFT_KNEE,204,401.16,621.24
LEFT_KNEE,205,345.69,623.22
LEFT_KNEE,206,345.28,622.24
LEFT_KNEE,207,337.05,537.99
LEFT_KNEE,208,338.53,538.60
LEFT_KNEE,209,461.28,530.41
LEFT_KNEE,210,460.88,531.39
LEFT_KNEE,211,353.18,629.60
LEFT_KNEE,212,352.57,629.86
LEFT_KNEE,213,371.64,625.49
LEFT_KNEE,214,371.70,626.71
LEFT_KNEE,215,385.87,626.30
LEFT_KNEE,216,384.66,625.95
LEFT_KNEE,217,384.16,626.09
LEFT_KNEE,218,384.82,624.56
LEFT_KNEE,219,348.63,623.47
LEFT_KNEE,220,348.75,624.84
LEFT_KNEE,221,309.85,628.37
LEFT_KNEE,224,504.21,480.42
LEFT_KNEE,225,502.82,488.45
LEFT_KNEE,228,371.27,641.83
LEFT_KNEE,229,389.40,646.04
LEFT_KNEE,230,388.57,647.84
LEFT_KNEE,231,376.71,632.66
LEFT_KNEE,232,376.65,633.97
LEFT_KNEE,238,459.10,498.32
LEFT_KNEE,239,460.12,500.64
LEFT_KNEE,240,363.61,642.32
LEFT_KNEE,242,388.06,635.51
LEFT_KNEE,243,387.74,635.36
LEFT_KNEE,244,388.62,635.16
LEFT_KNEE,245,376.97,636.16
LEFT_KNEE,250,477.51,499.93
LEFT_KNEE,251,327.32,647.98
LEFT_KNEE,252,417.14,412.87
LEFT_KNEE,253,387.53,644.06
LEFT_KNEE,254,387.31,643.95
LEFT_KNEE,255,397.67,634.10
LEFT_KNEE,256,396.16,636.64
LEFT_KNEE,257,396.45,637.05
LEFT_KNEE,258,355.04,645.96
LEFT_KNEE,259,354.81,645.78
LEFT_KNEE,260,337.70,652.40
LEFT_KNEE,261,335.71,644.61
LEFT_KNEE,263,337.47,638.64
LEFT_KNEE,265,377.33,641.82
LEFT_KNEE,266,376.90,641.56
LEFT_KNEE,267,377.40,641.91
LEFT_KNEE,268,391.22,637.19
LEFT_KNEE,269,397.10,643.43
LEFT_KNEE,270,396.57,630.53
LEFT_KNEE,271,383.79,623.19
LEFT_KNEE,272,384.03,622.10
LEFT_KNEE,273,384.08,621.52
LEFT_KNEE,274,390.73,618.04
LEFT_KNEE,275,391.19,617.39
LEFT_KNEE,276,408.97,620.84
LEFT_KNEE,277,445.31,620.66
LEFT_KNEE,278,444.76,624.23
LEFT_KNEE,279,573.77,285.54
LEFT_KNEE,280,572.86,279.77
LEFT_KNEE,281,461.35,619.87
LEFT_KNEE,282,450.66,625.01
LEFT_KNEE,283,451.72,625.34
LEFT_KNEE,284,435.21,624.54
LEFT_KNEE,285,435.04,624.26
LEFT_KNEE,286,421.70,626.31
LEFT_KNEE,287,404.19,638.72
LEFT_KNEE,288,403.60,638.81
LEFT_KNEE,289,400.72,632.73
LEFT_KNEE,293,439.34,640.98
LEFT_KNEE,294,604.18,288.14
LEFT_KNEE,295,604.61,288.15
LEFT_KNEE,296,495.97,627.93
LEFT_KNEE,297,546.36,309.75
LEFT_KNEE,298,506.08,580.44
LEFT_KNEE,299,501.30,637.51
LEFT_KNEE,300,477.40,649.77
LEFT_KNEE,301,476.88,648.24
LEFT_KNEE,302,459.09,649.50
LEFT_KNEE,303,458.98,650.54
LEFT_KNEE,304,439.94,652.15
LEFT_KNEE,305,437.22,646.27
LEFT_KNEE,306,439.60,653.50
LEFT_KNEE,307,439.06,654.28
LEFT_KNEE,308,439.46,654.38
LEFT_KNEE,309,477.77,650.79
LEFT_KNEE,310,503.69,659.11
LEFT_KNEE,311,504.97,658.14
LEFT_KNEE,312,522.10,653.94
LEFT_KNEE,313,543.63,644.54
LEFT_KNEE,314,572.52,253.40
LEFT_KNEE,315,576.46,251.13
LEFT_KNEE,316,577.90,252.54
LEFT_KNEE,317,543.98,647.87
LEFT_KNEE,318,543.69,649.66
LEFT_KNEE,319,524.64,651.72
LEFT_KNEE,320,526.96,645.81
LEFT_KNEE,321,487.20,654.17
LEFT_KNEE,322,487.22,654.02
LEFT_KNEE,323,474.54,655.01
LEFT_KNEE,324,469.36,650.54
LEFT_KNEE,325,467.59,654.05
LEFT_KNEE,326,432.73,450.49
LEFT_KNEE,328,489.33,646.89
LEFT_KNEE,329,506.70,657.53
LEFT_KNEE,330,525.96,649.84
LEFT_KNEE,331,526.53,650.75
LEFT_KNEE,332,602.95,308.57
LEFT_KNEE,333,602.96,309.10
LEFT_KNEE,334,602.91,308.42
LEFT_KNEE,335,530.34,638.58
LEFT_KNEE,336,526.13,647.61
LEFT_KNEE,337,525.88,648.48
LEFT_KNEE,338,515.58,651.35
LEFT_KNEE,339,508.16,650.20
LEFT_KNEE,340,508.20,650.27
LEFT_KNEE,341,498.06,658.04
LEFT_KNEE,342,491.44,658.95
LEFT_KNEE,343,482.21,662.63
LEFT_KNEE,344,467.66,656.17
LEFT_KNEE,345,467.51,656.75
LEFT_KNEE,346,468.03,656.67
LEFT_KNEE,347,462.01,649.38
LEFT_KNEE,348,450.61,641.75
LEFT_KNEE,349,452.44,647.67
LEFT_KNEE,350,441.14,648.31
LEFT_KNEE,351,441.15,648.29
LEFT_KNEE,352,430.37,652.87
LEFT_KNEE,353,429.79,653.35
LEFT_KNEE,354,439.23,666.42
LEFT_KNEE,355,439.70,666.96
LEFT_KNEE,356,443.80,666.25
LEFT_KNEE,357,446.52,659.82
LEFT_KNEE,358,447.09,660.54
LEFT_KNEE,359,458.93,662.36
LEFT_KNEE,360,495.56,666.49
LEFT_KNEE,361,494.86,666.84
LEFT_KNEE,362,495.45,666.96
LEFT_KNEE,363,530.13,670.32
LEFT_KNEE,364,529.97,670.66
LEFT_KNEE,365,544.41,671.95
LEFT_KNEE,366,564.05,667.77
LEFT_KNEE,367,563.81,668.39
LEFT_KNEE,368,569.13,662.78
LEFT_KNEE,369,563.84,663.16
LEFT_KNEE,370,563.74,663.28
LEFT_KNEE,371,549.79,657.85
LEFT_KNEE,372,549.79,657.81
LEFT_KNEE,373,537.79,651.83
LEFT_KNEE,374,523.61,653.16
LEFT_KNEE,375,506.30,649.78
LEFT_KNEE,376,506.82,651.64
LEFT_KNEE,377,491.39,649.80
LEFT_KNEE,378,479.56,639.29
LEFT_KNEE,379,479.24,640.07
LEFT_KNEE,380,466.41,638.47
LEFT_KNEE,381,454.55,639.16
LEFT_KNEE,382,442.76,639.86
LEFT_KNEE,383,443.13,639.87
LEFT_KNEE,384,430.77,636.55
LEFT_KNEE,385,418.51,635.27
LEFT_KNEE,386,411.12,635.56
LEFT_KNEE,387,401.18,636.73
LEFT_KNEE,388,390.78,636.74
LEFT_KNEE,389,390.88,637.24
LEFT_KNEE,390,384.93,634.44
LEFT_KNEE,391,380.38,636.58
LEFT_KNEE,392,378.72,641.02
LEFT_KNEE,393,375.87,641.47
LEFT_KNEE,394,375.40,635.61
LEFT_KNEE,395,375.42,636.74
LEFT_KNEE,396,373.11,639.86
LEFT_KNEE,397,370.06,641.47
LEFT_KNEE,398,365.87,643.75
LEFT_KNEE,399,365.65,644.67
LEFT_KNEE,400,364.05,644.29
LEFT_KNEE,401,362.13,649.44
LEFT_KNEE,402,363.00,648.57
LEFT_KNEE,403,363.03,648.53
LEFT_KNEE,404,367.69,644.92
LEFT_KNEE,405,367.70,645.62
LEFT_KNEE,406,369.10,642.30
LEFT_KNEE,407,372.84,643.22
LEFT_KNEE,408,371.54,642.32
LEFT_KNEE,409,372.80,644.93
LEFT_KNEE,410,371.96,641.04
LEFT_KNEE,411,374.54,643.10
LEFT_KNEE,412,375.26,643.42
LEFT_KNEE,413,377.08,641.46
LEFT_KNEE,414,378.73,639.61
LEFT_KNEE,415,378.49,640.69
LEFT_KNEE,416,382.18,639.14
LEFT_KNEE,417,386.42,636.72
LEFT_KNEE,418,388.50,634.14
LEFT_KNEE,419,388.02,634.56
LEFT_KNEE,420,387.17,635.83
LEFT_KNEE,421,388.37,633.82
LEFT_KNEE,422,385.21,637.27
LEFT_KNEE,423,385.23,631.33
LEFT_KNEE,424,383.47,631.00
LEFT_KNEE,425,380.92,635.12
LEFT_KNEE,426,381.71,627.86
LEFT_KNEE,427,383.19,626.83
LEFT_KNEE,428,383.02,627.15
LEFT_KNEE,429,381.87,628.78
LEFT_KNEE,430,382.53,627.68
LEFT_KNEE,431,382.65,627.26
LEFT_KNEE,432,381.26,628.22
RIGHT_KNEE,0,546.45,596.79
RIGHT_KNEE,1,574.92,622.49
RIGHT_KNEE,2,575.42,622.61
RIGHT_KNEE,3,586.96,628.27
RIGHT_KNEE,4,586.91,628.25
RIGHT_KNEE,5,591.02,629.00
RIGHT_KNEE,6,326.49,622.56
RIGHT_KNEE,7,326.69,623.02
RIGHT_KNEE,8,558.73,627.03
RIGHT_KNEE,9,532.55,622.26
RIGHT_KNEE,10,302.71,641.21
RIGHT_KNEE,11,302.94,641.53
RIGHT_KNEE,12,391.14,625.47
RIGHT_KNEE,13,398.23,618.85
RIGHT_KNEE,14,366.55,621.73
RIGHT_KNEE,15,345.63,645.05
RIGHT_KNEE,16,306.90,586.65
RIGHT_KNEE,17,309.69,585.68
RIGHT_KNEE,18,408.82,659.00
RIGHT_KNEE,19,345.63,597.04
RIGHT_KNEE,20,282.70,518.68
RIGHT_KNEE,21,297.10,492.07
RIGHT_KNEE,22,296.92,492.27
RIGHT_KNEE,23,328.61,462.57
RIGHT_KNEE,24,389.14,432.20
RIGHT_KNEE,25,472.11,401.20
RIGHT_KNEE,27,469.59,601.95
RIGHT_KNEE,29,499.21,557.08
RIGHT_KNEE,30,691.26,354.46
RIGHT_KNEE,31,691.14,354.58
RIGHT_KNEE,32,717.14,350.87
RIGHT_KNEE,33,733.44,349.12
RIGHT_KNEE,34,735.02,348.09
RIGHT_KNEE,35,735.76,347.53
RIGHT_KNEE,36,731.30,337.01
RIGHT_KNEE,37,700.23,337.19
RIGHT_KNEE,38,662.42,341.85
RIGHT_KNEE,39,661.77,343.07
RIGHT_KNEE,40,457.35,339.74
RIGHT_KNEE,41,459.08,428.30
RIGHT_KNEE,42,321.71,415.44
RIGHT_KNEE,43,321.24,415.30
RIGHT_KNEE,44,277.11,438.82
RIGHT_KNEE,45,259.32,457.47
RIGHT_KNEE,46,258.79,457.47
RIGHT_KNEE,47,310.52,495.14
RIGHT_KNEE,48,422.15,520.74
RIGHT_KNEE,49,422.54,522.95
RIGHT_KNEE,50,472.57,529.24
RIGHT_KNEE,51,547.75,520.58
RIGHT_KNEE,52,586.75,514.35
RIGHT_KNEE,53,587.05,514.38
RIGHT_KNEE,54,604.00,517.16
RIGHT_KNEE,55,546.14,488.11
RIGHT_KNEE,56,551.82,490.99
RIGHT_KNEE,57,470.26,453.22
RIGHT_KNEE,58,381.42,479.16
RIGHT_KNEE,59,380.22,478.58
RIGHT_KNEE,60,350.37,480.72
RIGHT_KNEE,61,347.11,483.87
RIGHT_KNEE,62,379.13,493.95
RIGHT_KNEE,63,448.83,515.97
RIGHT_KNEE,64,530.04,608.67
RIGHT_KNEE,65,506.67,579.73
RIGHT_KNEE,66,626.42,506.76
RIGHT_KNEE,67,662.15,494.30
RIGHT_KNEE,68,673.00,488.77
RIGHT_KNEE,69,671.06,489.05
RIGHT_KNEE,70,569.37,482.69
RIGHT_KNEE,71,567.76,480.21
RIGHT_KNEE,72,487.79,525.45
RIGHT_KNEE,73,574.77,611.25
RIGHT_KNEE,74,414.63,519.43
RIGHT_KNEE,75,414.89,519.27
RIGHT_KNEE,76,456.72,518.75
RIGHT_KNEE,77,501.11,531.67
RIGHT_KNEE,78,577.63,530.52
RIGHT_KNEE,79,578.24,531.04
RIGHT_KNEE,80,624.00,525.56
RIGHT_KNEE,81,620.13,511.04
RIGHT_KNEE,82,620.50,511.30
RIGHT_KNEE,83,618.85,512.33
RIGHT_KNEE,84,501.59,616.68
RIGHT_KNEE,85,501.80,616.79
RIGHT_KNEE,86,523.94,625.33
RIGHT_KNEE,87,385.14,540.43
RIGHT_KNEE,88,384.05,541.24
RIGHT_KNEE,89,379.05,547.83
RIGHT_KNEE,90,411.31,556.31
RIGHT_KNEE,91,412.17,555.44
RIGHT_KNEE,92,491.11,576.03
RIGHT_KNEE,93,496.10,587.68
RIGHT_KNEE,94,597.10,538.18
RIGHT_KNEE,95,597.38,538.83
RIGHT_KNEE,96,615.35,522.12
RIGHT_KNEE,97,603.60,519.81
RIGHT_KNEE,98,562.49,520.57
RIGHT_KNEE,99,565.56,521.16
RIGHT_KNEE,100,369.89,531.20
RIGHT_KNEE,101,368.69,530.83
RIGHT_KNEE,102,351.98,532.56
RIGHT_KNEE,103,317.32,534.36
RIGHT_KNEE,104,301.60,540.61
RIGHT_KNEE,105,312.86,546.69
RIGHT_KNEE,106,310.79,546.22
RIGHT_KNEE,107,339.18,562.63
RIGHT_KNEE,108,403.84,602.26
RIGHT_KNEE,109,500.33,540.64
RIGHT_KNEE,110,501.16,541.95
RIGHT_KNEE,111,518.53,548.21
RIGHT_KNEE,112,503.64,540.63
RIGHT_KNEE,113,503.71,540.39
RIGHT_KNEE,114,468.13,544.62
RIGHT_KNEE,115,392.00,552.69
RIGHT_KNEE,116,358.57,594.74
RIGHT_KNEE,117,371.38,616.99
RIGHT_KNEE,118,269.60,580.36
RIGHT_KNEE,119,268.76,580.79
RIGHT_KNEE,120,277.94,586.89
RIGHT_KNEE,121,278.14,587.05
RIGHT_KNEE,122,338.85,610.39
RIGHT_KNEE,123,336.02,609.46
RIGHT_KNEE,124,364.37,637.89
RIGHT_KNEE,125,351.80,632.40
RIGHT_KNEE,126,421.52,609.78
RIGHT_KNEE,127,420.91,607.87
RIGHT_KNEE,128,395.53,616.12
RIGHT_KNEE,129,396.32,615.30
RIGHT_KNEE,130,302.60,651.22
RIGHT_KNEE,131,333.16,636.94
RIGHT_KNEE,132,330.29,632.94
RIGHT_KNEE,133,322.02,629.97
RIGHT_KNEE,134,385.73,640.13
RIGHT_KNEE,135,387.16,641.59
RIGHT_KNEE,136,314.83,618.37
RIGHT_KNEE,137,314.79,618.35
RIGHT_KNEE,138,370.21,630.26
RIGHT_KNEE,139,381.83,637.44
RIGHT_KNEE,140,377.74,638.45
RIGHT_KNEE,141,436.61,622.96
RIGHT_KNEE,142,436.92,621.40
RIGHT_KNEE,143,435.47,622.79
RIGHT_KNEE,144,403.76,627.00
RIGHT_KNEE,145,407.71,617.23
RIGHT_KNEE,146,406.81,617.30
RIGHT_KNEE,147,392.81,620.72
RIGHT_KNEE,148,371.98,621.15
RIGHT_KNEE,149,368.78,625.12
RIGHT_KNEE,150,363.37,628.59
RIGHT_KNEE,151,374.38,613.45
RIGHT_KNEE,152,388.45,617.64
RIGHT_KNEE,153,413.83,621.81
RIGHT_KNEE,154,434.78,624.48
RIGHT_KNEE,155,439.29,630.35
RIGHT_KNEE,156,439.02,630.91
RIGHT_KNEE,157,463.26,623.68
RIGHT_KNEE,158,451.87,610.39
RIGHT_KNEE,159,452.71,609.96
RIGHT_KNEE,160,419.67,627.70
RIGHT_KNEE,161,417.91,628.37
RIGHT_KNEE,162,444.95,614.32
RIGHT_KNEE,163,446.76,614.02
RIGHT_KNEE,164,417.29,615.77
RIGHT_KNEE,165,422.09,618.21
RIGHT_KNEE,166,418.58,605.66
RIGHT_KNEE,167,411.58,609.88
RIGHT_KNEE,168,420.14,604.57
RIGHT_KNEE,169,424.13,605.81
RIGHT_KNEE,170,449.66,623.14
RIGHT_KNEE,171,449.52,622.49
RIGHT_KNEE,172,456.41,627.06
RIGHT_KNEE,173,468.68,614.21
RIGHT_KNEE,174,470.25,617.74
RIGHT_KNEE,175,475.27,592.77
RIGHT_KNEE,176,474.79,592.83
RIGHT_KNEE,177,410.03,622.33
RIGHT_KNEE,178,428.55,611.52
RIGHT_KNEE,179,428.89,611.99
RIGHT_KNEE,180,375.21,616.91
RIGHT_KNEE,181,375.31,616.81
RIGHT_KNEE,182,364.73,601.27
RIGHT_KNEE,183,365.12,601.20
RIGHT_KNEE,184,362.75,602.02
RIGHT_KNEE,185,378.62,606.61
RIGHT_KNEE,186,404.79,601.75
RIGHT_KNEE,187,443.74,611.46
RIGHT_KNEE,188,443.54,610.92
RIGHT_KNEE,189,387.73,622.32
RIGHT_KNEE,190,383.16,623.20
RIGHT_KNEE,191,400.88,598.22
RIGHT_KNEE,192,375.24,626.09
RIGHT_KNEE,193,371.96,623.86
RIGHT_KNEE,194,411.29,600.18
RIGHT_KNEE,195,443.52,546.67
RIGHT_KNEE,196,435.27,549.00
RIGHT_KNEE,197,323.26,604.82
RIGHT_KNEE,198,323.33,605.10
RIGHT_KNEE,199,317.64,596.56
RIGHT_KNEE,200,330.66,592.24
RIGHT_KNEE,201,331.07,592.01
RIGHT_KNEE,202,330.52,591.24
RIGHT_KNEE,203,370.66,594.79
RIGHT_KNEE,204,399.05,619.36
RIGHT_KNEE,205,469.55,576.84
RIGHT_KNEE,206,469.43,575.26
RIGHT_KNEE,207,402.07,602.45
RIGHT_KNEE,208,403.04,601.50
RIGHT_KNEE,209,341.85,627.41
RIGHT_KNEE,210,340.82,626.94
RIGHT_KNEE,211,351.66,624.65
RIGHT_KNEE,212,333.56,588.17
RIGHT_KNEE,213,293.46,479.64
RIGHT_KNEE,214,292.04,476.34
RIGHT_KNEE,215,231.55,498.42
RIGHT_KNEE,216,196.70,483.84
RIGHT_KNEE,217,197.08,483.78
RIGHT_KNEE,218,197.60,484.00
RIGHT_KNEE,219,267.13,410.74
RIGHT_KNEE,220,263.97,410.89
RIGHT_KNEE,221,463.62,479.24
RIGHT_KNEE,224,316.70,628.44
RIGHT_KNEE,225,316.96,628.46
RIGHT_KNEE,228,338.56,390.64
RIGHT_KNEE,229,210.21,468.93
RIGHT_KNEE,230,210.68,468.71
RIGHT_KNEE,231,250.78,432.48
RIGHT_KNEE,232,249.99,430.89
RIGHT_KNEE,238,315.61,630.76
RIGHT_KNEE,239,315.57,634.76
RIGHT_KNEE,240,296.04,427.37
RIGHT_KNEE,242,258.18,422.41
RIGHT_KNEE,243,260.79,420.92
RIGHT_KNEE,244,261.08,423.82
RIGHT_KNEE,245,262.56,423.83
RIGHT_KNEE,250,314.14,628.60
RIGHT_KNEE,251,478.73,480.88
RIGHT_KNEE,252,325.67,640.80
RIGHT_KNEE,253,240.70,453.58
RIGHT_KNEE,254,240.32,454.04
RIGHT_KNEE,255,273.35,395.80
RIGHT_KNEE,256,267.70,396.57
RIGHT_KNEE,257,281.76,422.99
RIGHT_KNEE,258,360.00,357.84
RIGHT_KNEE,259,366.75,355.67
RIGHT_KNEE,260,467.74,465.41
RIGHT_KNEE,261,461.56,463.08
RIGHT_KNEE,263,433.03,446.49
RIGHT_KNEE,265,355.68,315.31
RIGHT_KNEE,266,358.53,304.35
RIGHT_KNEE,267,354.04,304.35
RIGHT_KNEE,268,226.73,387.20
RIGHT_KNEE,269,265.61,354.30
RIGHT_KNEE,270,206.25,360.91
RIGHT_KNEE,271,298.35,319.66
RIGHT_KNEE,272,298.06,318.44
RIGHT_KNEE,273,297.83,316.78
RIGHT_KNEE,274,440.08,255.29
RIGHT_KNEE,275,437.84,253.94
RIGHT_KNEE,276,543.68,290.59
RIGHT_KNEE,277,606.79,282.33
RIGHT_KNEE,278,603.04,279.33
RIGHT_KNEE,279,457.92,620.04
RIGHT_KNEE,280,457.82,623.95
RIGHT_KNEE,281,462.42,258.78
RIGHT_KNEE,282,375.03,335.73
RIGHT_KNEE,283,361.24,380.47
RIGHT_KNEE,284,366.94,237.26
RIGHT_KNEE,285,367.81,236.79
RIGHT_KNEE,286,322.93,245.32
RIGHT_KNEE,287,309.06,259.50
RIGHT_KNEE,288,309.85,259.83
RIGHT_KNEE,289,367.63,267.98
RIGHT_KNEE,293,544.40,282.44
RIGHT_KNEE,294,490.94,633.16
RIGHT_KNEE,295,490.62,631.10
RIGHT_KNEE,296,568.27,348.71
RIGHT_KNEE,297,500.24,556.93
RIGHT_KNEE,298,483.64,367.25
RIGHT_KNEE,299,505.28,259.67
RIGHT_KNEE,300,408.49,245.22
RIGHT_KNEE,301,408.49,246.50
RIGHT_KNEE,302,388.81,261.90
RIGHT_KNEE,303,392.52,259.73
RIGHT_KNEE,304,338.07,269.44
RIGHT_KNEE,305,400.70,260.52
RIGHT_KNEE,306,446.69,266.17
RIGHT_KNEE,307,446.62,265.41
RIGHT_KNEE,308,447.73,269.60
RIGHT_KNEE,309,552.11,256.01
RIGHT_KNEE,310,619.85,279.92
RIGHT_KNEE,311,619.96,281.94
RIGHT_KNEE,312,653.53,284.61
RIGHT_KNEE,313,653.76,286.24
RIGHT_KNEE,314,557.62,647.11
RIGHT_KNEE,315,558.31,644.86
RIGHT_KNEE,316,558.56,643.31
RIGHT_KNEE,317,481.74,280.30
RIGHT_KNEE,318,478.82,279.16
RIGHT_KNEE,319,426.34,263.53
RIGHT_KNEE,320,428.42,263.96
RIGHT_KNEE,321,368.28,273.63
RIGHT_KNEE,322,368.31,274.27
RIGHT_KNEE,323,374.79,277.70
RIGHT_KNEE,324,414.32,279.41
RIGHT_KNEE,325,463.67,266.23
RIGHT_KNEE,326,479.32,454.58
RIGHT_KNEE,328,553.85,261.82
RIGHT_KNEE,329,611.94,279.15
RIGHT_KNEE,330,656.48,291.86
RIGHT_KNEE,331,656.21,293.13
RIGHT_KNEE,332,533.17,647.74
RIGHT_KNEE,333,531.66,645.24
RIGHT_KNEE,334,533.31,648.74
RIGHT_KNEE,335,501.59,354.87
RIGHT_KNEE,336,438.02,431.28
RIGHT_KNEE,337,440.25,436.55
RIGHT_KNEE,338,377.90,376.43
RIGHT_KNEE,339,330.14,418.32
RIGHT_KNEE,340,330.18,418.24
RIGHT_KNEE,341,291.37,462.82
RIGHT_KNEE,342,303.25,515.65
RIGHT_KNEE,343,317.89,559.60
RIGHT_KNEE,344,372.61,604.90
RIGHT_KNEE,345,372.24,604.94
RIGHT_KNEE,346,372.39,604.82
RIGHT_KNEE,347,416.39,617.24
RIGHT_KNEE,348,463.01,641.66
RIGHT_KNEE,349,478.14,652.02
RIGHT_KNEE,350,514.37,640.70
RIGHT_KNEE,351,514.37,640.61
RIGHT_KNEE,352,543.74,634.84
RIGHT_KNEE,353,555.02,642.10
RIGHT_KNEE,354,536.49,633.24
RIGHT_KNEE,355,535.92,634.03
RIGHT_KNEE,356,508.17,626.85
RIGHT_KNEE,357,479.19,624.09
RIGHT_KNEE,358,480.34,624.73
RIGHT_KNEE,359,480.01,633.07
RIGHT_KNEE,360,443.14,634.05
RIGHT_KNEE,361,443.84,633.75
RIGHT_KNEE,362,444.03,634.37
RIGHT_KNEE,363,434.68,649.96
RIGHT_KNEE,364,434.23,651.23
RIGHT_KNEE,365,429.03,652.80
RIGHT_KNEE,366,415.54,665.89
RIGHT_KNEE,367,415.33,666.06
RIGHT_KNEE,368,408.69,661.10
RIGHT_KNEE,369,401.51,660.65
RIGHT_KNEE,370,401.47,660.76
RIGHT_KNEE,371,395.51,653.09
RIGHT_KNEE,372,395.46,653.14
RIGHT_KNEE,373,386.15,646.19
RIGHT_KNEE,374,373.86,643.26
RIGHT_KNEE,375,359.84,639.66
RIGHT_KNEE,376,360.39,638.78
RIGHT_KNEE,377,348.43,634.21
RIGHT_KNEE,378,337.12,631.53
RIGHT_KNEE,379,337.84,631.11
RIGHT_KNEE,380,326.74,629.30
RIGHT_KNEE,381,316.84,627.16
RIGHT_KNEE,382,306.88,625.23
RIGHT_KNEE,383,306.49,625.63
RIGHT_KNEE,384,298.49,621.70
RIGHT_KNEE,385,289.07,622.91
RIGHT_KNEE,386,281.05,624.67
RIGHT_KNEE,387,272.73,623.64
RIGHT_KNEE,388,266.12,625.16
RIGHT_KNEE,389,265.98,625.92
RIGHT_KNEE,390,259.55,627.48
RIGHT_KNEE,391,256.04,625.95
RIGHT_KNEE,392,250.42,632.77
RIGHT_KNEE,393,249.77,632.52
RIGHT_KNEE,394,254.09,641.05
RIGHT_KNEE,395,253.12,641.14
RIGHT_KNEE,396,256.79,643.05
RIGHT_KNEE,397,261.24,647.97
RIGHT_KNEE,398,263.56,650.60
RIGHT_KNEE,399,262.99,650.67
RIGHT_KNEE,400,266.20,653.48
RIGHT_KNEE,401,275.29,655.17
RIGHT_KNEE,402,275.68,657.02
RIGHT_KNEE,403,275.21,657.37
RIGHT_KNEE,404,281.46,657.42
RIGHT_KNEE,405,282.10,656.73
RIGHT_KNEE,406,280.29,661.72
RIGHT_KNEE,407,283.91,662.39
RIGHT_KNEE,408,283.17,662.72
RIGHT_KNEE,409,287.57,663.24
RIGHT_KNEE,410,286.97,661.06
RIGHT_KNEE,411,284.00,667.63
RIGHT_KNEE,412,284.66,665.60
RIGHT_KNEE,413,288.72,666.37
RIGHT_KNEE,414,293.09,660.29
RIGHT_KNEE,415,291.42,660.68
RIGHT_KNEE,416,291.08,660.91
RIGHT_KNEE,417,292.21,658.45
RIGHT_KNEE,418,293.18,658.50
RIGHT_KNEE,419,293.88,656.58
RIGHT_KNEE,420,283.70,650.53
RIGHT_KNEE,421,285.58,652.80
RIGHT_KNEE,422,283.45,651.66
RIGHT_KNEE,423,280.34,649.56
RIGHT_KNEE,424,274.67,645.82
RIGHT_KNEE,425,272.67,643.94
RIGHT_KNEE,426,272.97,634.89
RIGHT_KNEE,427,273.61,632.50
RIGHT_KNEE,428,273.37,632.92
RIGHT_KNEE,429,271.23,629.44
RIGHT_KNEE,430,272.04,626.70
RIGHT_KNEE,431,272.18,626.57
RIGHT_KNEE,432,270.24,625.43
LEFT_ANKLE,0,438.80,707.91
LEFT_ANKLE,1,440.19,717.06
LEFT_ANKLE,2,439.73,714.51
LEFT_ANKLE,3,433.12,721.97
LEFT_ANKLE,4,433.20,721.93
LEFT_ANKLE,5,417.15,723.50
LEFT_ANKLE,6,704.95,669.32
LEFT_ANKLE,7,704.88,669.10
LEFT_ANKLE,8,327.81,737.44
LEFT_ANKLE,9,295.35,748.80
LEFT_ANKLE,10,606.28,654.48
LEFT_ANKLE,11,606.71,654.92
LEFT_ANKLE,12,254.86,747.62
LEFT_ANKLE,13,254.81,747.50
LEFT_ANKLE,14,243.65,758.45
LEFT_ANKLE,15,273.14,746.55
LEFT_ANKLE,16,289.68,754.76
LEFT_ANKLE,17,291.30,753.56
LEFT_ANKLE,18,171.31,605.04
LEFT_ANKLE,19,256.96,717.22
LEFT_ANKLE,20,368.59,772.56
LEFT_ANKLE,21,392.58,772.03
LEFT_ANKLE,22,392.74,772.17
LEFT_ANKLE,23,414.57,761.09
LEFT_ANKLE,24,422.62,750.84
LEFT_ANKLE,25,422.71,731.11
LEFT_ANKLE,27,404.57,434.34
LEFT_ANKLE,29,607.10,414.66
LEFT_ANKLE,30,506.42,756.89
LEFT_ANKLE,31,506.35,756.23
LEFT_ANKLE,32,538.14,773.46
LEFT_ANKLE,33,572.09,779.89
LEFT_ANKLE,34,609.11,784.15
LEFT_ANKLE,35,608.74,784.91
LEFT_ANKLE,36,632.44,775.79
LEFT_ANKLE,37,648.89,785.79
LEFT_ANKLE,38,645.65,769.91
LEFT_ANKLE,39,646.38,771.40
LEFT_ANKLE,40,619.29,771.39
LEFT_ANKLE,41,579.70,748.60
LEFT_ANKLE,42,505.25,769.55
LEFT_ANKLE,43,506.08,775.28
LEFT_ANKLE,44,482.62,781.32
LEFT_ANKLE,45,462.35,786.79
LEFT_ANKLE,46,462.61,787.35
LEFT_ANKLE,47,421.60,790.78
LEFT_ANKLE,48,404.71,793.30
LEFT_ANKLE,49,404.55,793.43
LEFT_ANKLE,50,384.95,797.12
LEFT_ANKLE,51,375.16,812.10
LEFT_ANKLE,52,371.02,809.74
LEFT_ANKLE,53,373.13,805.76
LEFT_ANKLE,54,381.26,788.13
LEFT_ANKLE,55,447.85,815.54
LEFT_ANKLE,56,447.42,815.66
LEFT_ANKLE,57,485.43,806.70
LEFT_ANKLE,58,520.49,811.33
LEFT_ANKLE,59,520.53,811.51
LEFT_ANKLE,60,517.64,803.69
LEFT_ANKLE,61,499.71,788.24
LEFT_ANKLE,62,475.44,800.07
LEFT_ANKLE,63,462.93,797.10
LEFT_ANKLE,64,500.10,694.97
LEFT_ANKLE,65,461.52,774.93
LEFT_ANKLE,66,462.01,797.26
LEFT_ANKLE,67,485.31,790.75
LEFT_ANKLE,68,508.09,777.73
LEFT_ANKLE,69,508.22,778.79
LEFT_ANKLE,70,579.07,777.89
LEFT_ANKLE,71,579.21,777.32
LEFT_ANKLE,72,612.46,772.71
LEFT_ANKLE,73,425.24,684.93
LEFT_ANKLE,74,603.07,754.51
LEFT_ANKLE,75,602.58,754.55
LEFT_ANKLE,76,512.63,751.83
LEFT_ANKLE,77,472.50,757.17
LEFT_ANKLE,78,453.49,768.88
LEFT_ANKLE,79,454.73,768.61
LEFT_ANKLE,80,462.13,764.22
LEFT_ANKLE,81,505.12,776.11
LEFT_ANKLE,82,505.04,775.94
LEFT_ANKLE,83,507.55,780.19
LEFT_ANKLE,84,534.74,732.40
LEFT_ANKLE,85,532.88,736.65
LEFT_ANKLE,86,400.66,582.51
LEFT_ANKLE,87,577.60,785.31
LEFT_ANKLE,88,577.92,786.25
LEFT_ANKLE,89,507.70,782.64
LEFT_ANKLE,90,476.93,775.28
LEFT_ANKLE,91,477.77,773.83
LEFT_ANKLE,92,454.40,774.07
LEFT_ANKLE,93,455.58,768.97
LEFT_ANKLE,94,452.85,809.04
LEFT_ANKLE,95,452.94,808.77
LEFT_ANKLE,96,473.92,786.49
LEFT_ANKLE,97,489.18,788.26
LEFT_ANKLE,98,509.16,792.94
LEFT_ANKLE,99,509.51,795.31
LEFT_ANKLE,100,521.41,791.61
LEFT_ANKLE,101,521.33,791.62
LEFT_ANKLE,102,505.21,790.53
LEFT_ANKLE,103,478.77,781.51
LEFT_ANKLE,104,446.77,780.18
LEFT_ANKLE,105,412.81,781.04
LEFT_ANKLE,106,412.78,781.38
LEFT_ANKLE,107,376.95,777.43
LEFT_ANKLE,108,363.48,763.09
LEFT_ANKLE,109,355.80,791.10
LEFT_ANKLE,110,356.19,791.35
LEFT_ANKLE,111,371.02,783.79
LEFT_ANKLE,112,397.42,790.45
LEFT_ANKLE,113,397.88,790.85
LEFT_ANKLE,114,420.13,794.65
LEFT_ANKLE,115,437.71,796.13
LEFT_ANKLE,116,443.38,796.82
LEFT_ANKLE,117,443.35,795.79
LEFT_ANKLE,118,411.01,786.65
LEFT_ANKLE,119,411.41,785.95
LEFT_ANKLE,120,354.97,782.00
LEFT_ANKLE,121,355.14,781.97
LEFT_ANKLE,122,267.23,755.57
LEFT_ANKLE,123,273.79,759.20
LEFT_ANKLE,124,236.40,718.97
LEFT_ANKLE,125,331.14,732.17
LEFT_ANKLE,126,302.06,796.59
LEFT_ANKLE,127,301.85,798.05
LEFT_ANKLE,128,334.89,811.36
LEFT_ANKLE,129,335.10,808.58
LEFT_ANKLE,130,516.67,705.04
LEFT_ANKLE,131,399.22,808.56
LEFT_ANKLE,132,398.10,806.49
LEFT_ANKLE,133,394.94,773.93
LEFT_ANKLE,134,280.50,742.20
LEFT_ANKLE,135,274.72,732.41
LEFT_ANKLE,136,329.38,785.54
LEFT_ANKLE,137,329.34,785.39
LEFT_ANKLE,138,281.29,774.55
LEFT_ANKLE,139,273.31,756.16
LEFT_ANKLE,140,329.74,752.76
LEFT_ANKLE,141,369.15,795.35
LEFT_ANKLE,142,369.86,793.75
LEFT_ANKLE,143,370.67,793.62
LEFT_ANKLE,144,404.03,804.51
LEFT_ANKLE,145,456.47,796.46
LEFT_ANKLE,146,457.30,798.36
LEFT_ANKLE,147,463.99,789.48
LEFT_ANKLE,148,453.38,774.95
LEFT_ANKLE,149,453.94,773.66
LEFT_ANKLE,150,445.06,776.64
LEFT_ANKLE,151,426.93,779.23
LEFT_ANKLE,152,403.58,774.27
LEFT_ANKLE,153,389.13,767.11
LEFT_ANKLE,154,356.42,753.88
LEFT_ANKLE,155,368.07,761.23
LEFT_ANKLE,156,367.65,761.04
LEFT_ANKLE,157,394.63,772.97
LEFT_ANKLE,158,450.78,791.31
LEFT_ANKLE,159,450.45,791.37
LEFT_ANKLE,160,474.26,786.13
LEFT_ANKLE,161,485.68,759.28
LEFT_ANKLE,162,499.01,782.14
LEFT_ANKLE,163,499.53,779.11
LEFT_ANKLE,164,498.84,776.13
LEFT_ANKLE,165,498.80,782.50
LEFT_ANKLE,166,470.94,761.51
LEFT_ANKLE,167,427.79,774.20
LEFT_ANKLE,168,415.30,763.54
LEFT_ANKLE,169,414.97,763.93
LEFT_ANKLE,170,389.34,756.61
LEFT_ANKLE,171,393.63,757.98
LEFT_ANKLE,172,390.90,770.76
LEFT_ANKLE,173,408.29,769.17
LEFT_ANKLE,174,406.70,769.11
LEFT_ANKLE,175,432.22,780.56
LEFT_ANKLE,176,431.75,780.08
LEFT_ANKLE,177,484.09,763.23
LEFT_ANKLE,178,485.79,779.35
LEFT_ANKLE,179,485.69,779.51
LEFT_ANKLE,180,474.96,772.56
LEFT_ANKLE,181,475.17,772.82
LEFT_ANKLE,182,433.65,762.56
LEFT_ANKLE,183,433.74,762.39
LEFT_ANKLE,184,434.49,761.76
LEFT_ANKLE,185,407.73,767.24
LEFT_ANKLE,186,381.72,755.87
LEFT_ANKLE,187,368.87,751.75
LEFT_ANKLE,188,368.08,752.39
LEFT_ANKLE,189,507.13,564.78
LEFT_ANKLE,190,510.88,580.37
LEFT_ANKLE,191,552.11,607.37
LEFT_ANKLE,192,610.44,558.33
LEFT_ANKLE,193,610.52,558.68
LEFT_ANKLE,194,455.13,783.22
LEFT_ANKLE,195,456.55,777.82
LEFT_ANKLE,196,456.94,777.65
LEFT_ANKLE,197,416.60,770.35
LEFT_ANKLE,198,416.21,770.03
LEFT_ANKLE,199,389.09,769.61
LEFT_ANKLE,200,352.53,763.60
LEFT_ANKLE,201,352.29,763.59
LEFT_ANKLE,202,351.09,764.73
LEFT_ANKLE,203,344.08,768.12
LEFT_ANKLE,204,350.32,773.53
LEFT_ANKLE,205,382.47,770.94
LEFT_ANKLE,206,382.33,770.56
LEFT_ANKLE,207,492.54,475.74
LEFT_ANKLE,208,492.02,476.78
LEFT_ANKLE,209,556.77,402.97
LEFT_ANKLE,210,557.42,402.92
LEFT_ANKLE,211,404.41,781.39
LEFT_ANKLE,212,404.07,779.73
LEFT_ANKLE,213,374.34,775.44
LEFT_ANKLE,214,374.15,776.77
LEFT_ANKLE,215,344.27,777.60
LEFT_ANKLE,216,299.35,767.88
LEFT_ANKLE,217,298.48,767.67
LEFT_ANKLE,218,299.36,766.59
LEFT_ANKLE,219,285.29,776.95
LEFT_ANKLE,220,284.48,777.90
LEFT_ANKLE,221,337.61,787.02
LEFT_ANKLE,224,489.24,323.74
LEFT_ANKLE,225,489.49,324.18
LEFT_ANKLE,228,372.25,785.04
LEFT_ANKLE,229,340.16,781.46
LEFT_ANKLE,230,339.23,781.73
LEFT_ANKLE,231,284.17,778.96
LEFT_ANKLE,232,283.51,779.41
LEFT_ANKLE,238,457.44,363.18
LEFT_ANKLE,239,456.92,367.79
LEFT_ANKLE,240,357.77,786.31
LEFT_ANKLE,242,301.66,778.28
LEFT_ANKLE,243,301.31,779.31
LEFT_ANKLE,244,302.20,780.37
LEFT_ANKLE,245,282.59,795.15
LEFT_ANKLE,250,401.81,499.01
LEFT_ANKLE,251,398.14,796.21
LEFT_ANKLE,252,428.34,305.43
LEFT_ANKLE,253,335.10,804.74
LEFT_ANKLE,254,334.59,802.76
LEFT_ANKLE,255,312.82,794.76
LEFT_ANKLE,256,312.89,797.07
LEFT_ANKLE,257,307.06,793.32
LEFT_ANKLE,258,336.45,807.50
LEFT_ANKLE,259,336.57,802.34
LEFT_ANKLE,260,365.90,802.70
LEFT_ANKLE,261,365.41,806.52
LEFT_ANKLE,263,405.66,790.06
LEFT_ANKLE,265,382.53,789.63
LEFT_ANKLE,266,381.96,788.03
LEFT_ANKLE,267,382.96,788.18
LEFT_ANKLE,268,363.33,786.97
LEFT_ANKLE,269,342.60,795.56
LEFT_ANKLE,270,329.63,791.59
LEFT_ANKLE,271,326.35,799.80
LEFT_ANKLE,272,325.19,798.31
LEFT_ANKLE,273,325.44,797.92
LEFT_ANKLE,274,369.66,774.39
LEFT_ANKLE,275,370.00,772.86
LEFT_ANKLE,276,400.45,788.36
LEFT_ANKLE,277,466.99,805.17
LEFT_ANKLE,278,468.49,807.25
LEFT_ANKLE,279,550.23,128.17
LEFT_ANKLE,280,551.45,127.07
LEFT_ANKLE,281,468.89,794.16
LEFT_ANKLE,282,451.75,791.85
LEFT_ANKLE,283,451.77,788.87
LEFT_ANKLE,284,433.21,789.76
LEFT_ANKLE,285,433.36,789.68
LEFT_ANKLE,286,413.25,797.86
LEFT_ANKLE,287,380.33,815.56
LEFT_ANKLE,288,382.18,813.43
LEFT_ANKLE,289,377.64,814.29
LEFT_ANKLE,293,426.67,807.19
LEFT_ANKLE,294,584.50,125.63
LEFT_ANKLE,295,584.95,125.59
LEFT_ANKLE,296,509.63,819.58
LEFT_ANKLE,297,588.72,237.23
LEFT_ANKLE,298,520.58,802.26
LEFT_ANKLE,299,517.67,818.67
LEFT_ANKLE,300,477.62,817.80
LEFT_ANKLE,301,478.67,816.93
LEFT_ANKLE,302,451.43,827.21
LEFT_ANKLE,303,451.06,826.81
LEFT_ANKLE,304,429.88,829.28
LEFT_ANKLE,305,417.33,831.42
LEFT_ANKLE,306,430.44,828.98
LEFT_ANKLE,307,428.86,829.17
LEFT_ANKLE,308,430.21,830.59
LEFT_ANKLE,309,468.52,812.22
LEFT_ANKLE,310,500.22,832.96
LEFT_ANKLE,311,499.44,831.35
LEFT_ANKLE,312,530.61,840.85
LEFT_ANKLE,313,555.37,834.37
LEFT_ANKLE,314,614.13,99.35
LEFT_ANKLE,315,614.80,96.60
LEFT_ANKLE,316,614.29,97.79
LEFT_ANKLE,317,555.54,810.87
LEFT_ANKLE,318,554.88,816.58
LEFT_ANKLE,319,525.55,809.96
LEFT_ANKLE,320,526.81,807.03
LEFT_ANKLE,321,476.25,832.03
LEFT_ANKLE,322,475.93,832.67
LEFT_ANKLE,323,455.30,834.14
LEFT_ANKLE,324,447.73,832.48
LEFT_ANKLE,325,456.46,835.04
LEFT_ANKLE,326,447.97,315.35
LEFT_ANKLE,328,486.26,806.26
LEFT_ANKLE,329,502.41,834.58
LEFT_ANKLE,330,545.99,836.56
LEFT_ANKLE,331,544.16,834.24
LEFT_ANKLE,332,595.07,153.82
LEFT_ANKLE,333,595.75,153.87
LEFT_ANKLE,334,593.67,145.38
LEFT_ANKLE,335,556.81,828.71
LEFT_ANKLE,336,529.04,810.46
LEFT_ANKLE,337,528.49,808.52
LEFT_ANKLE,338,509.42,806.42
LEFT_ANKLE,339,490.95,811.54
LEFT_ANKLE,340,489.32,813.55
LEFT_ANKLE,341,471.09,822.76
LEFT_ANKLE,342,449.51,822.28
LEFT_ANKLE,343,431.63,824.27
LEFT_ANKLE,344,408.09,828.59
LEFT_ANKLE,345,407.79,828.62
LEFT_ANKLE,346,407.73,830.42
LEFT_ANKLE,347,403.50,823.29
LEFT_ANKLE,348,348.55,791.87
LEFT_ANKLE,349,408.57,821.81
LEFT_ANKLE,350,409.50,825.74
LEFT_ANKLE,351,409.34,825.91
LEFT_ANKLE,352,418.22,822.07
LEFT_ANKLE,353,429.07,820.83
LEFT_ANKLE,354,456.32,837.34
LEFT_ANKLE,355,457.04,838.97
LEFT_ANKLE,356,475.17,837.52
LEFT_ANKLE,357,498.32,837.39
LEFT_ANKLE,358,499.50,838.14
LEFT_ANKLE,359,522.56,841.95
LEFT_ANKLE,360,573.57,823.99
LEFT_ANKLE,361,574.41,825.85
LEFT_ANKLE,362,574.82,825.47
LEFT_ANKLE,363,613.74,824.94
LEFT_ANKLE,364,614.03,825.80
LEFT_ANKLE,365,624.18,817.76
LEFT_ANKLE,366,623.49,809.62
LEFT_ANKLE,367,623.49,809.14
LEFT_ANKLE,368,611.77,803.27
LEFT_ANKLE,369,601.25,801.00
LEFT_ANKLE,370,601.32,801.19
LEFT_ANKLE,371,570.51,792.37
LEFT_ANKLE,372,570.59,792.09
LEFT_ANKLE,373,553.25,795.43
LEFT_ANKLE,374,532.12,797.39
LEFT_ANKLE,375,506.23,795.28
LEFT_ANKLE,376,506.48,795.71
LEFT_ANKLE,377,484.75,795.32
LEFT_ANKLE,378,469.63,788.24
LEFT_ANKLE,379,469.97,787.22
LEFT_ANKLE,380,453.49,792.12
LEFT_ANKLE,381,441.03,791.73
LEFT_ANKLE,382,429.27,790.96
LEFT_ANKLE,383,429.49,790.30
LEFT_ANKLE,384,416.14,789.82
LEFT_ANKLE,385,404.40,793.32
LEFT_ANKLE,386,397.74,789.39
LEFT_ANKLE,387,383.38,788.40
LEFT_ANKLE,388,377.21,790.68
LEFT_ANKLE,389,378.02,789.12
LEFT_ANKLE,390,374.66,786.01
LEFT_ANKLE,391,370.16,788.11
LEFT_ANKLE,392,367.29,792.88
LEFT_ANKLE,393,363.97,794.23
LEFT_ANKLE,394,364.41,790.55
LEFT_ANKLE,395,364.38,790.43
LEFT_ANKLE,396,365.26,791.71
LEFT_ANKLE,397,365.47,788.77
LEFT_ANKLE,398,366.45,791.24
LEFT_ANKLE,399,365.74,792.10
LEFT_ANKLE,400,364.90,793.22
LEFT_ANKLE,401,361.00,796.22
LEFT_ANKLE,402,358.62,796.86
LEFT_ANKLE,403,358.37,795.85
LEFT_ANKLE,404,351.11,794.71
LEFT_ANKLE,405,349.45,792.99
LEFT_ANKLE,406,350.40,793.31
LEFT_ANKLE,407,351.92,788.47
LEFT_ANKLE,408,350.07,791.65
LEFT_ANKLE,409,351.43,787.53
LEFT_ANKLE,410,351.13,786.97
LEFT_ANKLE,411,351.44,791.50
LEFT_ANKLE,412,352.37,792.80
LEFT_ANKLE,413,352.34,795.30
LEFT_ANKLE,414,357.34,784.59
LEFT_ANKLE,415,358.24,785.96
LEFT_ANKLE,416,360.10,785.49
LEFT_ANKLE,417,363.58,793.17
LEFT_ANKLE,418,364.03,791.18
LEFT_ANKLE,419,361.95,789.83
LEFT_ANKLE,420,365.09,790.95
LEFT_ANKLE,421,365.70,792.66
LEFT_ANKLE,422,367.63,794.46
LEFT_ANKLE,423,366.95,793.77
LEFT_ANKLE,424,369.80,795.54
LEFT_ANKLE,425,371.13,792.33
LEFT_ANKLE,426,369.49,782.51
LEFT_ANKLE,427,369.26,786.06
LEFT_ANKLE,428,369.12,785.56
LEFT_ANKLE,429,370.28,787.03
LEFT_ANKLE,430,370.75,787.39
LEFT_ANKLE,431,371.35,788.59
LEFT_ANKLE,432,373.48,788.50
RIGHT_ANKLE,0,568.14,724.54
RIGHT_ANKLE,1,655.83,718.86
RIGHT_ANKLE,2,656.51,719.40
RIGHT_ANKLE,3,693.92,706.09
RIGHT_ANKLE,4,694.07,706.13
RIGHT_ANKLE,5,718.52,689.05
RIGHT_ANKLE,6,355.34,728.80
RIGHT_ANKLE,7,355.63,729.25
RIGHT_ANKLE,8,681.48,662.25
RIGHT_ANKLE,9,653.50,657.90
RIGHT_ANKLE,10,275.59,744.21
RIGHT_ANKLE,11,273.69,745.55
RIGHT_ANKLE,12,461.38,664.05
RIGHT_ANKLE,13,466.78,667.05
RIGHT_ANKLE,14,390.94,671.77
RIGHT_ANKLE,15,283.19,739.98
RIGHT_ANKLE,16,236.14,629.83
RIGHT_ANKLE,17,237.90,629.36
RIGHT_ANKLE,18,311.03,767.29
RIGHT_ANKLE,19,166.38,616.11
RIGHT_ANKLE,20,136.15,541.23
RIGHT_ANKLE,21,152.14,514.87
RIGHT_ANKLE,22,152.08,514.69
RIGHT_ANKLE,23,195.40,487.00
RIGHT_ANKLE,24,258.30,452.93
RIGHT_ANKLE,25,344.87,412.77
RIGHT_ANKLE,27,437.61,704.75
RIGHT_ANKLE,29,471.83,689.06
RIGHT_ANKLE,30,789.94,294.82
RIGHT_ANKLE,31,790.03,294.53
RIGHT_ANKLE,32,841.28,293.16
RIGHT_ANKLE,33,874.21,291.55
RIGHT_ANKLE,34,879.13,295.39
RIGHT_ANKLE,35,880.17,295.24
RIGHT_ANKLE,36,861.64,294.59
RIGHT_ANKLE,37,808.91,302.86
RIGHT_ANKLE,38,737.16,319.83
RIGHT_ANKLE,39,737.28,319.84
RIGHT_ANKLE,40,411.91,381.77
RIGHT_ANKLE,41,495.27,413.95
RIGHT_ANKLE,42,228.72,407.86
RIGHT_ANKLE,43,237.63,405.29
RIGHT_ANKLE,44,143.86,427.80
RIGHT_ANKLE,45,92.29,453.98
RIGHT_ANKLE,46,92.39,453.63
RIGHT_ANKLE,47,166.22,518.56
RIGHT_ANKLE,48,313.42,533.90
RIGHT_ANKLE,49,312.29,533.95
RIGHT_ANKLE,50,468.52,571.86
RIGHT_ANKLE,51,653.21,585.09
RIGHT_ANKLE,52,749.22,577.48
RIGHT_ANKLE,53,749.49,577.64
RIGHT_ANKLE,54,770.93,561.89
RIGHT_ANKLE,55,573.20,519.99
RIGHT_ANKLE,56,573.27,519.51
RIGHT_ANKLE,57,458.61,428.22
RIGHT_ANKLE,58,272.74,517.01
RIGHT_ANKLE,59,273.50,517.84
RIGHT_ANKLE,60,196.19,508.74
RIGHT_ANKLE,61,173.07,518.96
RIGHT_ANKLE,62,246.02,531.92
RIGHT_ANKLE,63,396.89,523.87
RIGHT_ANKLE,64,452.92,790.98
RIGHT_ANKLE,65,468.71,748.04
RIGHT_ANKLE,66,731.28,554.86
RIGHT_ANKLE,67,827.45,546.61
RIGHT_ANKLE,68,832.74,541.12
RIGHT_ANKLE,69,830.32,540.20
RIGHT_ANKLE,70,621.49,552.13
RIGHT_ANKLE,71,620.81,548.35
RIGHT_ANKLE,72,472.31,572.91
RIGHT_ANKLE,73,615.55,759.42
RIGHT_ANKLE,74,268.18,603.22
RIGHT_ANKLE,75,268.16,603.18
RIGHT_ANKLE,76,363.08,623.89
RIGHT_ANKLE,77,486.27,601.06
RIGHT_ANKLE,78,638.03,610.97
RIGHT_ANKLE,79,637.15,611.65
RIGHT_ANKLE,80,753.02,607.25
RIGHT_ANKLE,81,759.47,578.68
RIGHT_ANKLE,82,759.80,578.93
RIGHT_ANKLE,83,760.15,579.60
RIGHT_ANKLE,84,580.12,786.11
RIGHT_ANKLE,85,579.71,786.05
RIGHT_ANKLE,86,594.46,782.10
RIGHT_ANKLE,87,269.87,610.19
RIGHT_ANKLE,88,269.97,610.39
RIGHT_ANKLE,89,247.38,627.81
RIGHT_ANKLE,90,342.57,614.26
RIGHT_ANKLE,91,345.03,612.72
RIGHT_ANKLE,92,436.77,669.61
RIGHT_ANKLE,93,439.16,703.34
RIGHT_ANKLE,94,729.39,605.68
RIGHT_ANKLE,95,729.48,606.33
RIGHT_ANKLE,96,781.44,590.56
RIGHT_ANKLE,97,749.58,570.51
RIGHT_ANKLE,98,670.31,566.69
RIGHT_ANKLE,99,673.20,566.84
RIGHT_ANKLE,100,404.28,557.29
RIGHT_ANKLE,101,404.15,557.33
RIGHT_ANKLE,102,263.74,587.39
RIGHT_ANKLE,103,181.40,596.56
RIGHT_ANKLE,104,150.19,613.70
RIGHT_ANKLE,105,180.79,623.73
RIGHT_ANKLE,106,181.85,623.91
RIGHT_ANKLE,107,293.43,606.16
RIGHT_ANKLE,108,355.76,768.59
RIGHT_ANKLE,109,618.53,639.26
RIGHT_ANKLE,110,620.91,642.98
RIGHT_ANKLE,111,656.46,628.61
RIGHT_ANKLE,112,642.44,614.82
RIGHT_ANKLE,113,642.67,614.72
RIGHT_ANKLE,114,578.57,604.18
RIGHT_ANKLE,115,489.53,598.99
RIGHT_ANKLE,116,412.88,676.84
RIGHT_ANKLE,117,422.69,709.61
RIGHT_ANKLE,118,187.71,637.68
RIGHT_ANKLE,119,183.27,641.18
RIGHT_ANKLE,120,134.05,676.50
RIGHT_ANKLE,121,133.70,676.38
RIGHT_ANKLE,122,305.67,783.84
RIGHT_ANKLE,123,252.77,772.83
RIGHT_ANKLE,124,289.81,788.29
RIGHT_ANKLE,125,277.06,800.52
RIGHT_ANKLE,126,494.56,719.76
RIGHT_ANKLE,127,494.63,718.79
RIGHT_ANKLE,128,470.31,750.04
RIGHT_ANKLE,129,526.05,722.81
RIGHT_ANKLE,130,359.43,792.08
RIGHT_ANKLE,131,443.45,722.34
RIGHT_ANKLE,132,443.03,723.35
RIGHT_ANKLE,133,349.81,707.32
RIGHT_ANKLE,134,380.52,794.84
RIGHT_ANKLE,135,380.38,793.38
RIGHT_ANKLE,136,189.49,738.41
RIGHT_ANKLE,137,189.58,738.10
RIGHT_ANKLE,138,292.53,782.16
RIGHT_ANKLE,139,305.00,797.91
RIGHT_ANKLE,140,310.28,797.36
RIGHT_ANKLE,141,495.53,733.40
RIGHT_ANKLE,142,502.20,739.70
RIGHT_ANKLE,143,502.48,740.01
RIGHT_ANKLE,144,494.13,753.46
RIGHT_ANKLE,145,526.61,713.69
RIGHT_ANKLE,146,527.27,713.94
RIGHT_ANKLE,147,482.45,714.28
RIGHT_ANKLE,148,403.25,699.74
RIGHT_ANKLE,149,402.62,698.35
RIGHT_ANKLE,150,335.53,715.72
RIGHT_ANKLE,151,279.90,726.71
RIGHT_ANKLE,152,260.71,727.32
RIGHT_ANKLE,153,267.47,746.24
RIGHT_ANKLE,154,318.57,762.73
RIGHT_ANKLE,155,358.01,785.42
RIGHT_ANKLE,156,355.49,786.07
RIGHT_ANKLE,157,451.77,756.00
RIGHT_ANKLE,158,531.71,745.61
RIGHT_ANKLE,159,532.42,743.45
RIGHT_ANKLE,160,490.34,751.14
RIGHT_ANKLE,161,485.46,753.04
RIGHT_ANKLE,162,553.16,712.54
RIGHT_ANKLE,163,552.77,713.73
RIGHT_ANKLE,164,504.54,709.10
RIGHT_ANKLE,165,504.54,706.94
RIGHT_ANKLE,166,433.52,710.27
RIGHT_ANKLE,167,297.50,727.50
RIGHT_ANKLE,168,284.68,743.76
RIGHT_ANKLE,169,285.10,742.94
RIGHT_ANKLE,170,337.42,763.34
RIGHT_ANKLE,171,337.05,758.48
RIGHT_ANKLE,172,401.09,769.17
RIGHT_ANKLE,173,467.37,746.65
RIGHT_ANKLE,174,467.09,747.73
RIGHT_ANKLE,175,527.75,705.51
RIGHT_ANKLE,176,527.87,705.18
RIGHT_ANKLE,177,475.21,770.54
RIGHT_ANKLE,178,579.47,644.42
RIGHT_ANKLE,179,579.72,644.47
RIGHT_ANKLE,180,405.70,519.52
RIGHT_ANKLE,181,407.27,522.41
RIGHT_ANKLE,182,246.05,566.81
RIGHT_ANKLE,183,246.07,566.98
RIGHT_ANKLE,184,247.21,567.67
RIGHT_ANKLE,185,206.14,570.76
RIGHT_ANKLE,186,227.48,576.44
RIGHT_ANKLE,187,294.25,580.46
RIGHT_ANKLE,188,294.56,581.40
RIGHT_ANKLE,189,368.39,768.99
RIGHT_ANKLE,190,368.17,770.25
RIGHT_ANKLE,191,437.61,739.46
RIGHT_ANKLE,192,437.35,776.70
RIGHT_ANKLE,193,437.56,776.74
RIGHT_ANKLE,194,541.62,553.64
RIGHT_ANKLE,195,443.68,576.68
RIGHT_ANKLE,196,442.16,582.54
RIGHT_ANKLE,197,284.01,516.16
RIGHT_ANKLE,198,284.42,516.15
RIGHT_ANKLE,199,208.51,526.18
RIGHT_ANKLE,200,170.03,527.79
RIGHT_ANKLE,201,170.40,528.09
RIGHT_ANKLE,202,167.79,526.12
RIGHT_ANKLE,203,226.24,514.76
RIGHT_ANKLE,204,312.01,564.23
RIGHT_ANKLE,205,510.51,473.04
RIGHT_ANKLE,206,510.41,472.68
RIGHT_ANKLE,207,418.25,729.86
RIGHT_ANKLE,208,418.68,728.79
RIGHT_ANKLE,209,420.22,775.92
RIGHT_ANKLE,210,419.75,776.88
RIGHT_ANKLE,211,399.89,775.67
RIGHT_ANKLE,212,366.81,667.39
RIGHT_ANKLE,213,325.92,436.66
RIGHT_ANKLE,214,325.43,447.51
RIGHT_ANKLE,215,217.03,343.21
RIGHT_ANKLE,216,183.92,322.00
RIGHT_ANKLE,217,183.94,320.78
RIGHT_ANKLE,218,184.40,320.35
RIGHT_ANKLE,219,257.61,338.26
RIGHT_ANKLE,220,255.31,338.09
RIGHT_ANKLE,221,408.23,328.66
RIGHT_ANKLE,224,404.20,794.76
RIGHT_ANKLE,225,404.42,794.74
RIGHT_ANKLE,228,344.85,269.26
RIGHT_ANKLE,229,267.77,307.53
RIGHT_ANKLE,230,264.46,307.04
RIGHT_ANKLE,231,194.42,297.34
RIGHT_ANKLE,232,189.01,304.06
RIGHT_ANKLE,238,394.89,788.36
RIGHT_ANKLE,239,391.68,788.27
RIGHT_ANKLE,240,298.25,417.37
RIGHT_ANKLE,242,249.34,296.77
RIGHT_ANKLE,243,248.78,296.76
RIGHT_ANKLE,244,249.55,297.34
RIGHT_ANKLE,245,240.19,315.08
RIGHT_ANKLE,250,397.38,647.74
RIGHT_ANKLE,251,444.90,376.56
RIGHT_ANKLE,252,384.49,782.01
RIGHT_ANKLE,253,327.94,345.62
RIGHT_ANKLE,254,331.70,351.25
RIGHT_ANKLE,255,284.68,303.47
RIGHT_ANKLE,256,282.02,305.75
RIGHT_ANKLE,257,263.90,301.68
RIGHT_ANKLE,258,307.85,272.43
RIGHT_ANKLE,259,309.01,277.64
RIGHT_ANKLE,260,375.26,347.31
RIGHT_ANKLE,261,383.38,344.12
RIGHT_ANKLE,263,457.50,362.26
RIGHT_ANKLE,265,408.74,218.34
RIGHT_ANKLE,266,410.02,215.77
RIGHT_ANKLE,267,419.86,208.19
RIGHT_ANKLE,268,331.17,258.22
RIGHT_ANKLE,269,285.19,216.85
RIGHT_ANKLE,270,250.40,204.30
RIGHT_ANKLE,271,271.77,167.71
RIGHT_ANKLE,272,271.85,164.81
RIGHT_ANKLE,273,271.99,164.07
RIGHT_ANKLE,274,373.36,178.76
RIGHT_ANKLE,275,374.14,179.14
RIGHT_ANKLE,276,471.64,192.07
RIGHT_ANKLE,277,536.62,131.05
RIGHT_ANKLE,278,534.47,125.66
RIGHT_ANKLE,279,485.82,800.84
RIGHT_ANKLE,280,484.26,801.92
RIGHT_ANKLE,281,534.69,187.87
RIGHT_ANKLE,282,440.66,287.62
RIGHT_ANKLE,283,416.70,332.66
RIGHT_ANKLE,284,449.80,94.08
RIGHT_ANKLE,285,450.31,94.12
RIGHT_ANKLE,286,407.29,93.29
RIGHT_ANKLE,287,378.91,95.24
RIGHT_ANKLE,288,377.96,95.25
RIGHT_ANKLE,289,383.77,100.66
RIGHT_ANKLE,293,523.77,195.43
RIGHT_ANKLE,294,510.77,828.72
RIGHT_ANKLE,295,505.24,812.33
RIGHT_ANKLE,296,576.77,211.46
RIGHT_ANKLE,297,518.56,809.04
RIGHT_ANKLE,298,582.99,296.07
RIGHT_ANKLE,299,576.41,172.20
RIGHT_ANKLE,300,467.67,102.04
RIGHT_ANKLE,301,467.37,104.88
RIGHT_ANKLE,302,447.15,92.55
RIGHT_ANKLE,303,446.38,92.78
RIGHT_ANKLE,304,397.75,103.96
RIGHT_ANKLE,305,410.89,100.52
RIGHT_ANKLE,306,422.90,107.00
RIGHT_ANKLE,307,421.01,113.31
RIGHT_ANKLE,308,422.84,107.24
RIGHT_ANKLE,309,507.16,114.96
RIGHT_ANKLE,310,563.04,129.71
RIGHT_ANKLE,311,563.27,129.55
RIGHT_ANKLE,312,593.57,113.75
RIGHT_ANKLE,313,615.64,117.19
RIGHT_ANKLE,314,582.47,828.33
RIGHT_ANKLE,315,579.93,827.99
RIGHT_ANKLE,316,583.31,827.69
RIGHT_ANKLE,317,531.21,127.41
RIGHT_ANKLE,318,531.77,126.17
RIGHT_ANKLE,319,483.90,113.85
RIGHT_ANKLE,320,482.35,121.90
RIGHT_ANKLE,321,429.04,93.30
RIGHT_ANKLE,322,428.87,93.87
RIGHT_ANKLE,323,417.76,100.36
RIGHT_ANKLE,324,413.31,101.62
RIGHT_ANKLE,325,418.89,113.80
RIGHT_ANKLE,326,449.26,603.67
RIGHT_ANKLE,328,503.89,124.44
RIGHT_ANKLE,329,551.31,143.51
RIGHT_ANKLE,330,592.05,120.91
RIGHT_ANKLE,331,593.87,123.41
RIGHT_ANKLE,332,560.63,832.34
RIGHT_ANKLE,333,559.94,833.60
RIGHT_ANKLE,334,561.62,838.80
RIGHT_ANKLE,335,583.16,294.65
RIGHT_ANKLE,336,456.66,358.79
RIGHT_ANKLE,337,455.91,359.36
RIGHT_ANKLE,338,412.35,259.18
RIGHT_ANKLE,339,370.13,271.20
RIGHT_ANKLE,340,370.12,271.55
RIGHT_ANKLE,341,332.95,293.07
RIGHT_ANKLE,342,287.12,362.54
RIGHT_ANKLE,343,241.92,419.63
RIGHT_ANKLE,344,203.06,579.80
RIGHT_ANKLE,345,202.79,580.15
RIGHT_ANKLE,346,204.43,580.41
RIGHT_ANKLE,347,246.20,671.58
RIGHT_ANKLE,348,362.45,806.35
RIGHT_ANKLE,349,402.57,804.95
RIGHT_ANKLE,350,493.62,799.32
RIGHT_ANKLE,351,493.64,799.21
RIGHT_ANKLE,352,561.69,812.24
RIGHT_ANKLE,353,603.50,803.14
RIGHT_ANKLE,354,608.04,761.43
RIGHT_ANKLE,355,607.98,761.34
RIGHT_ANKLE,356,592.74,756.94
RIGHT_ANKLE,357,575.58,765.19
RIGHT_ANKLE,358,575.45,765.25
RIGHT_ANKLE,359,549.79,781.52
RIGHT_ANKLE,360,484.02,786.59
RIGHT_ANKLE,361,485.13,784.27
RIGHT_ANKLE,362,484.76,784.72
RIGHT_ANKLE,363,424.22,789.67
RIGHT_ANKLE,364,423.84,792.98
RIGHT_ANKLE,365,396.75,797.70
RIGHT_ANKLE,366,362.51,799.39
RIGHT_ANKLE,367,362.13,800.46
RIGHT_ANKLE,368,351.82,793.01
RIGHT_ANKLE,369,342.37,791.99
RIGHT_ANKLE,370,343.11,791.07
RIGHT_ANKLE,371,332.63,773.65
RIGHT_ANKLE,372,332.76,773.53
RIGHT_ANKLE,373,316.26,776.65
RIGHT_ANKLE,374,302.31,772.23
RIGHT_ANKLE,375,290.60,767.55
RIGHT_ANKLE,376,292.83,764.00
RIGHT_ANKLE,377,274.80,768.76
RIGHT_ANKLE,378,259.04,773.90
RIGHT_ANKLE,379,259.61,773.86
RIGHT_ANKLE,380,249.01,772.14
RIGHT_ANKLE,381,242.71,768.53
RIGHT_ANKLE,382,235.09,770.42
RIGHT_ANKLE,383,234.74,771.18
RIGHT_ANKLE,384,228.27,770.05
RIGHT_ANKLE,385,223.67,773.85
RIGHT_ANKLE,386,218.32,777.15
RIGHT_ANKLE,387,214.09,772.94
RIGHT_ANKLE,388,207.94,773.95
RIGHT_ANKLE,389,208.64,776.90
RIGHT_ANKLE,390,202.55,783.18
RIGHT_ANKLE,391,199.35,779.35
RIGHT_ANKLE,392,191.79,784.92
RIGHT_ANKLE,393,189.13,785.34
RIGHT_ANKLE,394,190.15,786.57
RIGHT_ANKLE,395,190.22,786.94
RIGHT_ANKLE,396,188.54,786.19
RIGHT_ANKLE,397,189.61,793.66
RIGHT_ANKLE,398,189.48,794.64
RIGHT_ANKLE,399,189.46,795.40
RIGHT_ANKLE,400,189.07,799.12
RIGHT_ANKLE,401,195.69,790.60
RIGHT_ANKLE,402,190.70,799.39
RIGHT_ANKLE,403,190.39,800.07
RIGHT_ANKLE,404,189.90,797.98
RIGHT_ANKLE,405,190.19,799.81
RIGHT_ANKLE,406,188.91,803.17
RIGHT_ANKLE,407,193.14,795.86
RIGHT_ANKLE,408,191.93,799.52
RIGHT_ANKLE,409,195.62,793.87
RIGHT_ANKLE,410,193.13,796.89
RIGHT_ANKLE,411,191.58,798.92
RIGHT_ANKLE,412,191.83,798.02
RIGHT_ANKLE,413,191.36,802.60
RIGHT_ANKLE,414,196.24,792.44
RIGHT_ANKLE,415,196.72,794.68
RIGHT_ANKLE,416,196.86,794.96
RIGHT_ANKLE,417,194.52,797.84
RIGHT_ANKLE,418,197.05,800.33
RIGHT_ANKLE,419,195.22,803.16
RIGHT_ANKLE,420,196.44,795.27
RIGHT_ANKLE,421,194.82,799.42
RIGHT_ANKLE,422,193.25,800.98
RIGHT_ANKLE,423,194.90,798.26
RIGHT_ANKLE,424,197.25,791.57
RIGHT_ANKLE,425,194.16,795.02
RIGHT_ANKLE,426,197.70,789.39
RIGHT_ANKLE,427,199.09,784.21
RIGHT_ANKLE,428,199.55,784.08
RIGHT_ANKLE,429,202.45,787.53
RIGHT_ANKLE,430,203.27,783.97
RIGHT_ANKLE,431,204.56,782.46
RIGHT_ANKLE,432,210.34,778.31
LEFT_HEEL,0,459.88,738.93
LEFT_HEEL,1,460.20,741.77
LEFT_HEEL,2,461.38,739.93
LEFT_HEEL,3,453.66,749.51
LEFT_HEEL,4,453.49,749.12
LEFT_HEEL,5,440.36,746.86
LEFT_HEEL,6,730.88,670.26
LEFT_HEEL,7,730.99,669.94
LEFT_HEEL,8,338.47,759.93
LEFT_HEEL,9,302.02,773.36
LEFT_HEEL,10,617.61,657.92
LEFT_HEEL,11,619.53,658.63
LEFT_HEEL,12,256.58,769.33
LEFT_HEEL,13,257.08,767.51
LEFT_HEEL,14,236.77,772.47
LEFT_HEEL,15,264.21,753.27
LEFT_HEEL,16,272.97,758.65
LEFT_HEEL,17,274.36,756.53
LEFT_HEEL,18,154.85,610.14
LEFT_HEEL,19,235.20,731.62
LEFT_HEEL,20,342.94,786.79
LEFT_HEEL,21,367.03,788.18
LEFT_HEEL,22,367.10,788.29
LEFT_HEEL,23,392.51,780.36
LEFT_HEEL,24,395.48,769.96
LEFT_HEEL,25,405.23,741.20
LEFT_HEEL,27,384.16,446.87
LEFT_HEEL,29,618.57,409.24
LEFT_HEEL,30,515.96,770.48
LEFT_HEEL,31,515.55,769.92
LEFT_HEEL,32,552.73,804.13
LEFT_HEEL,33,591.41,809.49
LEFT_HEEL,34,631.46,815.50
LEFT_HEEL,35,630.98,817.48
LEFT_HEEL,36,658.99,810.28
LEFT_HEEL,37,673.40,814.67
LEFT_HEEL,38,663.52,794.81
LEFT_HEEL,39,664.92,798.68
LEFT_HEEL,40,632.66,794.70
LEFT_HEEL,41,575.02,760.78
LEFT_HEEL,42,485.27,808.16
LEFT_HEEL,43,485.19,808.75
LEFT_HEEL,44,457.47,812.11
LEFT_HEEL,45,434.62,816.45
LEFT_HEEL,46,434.19,817.29
LEFT_HEEL,47,392.75,818.10
LEFT_HEEL,48,377.69,826.73
LEFT_HEEL,49,377.45,827.14
LEFT_HEEL,50,364.92,829.49
LEFT_HEEL,51,355.94,848.61
LEFT_HEEL,52,358.79,836.94
LEFT_HEEL,53,361.49,832.91
LEFT_HEEL,54,379.03,804.72
LEFT_HEEL,55,468.78,842.17
LEFT_HEEL,56,467.84,842.30
LEFT_HEEL,57,515.33,843.50
LEFT_HEEL,58,545.38,845.25
LEFT_HEEL,59,545.15,845.03
LEFT_HEEL,60,533.24,829.11
LEFT_HEEL,61,492.79,804.82
LEFT_HEEL,62,454.67,823.63
LEFT_HEEL,63,432.54,824.51
LEFT_HEEL,64,483.64,704.77
LEFT_HEEL,65,466.14,769.74
LEFT_HEEL,66,442.49,830.88
LEFT_HEEL,67,480.46,821.31
LEFT_HEEL,68,513.14,798.19
LEFT_HEEL,69,512.31,799.96
LEFT_HEEL,70,599.18,802.42
LEFT_HEEL,71,598.02,801.04
LEFT_HEEL,72,638.02,803.96
LEFT_HEEL,73,429.18,709.88
LEFT_HEEL,74,601.39,774.47
LEFT_HEEL,75,600.95,774.43
LEFT_HEEL,76,495.12,780.82
LEFT_HEEL,77,447.22,793.01
LEFT_HEEL,78,430.40,803.11
LEFT_HEEL,79,432.86,803.09
LEFT_HEEL,80,453.05,787.55
LEFT_HEEL,81,514.54,801.89
LEFT_HEEL,82,514.50,801.90
LEFT_HEEL,83,516.67,805.40
LEFT_HEEL,84,549.15,757.90
LEFT_HEEL,85,547.35,762.41
LEFT_HEEL,86,397.87,605.36
LEFT_HEEL,87,592.49,808.01
LEFT_HEEL,88,592.09,808.79
LEFT_HEEL,89,492.40,807.08
LEFT_HEEL,90,457.14,799.17
LEFT_HEEL,91,458.73,797.82
LEFT_HEEL,92,430.55,800.06
LEFT_HEEL,93,429.11,794.24
LEFT_HEEL,94,445.73,840.74
LEFT_HEEL,95,444.53,840.31
LEFT_HEEL,96,474.32,805.38
LEFT_HEEL,97,495.85,814.39
LEFT_HEEL,98,529.30,831.15
LEFT_HEEL,99,533.33,834.71
LEFT_HEEL,100,544.83,826.79
LEFT_HEEL,101,544.81,826.79
LEFT_HEEL,102,524.06,814.44
LEFT_HEEL,103,478.63,797.17
LEFT_HEEL,104,433.83,800.62
LEFT_HEEL,105,391.84,804.41
LEFT_HEEL,106,390.90,806.12
LEFT_HEEL,107,354.23,801.62
LEFT_HEEL,108,378.79,780.00
LEFT_HEEL,109,352.17,819.02
LEFT_HEEL,110,352.45,819.06
LEFT_HEEL,111,376.24,804.16
LEFT_HEEL,112,405.50,814.75
LEFT_HEEL,113,406.94,813.86
LEFT_HEEL,114,446.05,826.06
LEFT_HEEL,115,464.64,828.17
LEFT_HEEL,116,466.99,832.04
LEFT_HEEL,117,467.47,831.70
LEFT_HEEL,118,402.94,803.84
LEFT_HEEL,119,403.18,803.03
LEFT_HEEL,120,331.37,808.58
LEFT_HEEL,121,331.39,808.52
LEFT_HEEL,122,240.67,767.91
LEFT_HEEL,123,247.59,771.81
LEFT_HEEL,124,214.17,733.48
LEFT_HEEL,125,315.71,759.18
LEFT_HEEL,126,308.29,813.65
LEFT_HEEL,127,309.01,815.46
LEFT_HEEL,128,355.03,845.29
LEFT_HEEL,129,351.72,835.29
LEFT_HEEL,130,524.67,716.01
LEFT_HEEL,131,423.77,834.79
LEFT_HEEL,132,423.45,833.49
LEFT_HEEL,133,404.24,777.42
LEFT_HEEL,134,327.55,782.59
LEFT_HEEL,135,288.13,749.46
LEFT_HEEL,136,308.21,811.74
LEFT_HEEL,137,307.85,811.34
LEFT_HEEL,138,257.58,783.56
LEFT_HEEL,139,241.49,771.25
LEFT_HEEL,140,313.22,774.04
LEFT_HEEL,141,378.12,813.76
LEFT_HEEL,142,378.46,813.06
LEFT_HEEL,143,380.05,813.03
LEFT_HEEL,144,430.26,834.21
LEFT_HEEL,145,484.18,827.25
LEFT_HEEL,146,484.09,832.50
LEFT_HEEL,147,484.01,820.36
LEFT_HEEL,148,463.79,790.01
LEFT_HEEL,149,462.04,788.60
LEFT_HEEL,150,437.60,795.58
LEFT_HEEL,151,412.47,800.81
LEFT_HEEL,152,378.16,796.33
LEFT_HEEL,153,369.74,784.36
LEFT_HEEL,154,332.58,762.90
LEFT_HEEL,155,344.76,775.90
LEFT_HEEL,156,343.97,775.40
LEFT_HEEL,157,388.23,794.53
LEFT_HEEL,158,463.66,805.65
LEFT_HEEL,159,462.89,805.76
LEFT_HEEL,160,495.62,797.70
LEFT_HEEL,161,500.36,775.48
LEFT_HEEL,162,524.86,815.17
LEFT_HEEL,163,521.39,804.99
LEFT_HEEL,164,518.06,806.02
LEFT_HEEL,165,518.25,811.26
LEFT_HEEL,166,474.86,780.57
LEFT_HEEL,167,413.47,800.44
LEFT_HEEL,168,393.73,787.91
LEFT_HEEL,169,390.54,784.99
LEFT_HEEL,170,361.63,765.58
LEFT_HEEL,171,367.83,769.38
LEFT_HEEL,172,371.95,800.33
LEFT_HEEL,173,411.42,788.36
LEFT_HEEL,174,409.32,788.25
LEFT_HEEL,175,439.09,799.99
LEFT_HEEL,176,441.58,796.37
LEFT_HEEL,177,534.56,759.68
LEFT_HEEL,178,511.68,806.96
LEFT_HEEL,179,511.69,806.23
LEFT_HEEL,180,490.50,799.82
LEFT_HEEL,181,491.27,800.79
LEFT_HEEL,182,421.45,787.94
LEFT_HEEL,183,422.20,788.06
LEFT_HEEL,184,426.06,783.47
LEFT_HEEL,185,381.68,792.51
LEFT_HEEL,186,364.71,767.78
LEFT_HEEL,187,348.84,759.74
LEFT_HEEL,188,347.44,760.81
LEFT_HEEL,189,509.38,546.37
LEFT_HEEL,190,514.08,563.61
LEFT_HEEL,191,558.65,611.19
LEFT_HEEL,192,621.31,547.12
LEFT_HEEL,193,621.32,547.71
LEFT_HEEL,194,481.12,812.11
LEFT_HEEL,195,479.11,807.48
LEFT_HEEL,196,478.75,807.49
LEFT_HEEL,197,410.35,788.76
LEFT_HEEL,198,409.94,786.91
LEFT_HEEL,199,370.76,793.31
LEFT_HEEL,200,328.96,778.31
LEFT_HEEL,201,328.87,778.35
LEFT_HEEL,202,326.70,784.56
LEFT_HEEL,203,321.27,785.68
LEFT_HEEL,204,329.31,804.87
LEFT_HEEL,205,390.88,788.45
LEFT_HEEL,206,391.13,788.01
LEFT_HEEL,207,555.25,446.95
LEFT_HEEL,208,516.63,473.61
LEFT_HEEL,209,550.13,385.61
LEFT_HEEL,210,550.59,385.02
LEFT_HEEL,211,419.91,802.57
LEFT_HEEL,212,420.10,801.15
LEFT_HEEL,213,373.62,793.73
LEFT_HEEL,214,374.88,794.78
LEFT_HEEL,215,330.17,799.81
LEFT_HEEL,216,272.99,798.65
LEFT_HEEL,217,274.43,794.24
LEFT_HEEL,218,275.21,793.89
LEFT_HEEL,219,265.60,805.05
LEFT_HEEL,220,264.72,807.30
LEFT_HEEL,221,344.56,813.39
LEFT_HEEL,224,471.22,307.19
LEFT_HEEL,225,471.00,307.63
LEFT_HEEL,228,367.87,802.37
LEFT_HEEL,229,320.87,810.37
LEFT_HEEL,230,320.48,810.54
LEFT_HEEL,231,254.87,809.73
LEFT_HEEL,232,256.09,809.01
LEFT_HEEL,238,431.14,344.04
LEFT_HEEL,239,434.24,349.67
LEFT_HEEL,240,351.44,803.36
LEFT_HEEL,242,276.13,799.12
LEFT_HEEL,243,273.11,804.69
LEFT_HEEL,244,273.89,806.43
LEFT_HEEL,245,258.81,826.77
LEFT_HEEL,250,400.94,498.95
LEFT_HEEL,251,426.48,828.51
LEFT_HEEL,252,430.61,297.88
LEFT_HEEL,253,316.27,830.98
LEFT_HEEL,254,314.23,829.29
LEFT_HEEL,255,286.25,823.63
LEFT_HEEL,256,284.26,827.38
LEFT_HEEL,257,281.03,825.34
LEFT_HEEL,258,330.14,826.28
LEFT_HEEL,259,331.14,820.54
LEFT_HEEL,260,371.32,831.34
LEFT_HEEL,261,370.26,836.91
LEFT_HEEL,263,391.53,806.24
LEFT_HEEL,265,383.61,811.85
LEFT_HEEL,266,384.39,808.95
LEFT_HEEL,267,381.19,811.13
LEFT_HEEL,268,349.31,809.49
LEFT_HEEL,269,321.06,820.76
LEFT_HEEL,270,301.02,823.32
LEFT_HEEL,271,301.26,837.61
LEFT_HEEL,272,299.74,830.88
LEFT_HEEL,273,300.17,831.10
LEFT_HEEL,274,374.11,798.61
LEFT_HEEL,275,375.28,795.99
LEFT_HEEL,276,405.84,808.83
LEFT_HEEL,277,488.16,846.80
LEFT_HEEL,278,487.97,845.95
LEFT_HEEL,279,530.50,116.90
LEFT_HEEL,280,531.64,115.34
LEFT_HEEL,281,477.84,822.36
LEFT_HEEL,282,448.67,817.66
LEFT_HEEL,283,446.71,812.32
LEFT_HEEL,284,421.27,812.00
LEFT_HEEL,285,422.25,811.47
LEFT_HEEL,286,402.06,826.00
LEFT_HEEL,287,354.85,849.70
LEFT_HEEL,288,356.47,848.26
LEFT_HEEL,289,355.47,848.10
LEFT_HEEL,293,430.72,829.84
LEFT_HEEL,294,571.71,124.52
LEFT_HEEL,295,572.36,124.23
LEFT_HEEL,296,538.58,801.68
LEFT_HEEL,297,592.63,244.70
LEFT_HEEL,298,533.15,786.27
LEFT_HEEL,299,532.12,847.75
LEFT_HEEL,300,468.41,837.82
LEFT_HEEL,301,469.98,837.06
LEFT_HEEL,302,435.19,858.30
LEFT_HEEL,303,434.93,857.79
LEFT_HEEL,304,411.00,860.92
LEFT_HEEL,305,394.17,868.09
LEFT_HEEL,306,419.03,866.10
LEFT_HEEL,307,416.57,866.64
LEFT_HEEL,308,418.19,867.00
LEFT_HEEL,309,471.80,827.74
LEFT_HEEL,310,508.21,858.55
LEFT_HEEL,311,506.25,858.25
LEFT_HEEL,312,548.61,881.11
LEFT_HEEL,313,574.96,874.38
LEFT_HEEL,314,647.92,130.04
LEFT_HEEL,315,647.84,120.93
LEFT_HEEL,316,614.52,94.59
LEFT_HEEL,317,551.24,835.09
LEFT_HEEL,318,549.68,835.97
LEFT_HEEL,319,513.33,835.17
LEFT_HEEL,320,518.82,826.52
LEFT_HEEL,321,453.70,868.35
LEFT_HEEL,322,453.67,869.05
LEFT_HEEL,323,430.53,870.10
LEFT_HEEL,324,425.49,870.06
LEFT_HEEL,325,443.02,868.20
LEFT_HEEL,326,458.68,302.96
LEFT_HEEL,328,490.61,820.73
LEFT_HEEL,329,510.59,860.69
LEFT_HEEL,330,568.13,877.00
LEFT_HEEL,331,564.86,873.91
LEFT_HEEL,332,579.19,148.55
LEFT_HEEL,333,580.50,148.82
LEFT_HEEL,334,578.69,140.23
LEFT_HEEL,335,579.34,865.53
LEFT_HEEL,336,531.27,831.10
LEFT_HEEL,337,530.75,830.60
LEFT_HEEL,338,504.21,823.35
LEFT_HEEL,339,479.90,835.67
LEFT_HEEL,340,477.87,836.47
LEFT_HEEL,341,455.73,849.99
LEFT_HEEL,342,428.42,854.46
LEFT_HEEL,343,408.05,856.01
LEFT_HEEL,344,380.26,862.12
LEFT_HEEL,345,380.86,861.88
LEFT_HEEL,346,379.02,863.87
LEFT_HEEL,347,367.29,870.30
LEFT_HEEL,348,311.58,779.41
LEFT_HEEL,349,385.84,855.12
LEFT_HEEL,350,398.26,863.87
LEFT_HEEL,351,397.97,863.86
LEFT_HEEL,352,408.48,857.16
LEFT_HEEL,353,423.75,850.32
LEFT_HEEL,354,470.61,866.54
LEFT_HEEL,355,471.42,868.83
LEFT_HEEL,356,495.17,869.87
LEFT_HEEL,357,524.49,874.38
LEFT_HEEL,358,523.32,875.74
LEFT_HEEL,359,552.38,876.11
LEFT_HEEL,360,602.36,851.50
LEFT_HEEL,361,603.77,852.87
LEFT_HEEL,362,606.20,856.03
LEFT_HEEL,363,644.12,858.97
LEFT_HEEL,364,645.78,860.58
LEFT_HEEL,365,653.57,849.73
LEFT_HEEL,366,632.62,825.65
LEFT_HEEL,367,632.55,824.74
LEFT_HEEL,368,616.27,821.47
LEFT_HEEL,369,598.06,819.19
LEFT_HEEL,370,598.07,818.90
LEFT_HEEL,371,563.17,811.43
LEFT_HEEL,372,563.21,810.99
LEFT_HEEL,373,545.43,817.18
LEFT_HEEL,374,522.09,822.91
LEFT_HEEL,375,494.35,822.35
LEFT_HEEL,376,494.32,822.01
LEFT_HEEL,377,470.13,823.16
LEFT_HEEL,378,451.18,817.42
LEFT_HEEL,379,451.60,816.18
LEFT_HEEL,380,434.90,822.24
LEFT_HEEL,381,422.33,820.18
LEFT_HEEL,382,412.50,820.33
LEFT_HEEL,383,413.16,819.07
LEFT_HEEL,384,400.26,822.27
LEFT_HEEL,385,387.45,823.14
LEFT_HEEL,386,377.58,817.76
LEFT_HEEL,387,368.58,819.69
LEFT_HEEL,388,359.19,822.05
LEFT_HEEL,389,360.16,819.96
LEFT_HEEL,390,354.59,819.29
LEFT_HEEL,391,350.27,819.46
LEFT_HEEL,392,347.69,823.55
LEFT_HEEL,393,344.73,824.19
LEFT_HEEL,394,343.11,820.75
LEFT_HEEL,395,343.15,819.56
LEFT_HEEL,396,348.31,824.92
LEFT_HEEL,397,348.82,816.75
LEFT_HEEL,398,348.92,824.08
LEFT_HEEL,399,347.91,825.06
LEFT_HEEL,400,348.01,822.57
LEFT_HEEL,401,343.39,823.23
LEFT_HEEL,402,340.96,823.43
LEFT_HEEL,403,341.00,822.77
LEFT_HEEL,404,329.02,821.81
LEFT_HEEL,405,328.51,814.91
LEFT_HEEL,406,327.55,815.10
LEFT_HEEL,407,327.83,812.98
LEFT_HEEL,408,325.52,817.02
LEFT_HEEL,409,329.36,810.89
LEFT_HEEL,410,328.36,810.24
LEFT_HEEL,411,328.17,816.18
LEFT_HEEL,412,329.14,817.28
LEFT_HEEL,413,328.40,822.23
LEFT_HEEL,414,336.15,807.03
LEFT_HEEL,415,336.68,808.69
LEFT_HEEL,416,336.98,809.67
LEFT_HEEL,417,339.97,814.68
LEFT_HEEL,418,342.07,817.62
LEFT_HEEL,419,340.11,819.61
LEFT_HEEL,420,340.98,818.10
LEFT_HEEL,421,340.25,816.86
LEFT_HEEL,422,345.19,821.68
LEFT_HEEL,423,344.59,824.08
LEFT_HEEL,424,347.91,824.50
LEFT_HEEL,425,350.62,821.14
LEFT_HEEL,426,350.71,813.56
LEFT_HEEL,427,350.24,815.52
LEFT_HEEL,428,350.01,814.63
LEFT_HEEL,429,352.73,818.90
LEFT_HEEL,430,352.57,819.01
LEFT_HEEL,431,352.54,819.91
LEFT_HEEL,432,354.28,818.29
RIGHT_HEEL,0,560.91,742.55
RIGHT_HEEL,1,669.39,732.43
RIGHT_HEEL,2,670.26,732.00
RIGHT_HEEL,3,714.83,707.79
RIGHT_HEEL,4,714.76,707.92
RIGHT_HEEL,5,746.42,691.65
RIGHT_HEEL,6,371.35,748.57
RIGHT_HEEL,7,371.96,749.81
RIGHT_HEEL,8,697.87,666.48
RIGHT_HEEL,9,666.24,660.79
RIGHT_HEEL,10,283.83,770.41
RIGHT_HEEL,11,283.19,770.94
RIGHT_HEEL,12,476.76,667.47
RIGHT_HEEL,13,480.73,673.14
RIGHT_HEEL,14,406.61,659.59
RIGHT_HEEL,15,277.51,735.84
RIGHT_HEEL,16,231.31,636.56
RIGHT_HEEL,17,231.53,635.46
RIGHT_HEEL,18,283.27,784.90
RIGHT_HEEL,19,138.69,609.27
RIGHT_HEEL,20,115.05,534.13
RIGHT_HEEL,21,131.36,507.21
RIGHT_HEEL,22,131.28,507.15
RIGHT_HEEL,23,176.96,484.47
RIGHT_HEEL,24,241.93,452.18
RIGHT_HEEL,25,329.95,410.19
RIGHT_HEEL,27,426.26,718.94
RIGHT_HEEL,29,490.79,703.19
RIGHT_HEEL,30,795.60,275.20
RIGHT_HEEL,31,795.36,275.00
RIGHT_HEEL,32,847.97,273.52
RIGHT_HEEL,33,884.50,280.35
RIGHT_HEEL,34,896.10,283.79
RIGHT_HEEL,35,897.16,284.41
RIGHT_HEEL,36,878.63,284.09
RIGHT_HEEL,37,823.59,303.95
RIGHT_HEEL,38,752.08,323.62
RIGHT_HEEL,39,752.06,323.23
RIGHT_HEEL,40,422.41,395.54
RIGHT_HEEL,41,501.17,412.37
RIGHT_HEEL,42,221.38,405.92
RIGHT_HEEL,43,224.60,408.73
RIGHT_HEEL,44,128.72,420.88
RIGHT_HEEL,45,65.29,443.09
RIGHT_HEEL,46,66.18,443.12
RIGHT_HEEL,47,122.01,513.67
RIGHT_HEEL,48,270.49,535.42
RIGHT_HEEL,49,268.45,535.30
RIGHT_HEEL,50,439.43,597.69
RIGHT_HEEL,51,646.75,602.13
RIGHT_HEEL,52,767.15,608.67
RIGHT_HEEL,53,766.95,609.40
RIGHT_HEEL,54,789.80,569.49
RIGHT_HEEL,55,573.83,542.63
RIGHT_HEEL,56,576.00,541.28
RIGHT_HEEL,57,459.73,435.24
RIGHT_HEEL,58,264.85,538.03
RIGHT_HEEL,59,266.05,537.43
RIGHT_HEEL,60,180.08,522.62
RIGHT_HEEL,61,154.33,539.33
RIGHT_HEEL,62,226.62,541.25
RIGHT_HEEL,63,395.75,516.98
RIGHT_HEEL,64,443.08,804.56
RIGHT_HEEL,65,450.36,773.51
RIGHT_HEEL,66,738.90,580.97
RIGHT_HEEL,67,850.64,572.93
RIGHT_HEEL,68,849.62,555.43
RIGHT_HEEL,69,846.25,552.94
RIGHT_HEEL,70,621.56,554.85
RIGHT_HEEL,71,620.26,551.59
RIGHT_HEEL,72,474.03,583.77
RIGHT_HEEL,73,625.77,788.08
RIGHT_HEEL,74,251.06,626.56
RIGHT_HEEL,75,252.14,628.79
RIGHT_HEEL,76,342.50,630.00
RIGHT_HEEL,77,470.96,625.11
RIGHT_HEEL,78,632.69,636.88
RIGHT_HEEL,79,631.41,636.72
RIGHT_HEEL,80,764.56,636.98
RIGHT_HEEL,81,775.09,589.73
RIGHT_HEEL,82,775.52,590.90
RIGHT_HEEL,83,775.75,592.82
RIGHT_HEEL,84,599.30,815.92
RIGHT_HEEL,85,598.55,815.68
RIGHT_HEEL,86,619.91,814.68
RIGHT_HEEL,87,265.56,636.55
RIGHT_HEEL,88,265.58,638.30
RIGHT_HEEL,89,232.81,636.97
RIGHT_HEEL,90,338.86,611.41
RIGHT_HEEL,91,340.89,610.54
RIGHT_HEEL,92,422.22,685.09
RIGHT_HEEL,93,422.32,718.79
RIGHT_HEEL,94,743.11,634.45
RIGHT_HEEL,95,743.31,634.97
RIGHT_HEEL,96,803.79,618.74
RIGHT_HEEL,97,770.38,575.43
RIGHT_HEEL,98,675.19,573.26
RIGHT_HEEL,99,678.10,573.52
RIGHT_HEEL,100,408.72,567.04
RIGHT_HEEL,101,412.96,567.44
RIGHT_HEEL,102,257.03,607.36
RIGHT_HEEL,103,174.94,612.38
RIGHT_HEEL,104,137.09,635.58
RIGHT_HEEL,105,159.06,629.89
RIGHT_HEEL,106,161.18,629.68
RIGHT_HEEL,107,288.42,604.44
RIGHT_HEEL,108,349.34,795.29
RIGHT_HEEL,109,626.07,663.68
RIGHT_HEEL,110,631.08,666.60
RIGHT_HEEL,111,668.20,644.83
RIGHT_HEEL,112,654.15,623.29
RIGHT_HEEL,113,654.82,623.16
RIGHT_HEEL,114,583.84,611.43
RIGHT_HEEL,115,495.54,603.35
RIGHT_HEEL,116,431.49,688.73
RIGHT_HEEL,117,442.91,725.09
RIGHT_HEEL,118,186.58,653.79
RIGHT_HEEL,119,184.10,655.64
RIGHT_HEEL,120,108.83,677.65
RIGHT_HEEL,121,107.93,677.82
RIGHT_HEEL,122,287.10,800.13
RIGHT_HEEL,123,232.15,789.93
RIGHT_HEEL,124,264.89,818.18
RIGHT_HEEL,125,253.60,834.87
RIGHT_HEEL,126,491.79,733.47
RIGHT_HEEL,127,492.03,732.86
RIGHT_HEEL,128,534.51,740.13
RIGHT_HEEL,129,539.91,734.11
RIGHT_HEEL,130,375.35,802.32
RIGHT_HEEL,131,464.99,731.41
RIGHT_HEEL,132,465.31,732.77
RIGHT_HEEL,133,363.51,717.02
RIGHT_HEEL,134,379.29,816.91
RIGHT_HEEL,135,380.14,817.32
RIGHT_HEEL,136,175.29,744.96
RIGHT_HEEL,137,175.70,744.28
RIGHT_HEEL,138,252.63,808.86
RIGHT_HEEL,139,284.28,820.59
RIGHT_HEEL,140,290.46,824.15
RIGHT_HEEL,141,496.06,755.96
RIGHT_HEEL,142,495.68,755.71
RIGHT_HEEL,143,503.41,758.78
RIGHT_HEEL,144,520.44,765.80
RIGHT_HEEL,145,537.74,725.41
RIGHT_HEEL,146,540.26,726.42
RIGHT_HEEL,147,503.70,726.15
RIGHT_HEEL,148,417.53,701.39
RIGHT_HEEL,149,417.74,702.75
RIGHT_HEEL,150,347.51,732.33
RIGHT_HEEL,151,273.32,734.86
RIGHT_HEEL,152,246.77,733.21
RIGHT_HEEL,153,236.82,761.07
RIGHT_HEEL,154,288.78,777.71
RIGHT_HEEL,155,339.77,810.72
RIGHT_HEEL,156,334.72,806.68
RIGHT_HEEL,157,435.05,771.37
RIGHT_HEEL,158,551.67,757.97
RIGHT_HEEL,159,552.39,756.02
RIGHT_HEEL,160,508.28,761.82
RIGHT_HEEL,161,502.81,763.38
RIGHT_HEEL,162,566.40,727.24
RIGHT_HEEL,163,565.44,729.44
RIGHT_HEEL,164,525.15,713.09
RIGHT_HEEL,165,525.39,714.34
RIGHT_HEEL,166,447.08,723.96
RIGHT_HEEL,167,287.82,734.17
RIGHT_HEEL,168,265.67,751.13
RIGHT_HEEL,169,277.13,753.15
RIGHT_HEEL,170,278.35,765.61
RIGHT_HEEL,171,277.87,764.64
RIGHT_HEEL,172,382.56,796.87
RIGHT_HEEL,173,451.48,763.46
RIGHT_HEEL,174,451.24,763.89
RIGHT_HEEL,175,521.40,723.92
RIGHT_HEEL,176,521.85,723.77
RIGHT_HEEL,177,496.33,787.77
RIGHT_HEEL,178,597.72,644.88
RIGHT_HEEL,179,598.28,644.39
RIGHT_HEEL,180,409.14,501.65
RIGHT_HEEL,181,409.29,501.97
RIGHT_HEEL,182,231.59,554.96
RIGHT_HEEL,183,234.38,556.45
RIGHT_HEEL,184,233.71,554.64
RIGHT_HEEL,185,188.51,554.38
RIGHT_HEEL,186,221.42,592.26
RIGHT_HEEL,187,272.16,564.21
RIGHT_HEEL,188,277.51,560.55
RIGHT_HEEL,189,363.52,788.73
RIGHT_HEEL,190,364.25,790.69
RIGHT_HEEL,191,443.48,754.47
RIGHT_HEEL,192,452.46,788.02
RIGHT_HEEL,193,454.42,793.86
RIGHT_HEEL,194,552.75,538.51
RIGHT_HEEL,195,429.77,558.41
RIGHT_HEEL,196,444.67,587.50
RIGHT_HEEL,197,286.42,499.23
RIGHT_HEEL,198,287.66,503.02
RIGHT_HEEL,199,200.74,513.44
RIGHT_HEEL,200,160.71,515.12
RIGHT_HEEL,201,160.73,515.36
RIGHT_HEEL,202,156.98,512.36
RIGHT_HEEL,203,218.65,496.88
RIGHT_HEEL,204,299.93,555.83
RIGHT_HEEL,205,502.90,450.29
RIGHT_HEEL,206,503.21,450.16
RIGHT_HEEL,207,422.61,748.99
RIGHT_HEEL,208,422.95,747.86
RIGHT_HEEL,209,441.00,805.27
RIGHT_HEEL,210,440.92,806.23
RIGHT_HEEL,211,416.59,799.09
RIGHT_HEEL,212,381.04,676.78
RIGHT_HEEL,213,334.10,437.05
RIGHT_HEEL,214,333.78,448.91
RIGHT_HEEL,215,232.07,335.49
RIGHT_HEEL,216,186.97,302.59
RIGHT_HEEL,217,187.08,301.55
RIGHT_HEEL,218,187.50,301.52
RIGHT_HEEL,219,258.03,338.32
RIGHT_HEEL,220,255.83,339.08
RIGHT_HEEL,221,391.11,317.08
RIGHT_HEEL,224,431.25,827.31
RIGHT_HEEL,225,431.47,827.45
RIGHT_HEEL,228,346.76,271.12
RIGHT_HEEL,229,279.54,302.07
RIGHT_HEEL,230,270.50,309.73
RIGHT_HEEL,231,202.74,289.81
RIGHT_HEEL,232,202.96,290.07
RIGHT_HEEL,238,419.78,820.53
RIGHT_HEEL,239,415.56,822.27
RIGHT_HEEL,240,304.14,431.06
RIGHT_HEEL,242,262.83,291.77
RIGHT_HEEL,243,262.16,291.07
RIGHT_HEEL,244,263.21,292.02
RIGHT_HEEL,245,245.12,309.62
RIGHT_HEEL,250,411.01,656.90
RIGHT_HEEL,251,430.67,344.20
RIGHT_HEEL,252,383.79,809.38
RIGHT_HEEL,253,334.11,338.81
RIGHT_HEEL,254,339.67,343.45
RIGHT_HEEL,255,305.69,317.31
RIGHT_HEEL,256,302.01,317.07
RIGHT_HEEL,257,272.58,306.94
RIGHT_HEEL,258,295.88,279.47
RIGHT_HEEL,259,293.53,288.84
RIGHT_HEEL,260,362.59,351.72
RIGHT_HEEL,261,374.05,349.78
RIGHT_HEEL,263,451.16,372.52
RIGHT_HEEL,265,412.51,228.28
RIGHT_HEEL,266,413.68,227.28
RIGHT_HEEL,267,417.93,219.13
RIGHT_HEEL,268,340.15,257.67
RIGHT_HEEL,269,293.25,215.65
RIGHT_HEEL,270,272.77,194.50
RIGHT_HEEL,271,273.49,155.73
RIGHT_HEEL,272,272.36,152.95
RIGHT_HEEL,273,271.47,151.50
RIGHT_HEEL,274,364.87,210.27
RIGHT_HEEL,275,366.27,207.79
RIGHT_HEEL,276,460.48,228.85
RIGHT_HEEL,277,506.92,126.11
RIGHT_HEEL,278,508.71,124.78
RIGHT_HEEL,279,508.35,830.99
RIGHT_HEEL,280,507.03,830.48
RIGHT_HEEL,281,548.51,195.00
RIGHT_HEEL,282,454.25,297.46
RIGHT_HEEL,283,428.44,337.74
RIGHT_HEEL,284,455.25,94.61
RIGHT_HEEL,285,455.82,95.34
RIGHT_HEEL,286,414.35,94.13
RIGHT_HEEL,287,392.18,93.57
RIGHT_HEEL,288,392.83,93.76
RIGHT_HEEL,289,384.66,88.90
RIGHT_HEEL,293,524.52,204.26
RIGHT_HEEL,294,523.84,854.91
RIGHT_HEEL,295,519.32,843.32
RIGHT_HEEL,296,579.46,207.04
RIGHT_HEEL,297,531.17,846.23
RIGHT_HEEL,298,609.83,299.80
RIGHT_HEEL,299,591.92,181.27
RIGHT_HEEL,300,463.25,97.41
RIGHT_HEEL,301,450.43,115.22
RIGHT_HEEL,302,447.44,129.51
RIGHT_HEEL,303,444.99,130.78
RIGHT_HEEL,304,421.61,96.46
RIGHT_HEEL,305,424.26,86.01
RIGHT_HEEL,306,416.69,99.29
RIGHT_HEEL,307,413.89,106.59
RIGHT_HEEL,308,416.59,99.11
RIGHT_HEEL,309,489.27,161.47
RIGHT_HEEL,310,566.39,176.80
RIGHT_HEEL,311,567.03,176.30
RIGHT_HEEL,312,577.75,108.96
RIGHT_HEEL,313,598.31,108.97
RIGHT_HEEL,314,598.83,862.22
RIGHT_HEEL,315,598.05,861.81
RIGHT_HEEL,316,602.53,863.89
RIGHT_HEEL,317,532.68,127.12
RIGHT_HEEL,318,532.60,126.63
RIGHT_HEEL,319,481.69,113.46
RIGHT_HEEL,320,480.80,124.89
RIGHT_HEEL,321,448.88,89.98
RIGHT_HEEL,322,448.24,90.56
RIGHT_HEEL,323,435.51,85.20
RIGHT_HEEL,324,422.86,82.29
RIGHT_HEEL,325,407.74,117.68
RIGHT_HEEL,326,444.48,625.52
RIGHT_HEEL,328,502.69,134.58
RIGHT_HEEL,329,552.21,184.78
RIGHT_HEEL,330,568.02,120.08
RIGHT_HEEL,331,569.42,121.55
RIGHT_HEEL,332,588.62,874.93
RIGHT_HEEL,333,587.81,874.88
RIGHT_HEEL,334,587.79,873.81
RIGHT_HEEL,335,609.97,299.86
RIGHT_HEEL,336,460.04,359.24
RIGHT_HEEL,337,451.95,360.35
RIGHT_HEEL,338,418.06,257.06
RIGHT_HEEL,339,379.08,263.67
RIGHT_HEEL,340,379.24,263.78
RIGHT_HEEL,341,349.50,286.27
RIGHT_HEEL,342,298.60,341.63
RIGHT_HEEL,343,245.25,395.10
RIGHT_HEEL,344,170.07,555.71
RIGHT_HEEL,345,169.42,556.10
RIGHT_HEEL,346,173.77,556.23
RIGHT_HEEL,347,200.14,668.39
RIGHT_HEEL,348,326.96,826.57
RIGHT_HEEL,349,366.44,818.93
RIGHT_HEEL,350,462.01,820.02
RIGHT_HEEL,351,462.10,819.84
RIGHT_HEEL,352,539.83,839.47
RIGHT_HEEL,353,591.11,832.68
RIGHT_HEEL,354,611.71,773.30
RIGHT_HEEL,355,612.31,772.62
RIGHT_HEEL,356,607.09,772.86
RIGHT_HEEL,357,590.56,785.41
RIGHT_HEEL,358,589.75,783.87
RIGHT_HEEL,359,572.78,802.95
RIGHT_HEEL,360,502.72,806.40
RIGHT_HEEL,361,503.70,805.08
RIGHT_HEEL,362,502.98,804.91
RIGHT_HEEL,363,438.33,818.67
RIGHT_HEEL,364,438.43,821.44
RIGHT_HEEL,365,411.75,825.10
RIGHT_HEEL,366,367.65,819.24
RIGHT_HEEL,367,367.11,820.75
RIGHT_HEEL,368,357.14,811.63
RIGHT_HEEL,369,346.13,804.40
RIGHT_HEEL,370,346.35,803.44
RIGHT_HEEL,371,328.74,785.55
RIGHT_HEEL,372,328.85,785.48
RIGHT_HEEL,373,308.49,790.41
RIGHT_HEEL,374,297.80,786.01
RIGHT_HEEL,375,283.34,781.28
RIGHT_HEEL,376,286.83,777.94
RIGHT_HEEL,377,261.32,783.18
RIGHT_HEEL,378,243.09,791.02
RIGHT_HEEL,379,243.78,790.30
RIGHT_HEEL,380,231.74,789.18
RIGHT_HEEL,381,226.34,784.66
RIGHT_HEEL,382,217.61,788.39
RIGHT_HEEL,383,216.99,789.56
RIGHT_HEEL,384,213.52,788.25
RIGHT_HEEL,385,209.13,793.76
RIGHT_HEEL,386,206.98,794.38
RIGHT_HEEL,387,206.83,787.64
RIGHT_HEEL,388,199.64,788.41
RIGHT_HEEL,389,196.96,792.76
RIGHT_HEEL,390,188.33,797.92
RIGHT_HEEL,391,188.43,797.83
RIGHT_HEEL,392,179.91,804.10
RIGHT_HEEL,393,174.37,806.46
RIGHT_HEEL,394,173.59,808.81
RIGHT_HEEL,395,173.91,808.82
RIGHT_HEEL,396,170.48,808.02
RIGHT_HEEL,397,171.77,815.53
RIGHT_HEEL,398,171.03,818.29
RIGHT_HEEL,399,171.02,820.82
RIGHT_HEEL,400,166.29,824.48
RIGHT_HEEL,401,173.91,811.52
RIGHT_HEEL,402,168.18,820.56
RIGHT_HEEL,403,167.62,822.17
RIGHT_HEEL,404,165.04,813.86
RIGHT_HEEL,405,165.39,816.44
RIGHT_HEEL,406,163.54,815.99
RIGHT_HEEL,407,168.82,809.77
RIGHT_HEEL,408,167.74,814.57
RIGHT_HEEL,409,172.49,804.48
RIGHT_HEEL,410,171.95,805.67
RIGHT_HEEL,411,167.99,812.10
RIGHT_HEEL,412,168.65,811.35
RIGHT_HEEL,413,168.47,815.48
RIGHT_HEEL,414,173.00,802.52
RIGHT_HEEL,415,172.90,805.92
RIGHT_HEEL,416,174.31,804.66
RIGHT_HEEL,417,168.12,810.11
RIGHT_HEEL,418,170.66,816.55
RIGHT_HEEL,419,170.79,820.03
RIGHT_HEEL,420,173.59,811.80
RIGHT_HEEL,421,169.00,819.83
RIGHT_HEEL,422,167.72,825.39
RIGHT_HEEL,423,168.42,819.54
RIGHT_HEEL,424,177.67,813.89
RIGHT_HEEL,425,174.39,818.10
RIGHT_HEEL,426,177.84,816.07
RIGHT_HEEL,427,180.36,808.92
RIGHT_HEEL,428,180.66,808.39
RIGHT_HEEL,429,185.37,808.55
RIGHT_HEEL,430,186.30,805.90
RIGHT_HEEL,431,187.29,803.90
RIGHT_HEEL,432,192.55,801.45
LEFT_FOOT_INDEX,0,393.83,733.69
LEFT_FOOT_INDEX,1,390.48,741.21
LEFT_FOOT_INDEX,2,391.13,741.52
LEFT_FOOT_INDEX,3,383.23,741.48
LEFT_FOOT_INDEX,4,383.11,741.32
LEFT_FOOT_INDEX,5,367.19,747.27
LEFT_FOOT_INDEX,6,742.09,709.43
LEFT_FOOT_INDEX,7,741.98,708.84
LEFT_FOOT_INDEX,8,275.26,759.45
LEFT_FOOT_INDEX,9,237.70,766.39
LEFT_FOOT_INDEX,10,616.28,699.63
LEFT_FOOT_INDEX,11,623.60,692.90
LEFT_FOOT_INDEX,12,192.46,782.84
LEFT_FOOT_INDEX,13,193.72,782.97
LEFT_FOOT_INDEX,14,203.22,787.74
LEFT_FOOT_INDEX,15,234.34,736.47
LEFT_FOOT_INDEX,16,260.07,792.35
LEFT_FOOT_INDEX,17,260.83,791.60
LEFT_FOOT_INDEX,18,130.46,609.79
LEFT_FOOT_INDEX,19,250.00,733.03
LEFT_FOOT_INDEX,20,419.90,806.75
LEFT_FOOT_INDEX,21,438.71,802.98
LEFT_FOOT_INDEX,22,438.67,803.33
LEFT_FOOT_INDEX,23,456.93,798.55
LEFT_FOOT_INDEX,24,478.12,793.55
LEFT_FOOT_INDEX,25,413.32,757.48
LEFT_FOOT_INDEX,27,382.73,422.46
LEFT_FOOT_INDEX,29,624.35,426.35
LEFT_FOOT_INDEX,30,474.19,818.18
LEFT_FOOT_INDEX,31,473.10,820.06
LEFT_FOOT_INDEX,32,478.20,822.46
LEFT_FOOT_INDEX,33,507.58,822.71
LEFT_FOOT_INDEX,34,558.38,828.21
LEFT_FOOT_INDEX,35,556.92,827.35
LEFT_FOOT_INDEX,36,583.89,825.83
LEFT_FOOT_INDEX,37,584.51,831.02
LEFT_FOOT_INDEX,38,598.41,829.16
LEFT_FOOT_INDEX,39,598.12,828.88
LEFT_FOOT_INDEX,40,600.21,828.39
LEFT_FOOT_INDEX,41,581.02,802.78
LEFT_FOOT_INDEX,42,550.35,805.10
LEFT_FOOT_INDEX,43,554.33,811.23
LEFT_FOOT_INDEX,44,541.46,817.82
LEFT_FOOT_INDEX,45,515.52,824.47
LEFT_FOOT_INDEX,46,515.93,824.83
LEFT_FOOT_INDEX,47,473.01,833.74
LEFT_FOOT_INDEX,48,449.89,839.82
LEFT_FOOT_INDEX,49,450.08,839.81
LEFT_FOOT_INDEX,50,431.37,838.15
LEFT_FOOT_INDEX,51,415.99,844.48
LEFT_FOOT_INDEX,52,397.47,837.71
LEFT_FOOT_INDEX,53,393.79,840.22
LEFT_FOOT_INDEX,54,380.75,851.02
LEFT_FOOT_INDEX,55,394.16,857.55
LEFT_FOOT_INDEX,56,394.70,857.83
LEFT_FOOT_INDEX,57,434.66,861.31
LEFT_FOOT_INDEX,58,459.62,854.56
LEFT_FOOT_INDEX,59,459.07,854.98
LEFT_FOOT_INDEX,60,486.90,856.56
LEFT_FOOT_INDEX,61,498.33,837.44
LEFT_FOOT_INDEX,62,511.71,850.11
LEFT_FOOT_INDEX,63,519.12,857.46
LEFT_FOOT_INDEX,64,512.75,733.29
LEFT_FOOT_INDEX,65,493.15,809.74
LEFT_FOOT_INDEX,66,506.77,843.52
LEFT_FOOT_INDEX,67,506.72,836.87
LEFT_FOOT_INDEX,68,509.15,833.53
LEFT_FOOT_INDEX,69,508.57,831.54
LEFT_FOOT_INDEX,70,535.22,818.79
LEFT_FOOT_INDEX,71,535.74,818.33
LEFT_FOOT_INDEX,72,553.67,821.77
LEFT_FOOT_INDEX,73,344.65,689.65
LEFT_FOOT_INDEX,74,597.92,803.98
LEFT_FOOT_INDEX,75,597.56,802.33
LEFT_FOOT_INDEX,76,529.34,802.81
LEFT_FOOT_INDEX,77,520.20,806.30
LEFT_FOOT_INDEX,78,503.44,808.00
LEFT_FOOT_INDEX,79,503.45,806.99
LEFT_FOOT_INDEX,80,474.71,807.81
LEFT_FOOT_INDEX,81,487.81,821.95
LEFT_FOOT_INDEX,82,488.79,820.87
LEFT_FOOT_INDEX,83,483.50,822.41
LEFT_FOOT_INDEX,84,530.73,797.65
LEFT_FOOT_INDEX,85,530.71,797.01
LEFT_FOOT_INDEX,86,351.30,605.25
LEFT_FOOT_INDEX,87,556.09,840.89
LEFT_FOOT_INDEX,88,560.06,839.46
LEFT_FOOT_INDEX,89,536.62,829.30
LEFT_FOOT_INDEX,90,502.93,833.24
LEFT_FOOT_INDEX,91,499.17,832.27
LEFT_FOOT_INDEX,92,480.26,826.46
LEFT_FOOT_INDEX,93,472.34,802.94
LEFT_FOOT_INDEX,94,484.99,843.29
LEFT_FOOT_INDEX,95,484.86,843.32
LEFT_FOOT_INDEX,96,481.24,836.48
LEFT_FOOT_INDEX,97,487.45,835.37
LEFT_FOOT_INDEX,98,470.38,830.19
LEFT_FOOT_INDEX,99,464.09,830.47
LEFT_FOOT_INDEX,100,460.94,842.28
LEFT_FOOT_INDEX,101,460.92,842.20
LEFT_FOOT_INDEX,102,469.66,838.07
LEFT_FOOT_INDEX,103,471.65,834.44
LEFT_FOOT_INDEX,104,455.94,831.22
LEFT_FOOT_INDEX,105,446.56,833.49
LEFT_FOOT_INDEX,106,442.97,830.74
LEFT_FOOT_INDEX,107,409.35,827.42
LEFT_FOOT_INDEX,108,389.08,824.20
LEFT_FOOT_INDEX,109,369.51,837.41
LEFT_FOOT_INDEX,110,369.13,835.86
LEFT_FOOT_INDEX,111,373.19,845.56
LEFT_FOOT_INDEX,112,387.54,832.71
LEFT_FOOT_INDEX,113,386.51,832.16
LEFT_FOOT_INDEX,114,395.49,788.33
LEFT_FOOT_INDEX,115,377.65,840.27
LEFT_FOOT_INDEX,116,386.34,845.39
LEFT_FOOT_INDEX,117,386.62,844.00
LEFT_FOOT_INDEX,118,414.03,833.07
LEFT_FOOT_INDEX,119,413.03,833.01
LEFT_FOOT_INDEX,120,391.53,835.90
LEFT_FOOT_INDEX,121,391.88,835.67
LEFT_FOOT_INDEX,122,247.38,815.89
LEFT_FOOT_INDEX,123,255.75,820.19
LEFT_FOOT_INDEX,124,251.55,760.21
LEFT_FOOT_INDEX,125,376.80,766.68
LEFT_FOOT_INDEX,126,303.08,853.27
LEFT_FOOT_INDEX,127,303.00,852.96
LEFT_FOOT_INDEX,128,303.64,856.86
LEFT_FOOT_INDEX,129,304.73,854.45
LEFT_FOOT_INDEX,130,556.78,760.10
LEFT_FOOT_INDEX,131,343.21,850.50
LEFT_FOOT_INDEX,132,344.47,850.19
LEFT_FOOT_INDEX,133,365.15,824.84
LEFT_FOOT_INDEX,134,250.67,777.61
LEFT_FOOT_INDEX,135,251.80,770.88
LEFT_FOOT_INDEX,136,362.98,842.23
LEFT_FOOT_INDEX,137,362.49,841.79
LEFT_FOOT_INDEX,138,254.83,829.59
LEFT_FOOT_INDEX,139,293.21,804.33
LEFT_FOOT_INDEX,140,362.43,799.10
LEFT_FOOT_INDEX,141,358.07,850.08
LEFT_FOOT_INDEX,142,362.14,850.11
LEFT_FOOT_INDEX,143,364.06,851.08
LEFT_FOOT_INDEX,144,365.69,848.44
LEFT_FOOT_INDEX,145,398.57,848.00
LEFT_FOOT_INDEX,146,396.42,848.20
LEFT_FOOT_INDEX,147,421.13,838.90
LEFT_FOOT_INDEX,148,440.30,803.37
LEFT_FOOT_INDEX,149,440.49,803.71
LEFT_FOOT_INDEX,150,454.60,829.14
LEFT_FOOT_INDEX,151,462.45,829.84
LEFT_FOOT_INDEX,152,428.04,835.47
LEFT_FOOT_INDEX,153,407.49,826.35
LEFT_FOOT_INDEX,154,387.93,795.46
LEFT_FOOT_INDEX,155,406.95,804.51
LEFT_FOOT_INDEX,156,407.55,798.30
LEFT_FOOT_INDEX,157,410.27,821.23
LEFT_FOOT_INDEX,158,419.64,826.54
LEFT_FOOT_INDEX,159,419.29,826.57
LEFT_FOOT_INDEX,160,469.87,815.95
LEFT_FOOT_INDEX,161,502.98,806.27
LEFT_FOOT_INDEX,162,444.52,827.46
LEFT_FOOT_INDEX,163,446.73,824.95
LEFT_FOOT_INDEX,164,459.45,826.18
LEFT_FOOT_INDEX,165,456.14,826.26
LEFT_FOOT_INDEX,166,454.03,792.64
LEFT_FOOT_INDEX,167,465.59,827.06
LEFT_FOOT_INDEX,168,451.62,825.34
LEFT_FOOT_INDEX,169,449.64,824.95
LEFT_FOOT_INDEX,170,369.06,811.74
LEFT_FOOT_INDEX,171,381.27,815.09
LEFT_FOOT_INDEX,172,430.84,800.30
LEFT_FOOT_INDEX,173,419.00,820.69
LEFT_FOOT_INDEX,174,419.96,819.49
LEFT_FOOT_INDEX,175,430.87,826.11
LEFT_FOOT_INDEX,176,431.14,825.91
LEFT_FOOT_INDEX,177,524.19,785.58
LEFT_FOOT_INDEX,178,429.32,823.02
LEFT_FOOT_INDEX,179,429.28,822.92
LEFT_FOOT_INDEX,180,436.32,818.97
LEFT_FOOT_INDEX,181,434.25,819.58
LEFT_FOOT_INDEX,182,444.84,816.00
LEFT_FOOT_INDEX,183,444.93,811.58
LEFT_FOOT_INDEX,184,441.82,810.62
LEFT_FOOT_INDEX,185,439.82,821.93
LEFT_FOOT_INDEX,186,393.43,813.35
LEFT_FOOT_INDEX,187,359.58,804.74
LEFT_FOOT_INDEX,188,359.30,801.83
LEFT_FOOT_INDEX,189,496.67,583.40
LEFT_FOOT_INDEX,190,501.47,604.00
LEFT_FOOT_INDEX,191,600.06,619.42
LEFT_FOOT_INDEX,192,679.15,554.22
LEFT_FOOT_INDEX,193,679.79,556.51
LEFT_FOOT_INDEX,194,400.72,822.43
LEFT_FOOT_INDEX,195,402.79,824.69
LEFT_FOOT_INDEX,196,402.68,825.89
LEFT_FOOT_INDEX,197,415.56,816.96
LEFT_FOOT_INDEX,198,416.61,819.05
LEFT_FOOT_INDEX,199,408.80,820.53
LEFT_FOOT_INDEX,200,361.65,821.05
LEFT_FOOT_INDEX,201,362.14,821.18
LEFT_FOOT_INDEX,202,375.57,823.10
LEFT_FOOT_INDEX,203,355.25,821.35
LEFT_FOOT_INDEX,204,382.90,822.16
LEFT_FOOT_INDEX,205,377.64,825.25
LEFT_FOOT_INDEX,206,377.98,825.01
LEFT_FOOT_INDEX,207,522.22,437.03
LEFT_FOOT_INDEX,208,521.34,437.16
LEFT_FOOT_INDEX,209,578.93,378.33
LEFT_FOOT_INDEX,210,578.31,378.42
LEFT_FOOT_INDEX,211,366.61,829.92
LEFT_FOOT_INDEX,212,367.98,829.25
LEFT_FOOT_INDEX,213,358.95,814.07
LEFT_FOOT_INDEX,214,360.34,813.73
LEFT_FOOT_INDEX,215,368.77,829.53
LEFT_FOOT_INDEX,216,282.94,815.53
LEFT_FOOT_INDEX,217,272.24,817.05
LEFT_FOOT_INDEX,218,275.52,820.39
LEFT_FOOT_INDEX,219,309.97,825.55
LEFT_FOOT_INDEX,220,308.48,825.11
LEFT_FOOT_INDEX,221,316.16,831.93
LEFT_FOOT_INDEX,224,524.01,259.31
LEFT_FOOT_INDEX,225,523.77,258.80
LEFT_FOOT_INDEX,228,380.42,832.04
LEFT_FOOT_INDEX,229,379.02,831.91
LEFT_FOOT_INDEX,230,377.82,830.78
LEFT_FOOT_INDEX,231,310.94,825.02
LEFT_FOOT_INDEX,232,283.80,836.33
LEFT_FOOT_INDEX,238,443.56,332.55
LEFT_FOOT_INDEX,239,457.74,303.73
LEFT_FOOT_INDEX,240,362.78,837.94
LEFT_FOOT_INDEX,242,261.47,802.45
LEFT_FOOT_INDEX,243,258.66,800.54
LEFT_FOOT_INDEX,244,266.20,805.52
LEFT_FOOT_INDEX,245,326.00,832.22
LEFT_FOOT_INDEX,250,369.19,454.03
LEFT_FOOT_INDEX,251,348.63,828.01
LEFT_FOOT_INDEX,252,427.09,256.50
LEFT_FOOT_INDEX,253,371.92,843.58
LEFT_FOOT_INDEX,254,370.66,842.14
LEFT_FOOT_INDEX,255,278.42,834.80
LEFT_FOOT_INDEX,256,282.67,848.42
LEFT_FOOT_INDEX,257,320.25,840.03
LEFT_FOOT_INDEX,258,351.44,851.68
LEFT_FOOT_INDEX,259,350.74,844.92
LEFT_FOOT_INDEX,260,347.91,846.19
LEFT_FOOT_INDEX,261,348.57,846.54
LEFT_FOOT_INDEX,263,357.59,803.44
LEFT_FOOT_INDEX,265,375.30,837.66
LEFT_FOOT_INDEX,266,378.67,840.36
LEFT_FOOT_INDEX,267,379.21,838.07
LEFT_FOOT_INDEX,268,380.17,832.03
LEFT_FOOT_INDEX,269,397.37,845.05
LEFT_FOOT_INDEX,270,391.99,844.17
LEFT_FOOT_INDEX,271,390.09,843.94
LEFT_FOOT_INDEX,272,387.26,845.40
LEFT_FOOT_INDEX,273,387.29,844.80
LEFT_FOOT_INDEX,274,367.89,828.90
LEFT_FOOT_INDEX,275,369.15,827.63
LEFT_FOOT_INDEX,276,384.02,842.07
LEFT_FOOT_INDEX,277,406.86,859.94
LEFT_FOOT_INDEX,278,406.87,859.57
LEFT_FOOT_INDEX,279,552.01,52.07
LEFT_FOOT_INDEX,280,564.67,46.57
LEFT_FOOT_INDEX,281,434.11,850.42
LEFT_FOOT_INDEX,282,444.77,849.71
LEFT_FOOT_INDEX,283,447.54,850.50
LEFT_FOOT_INDEX,284,445.80,851.87
LEFT_FOOT_INDEX,285,443.98,850.50
LEFT_FOOT_INDEX,286,429.55,838.52
LEFT_FOOT_INDEX,287,448.58,859.62
LEFT_FOOT_INDEX,288,449.28,855.47
LEFT_FOOT_INDEX,289,438.94,858.80
LEFT_FOOT_INDEX,293,406.16,861.97
LEFT_FOOT_INDEX,294,559.86,100.94
LEFT_FOOT_INDEX,295,563.47,107.93
LEFT_FOOT_INDEX,296,453.77,868.51
LEFT_FOOT_INDEX,297,593.51,177.47
LEFT_FOOT_INDEX,298,458.09,793.70
LEFT_FOOT_INDEX,299,472.94,879.23
LEFT_FOOT_INDEX,300,488.61,876.76
LEFT_FOOT_INDEX,301,488.61,874.85
LEFT_FOOT_INDEX,302,487.64,878.10
LEFT_FOOT_INDEX,303,487.12,877.60
LEFT_FOOT_INDEX,304,485.89,872.14
LEFT_FOOT_INDEX,305,482.40,883.98
LEFT_FOOT_INDEX,306,465.59,877.67
LEFT_FOOT_INDEX,307,466.38,876.05
LEFT_FOOT_INDEX,308,466.55,873.10
LEFT_FOOT_INDEX,309,458.27,871.36
LEFT_FOOT_INDEX,310,465.45,882.02
LEFT_FOOT_INDEX,311,467.48,879.57
LEFT_FOOT_INDEX,312,467.95,884.98
LEFT_FOOT_INDEX,313,486.25,885.26
LEFT_FOOT_INDEX,314,621.17,26.86
LEFT_FOOT_INDEX,315,628.96,23.40
LEFT_FOOT_INDEX,316,620.83,31.29
LEFT_FOOT_INDEX,317,555.17,872.39
LEFT_FOOT_INDEX,318,557.11,877.75
LEFT_FOOT_INDEX,319,542.14,858.07
LEFT_FOOT_INDEX,320,539.44,841.04
LEFT_FOOT_INDEX,321,539.43,882.21
LEFT_FOOT_INDEX,322,538.79,882.42
LEFT_FOOT_INDEX,323,526.55,882.77
LEFT_FOOT_INDEX,324,515.23,876.61
LEFT_FOOT_INDEX,325,500.00,874.69
LEFT_FOOT_INDEX,326,422.60,255.29
LEFT_FOOT_INDEX,328,478.04,867.96
LEFT_FOOT_INDEX,329,474.51,880.77
LEFT_FOOT_INDEX,330,471.49,890.16
LEFT_FOOT_INDEX,331,471.97,890.72
LEFT_FOOT_INDEX,332,570.21,92.99
LEFT_FOOT_INDEX,333,569.84,91.18
LEFT_FOOT_INDEX,334,571.36,79.85
LEFT_FOOT_INDEX,335,500.94,884.94
LEFT_FOOT_INDEX,336,520.57,873.29
LEFT_FOOT_INDEX,337,520.18,873.82
LEFT_FOOT_INDEX,338,509.00,858.96
LEFT_FOOT_INDEX,339,501.70,863.60
LEFT_FOOT_INDEX,340,501.66,863.98
LEFT_FOOT_INDEX,341,494.90,871.09
LEFT_FOOT_INDEX,342,494.31,868.66
LEFT_FOOT_INDEX,343,484.76,867.45
LEFT_FOOT_INDEX,344,476.94,876.35
LEFT_FOOT_INDEX,345,476.65,877.62
LEFT_FOOT_INDEX,346,476.81,878.63
LEFT_FOOT_INDEX,347,474.25,871.80
LEFT_FOOT_INDEX,348,359.10,826.79
LEFT_FOOT_INDEX,349,457.44,860.17
LEFT_FOOT_INDEX,350,439.77,863.41
LEFT_FOOT_INDEX,351,439.68,863.46
LEFT_FOOT_INDEX,352,427.34,861.19
LEFT_FOOT_INDEX,353,432.50,862.17
LEFT_FOOT_INDEX,354,411.90,878.52
LEFT_FOOT_INDEX,355,412.20,878.54
LEFT_FOOT_INDEX,356,420.22,878.50
LEFT_FOOT_INDEX,357,434.95,883.53
LEFT_FOOT_INDEX,358,435.34,880.79
LEFT_FOOT_INDEX,359,451.82,890.12
LEFT_FOOT_INDEX,360,509.52,883.04
LEFT_FOOT_INDEX,361,510.73,884.41
LEFT_FOOT_INDEX,362,513.94,887.97
LEFT_FOOT_INDEX,363,559.18,883.31
LEFT_FOOT_INDEX,364,559.04,885.21
LEFT_FOOT_INDEX,365,578.97,878.87
LEFT_FOOT_INDEX,366,622.58,871.38
LEFT_FOOT_INDEX,367,623.34,871.78
LEFT_FOOT_INDEX,368,622.97,855.94
LEFT_FOOT_INDEX,369,616.98,854.46
LEFT_FOOT_INDEX,370,617.04,854.41
LEFT_FOOT_INDEX,371,592.04,850.03
LEFT_FOOT_INDEX,372,592.04,849.92
LEFT_FOOT_INDEX,373,575.53,848.05
LEFT_FOOT_INDEX,374,559.27,848.94
LEFT_FOOT_INDEX,375,540.14,846.20
LEFT_FOOT_INDEX,376,540.85,846.64
LEFT_FOOT_INDEX,377,527.25,846.49
LEFT_FOOT_INDEX,378,511.04,843.33
LEFT_FOOT_INDEX,379,509.47,843.42
LEFT_FOOT_INDEX,380,499.48,843.75
LEFT_FOOT_INDEX,381,486.31,842.92
LEFT_FOOT_INDEX,382,475.18,840.34
LEFT_FOOT_INDEX,383,473.85,839.93
LEFT_FOOT_INDEX,384,462.50,839.20
LEFT_FOOT_INDEX,385,453.86,839.31
LEFT_FOOT_INDEX,386,443.85,841.63
LEFT_FOOT_INDEX,387,430.07,835.99
LEFT_FOOT_INDEX,388,429.07,836.78
LEFT_FOOT_INDEX,389,428.82,836.86
LEFT_FOOT_INDEX,390,418.48,831.40
LEFT_FOOT_INDEX,391,415.12,833.02
LEFT_FOOT_INDEX,392,414.53,837.27
LEFT_FOOT_INDEX,393,412.64,837.45
LEFT_FOOT_INDEX,394,409.38,834.99
LEFT_FOOT_INDEX,395,408.20,834.67
LEFT_FOOT_INDEX,396,410.79,836.50
LEFT_FOOT_INDEX,397,403.56,834.85
LEFT_FOOT_INDEX,398,401.69,833.28
LEFT_FOOT_INDEX,399,402.55,833.99
LEFT_FOOT_INDEX,400,401.30,835.83
LEFT_FOOT_INDEX,401,400.66,833.86
LEFT_FOOT_INDEX,402,397.11,833.57
LEFT_FOOT_INDEX,403,397.65,832.46
LEFT_FOOT_INDEX,404,397.78,835.51
LEFT_FOOT_INDEX,405,396.23,833.08
LEFT_FOOT_INDEX,406,397.48,830.89
LEFT_FOOT_INDEX,407,399.17,833.94
LEFT_FOOT_INDEX,408,400.74,831.53
LEFT_FOOT_INDEX,409,399.95,831.20
LEFT_FOOT_INDEX,410,399.41,826.66
LEFT_FOOT_INDEX,411,400.34,834.77
LEFT_FOOT_INDEX,412,402.78,833.35
LEFT_FOOT_INDEX,413,402.94,834.51
LEFT_FOOT_INDEX,414,405.33,826.50
LEFT_FOOT_INDEX,415,404.66,827.62
LEFT_FOOT_INDEX,416,406.63,829.37
LEFT_FOOT_INDEX,417,410.30,833.74
LEFT_FOOT_INDEX,418,410.37,833.17
LEFT_FOOT_INDEX,419,400.59,827.56
LEFT_FOOT_INDEX,420,407.77,829.37
LEFT_FOOT_INDEX,421,405.66,829.87
LEFT_FOOT_INDEX,422,409.12,836.33
LEFT_FOOT_INDEX,423,404.83,836.47
LEFT_FOOT_INDEX,424,403.08,830.11
LEFT_FOOT_INDEX,425,409.58,836.79
LEFT_FOOT_INDEX,426,406.15,832.16
LEFT_FOOT_INDEX,427,406.66,829.37
LEFT_FOOT_INDEX,428,406.72,829.60
LEFT_FOOT_INDEX,429,413.61,839.57
LEFT_FOOT_INDEX,430,413.26,835.45
LEFT_FOOT_INDEX,431,411.56,833.57
LEFT_FOOT_INDEX,432,412.73,832.43
RIGHT_FOOT_INDEX,0,579.71,754.95
RIGHT_FOOT_INDEX,1,670.56,762.90
RIGHT_FOOT_INDEX,2,671.45,764.50
RIGHT_FOOT_INDEX,3,715.24,749.57
RIGHT_FOOT_INDEX,4,715.31,748.73
RIGHT_FOOT_INDEX,5,739.75,745.30
RIGHT_FOOT_INDEX,6,303.54,760.61
RIGHT_FOOT_INDEX,7,304.23,759.95
RIGHT_FOOT_INDEX,8,689.73,693.46
RIGHT_FOOT_INDEX,9,658.66,681.62
RIGHT_FOOT_INDEX,10,222.02,767.45
RIGHT_FOOT_INDEX,11,218.19,769.15
RIGHT_FOOT_INDEX,12,454.02,686.24
RIGHT_FOOT_INDEX,13,462.01,687.60
RIGHT_FOOT_INDEX,14,374.94,694.05
RIGHT_FOOT_INDEX,15,269.61,753.09
RIGHT_FOOT_INDEX,16,199.44,650.29
RIGHT_FOOT_INDEX,17,201.57,649.72
RIGHT_FOOT_INDEX,18,305.84,802.93
RIGHT_FOOT_INDEX,19,91.31,616.59
RIGHT_FOOT_INDEX,20,81.79,579.64
RIGHT_FOOT_INDEX,21,97.38,556.01
RIGHT_FOOT_INDEX,22,97.57,555.96
RIGHT_FOOT_INDEX,23,141.96,515.94
RIGHT_FOOT_INDEX,24,201.42,483.89
RIGHT_FOOT_INDEX,25,272.85,421.23
RIGHT_FOOT_INDEX,27,444.27,734.92
RIGHT_FOOT_INDEX,29,424.99,734.07
RIGHT_FOOT_INDEX,30,874.31,292.98
RIGHT_FOOT_INDEX,31,870.18,294.33
RIGHT_FOOT_INDEX,32,917.07,282.94
RIGHT_FOOT_INDEX,33,948.70,277.54
RIGHT_FOOT_INDEX,34,952.39,280.24
RIGHT_FOOT_INDEX,35,952.15,279.67
RIGHT_FOOT_INDEX,36,920.48,289.59
RIGHT_FOOT_INDEX,37,861.04,289.29
RIGHT_FOOT_INDEX,38,761.31,312.67
RIGHT_FOOT_INDEX,39,761.44,312.66
RIGHT_FOOT_INDEX,40,359.59,370.02
RIGHT_FOOT_INDEX,41,508.95,423.44
RIGHT_FOOT_INDEX,42,175.86,388.29
RIGHT_FOOT_INDEX,43,177.13,388.55
RIGHT_FOOT_INDEX,44,77.12,462.01
RIGHT_FOOT_INDEX,45,28.12,504.68
RIGHT_FOOT_INDEX,46,28.30,502.97
RIGHT_FOOT_INDEX,47,152.45,550.19
RIGHT_FOOT_INDEX,48,280.45,549.53
RIGHT_FOOT_INDEX,49,274.98,553.27
RIGHT_FOOT_INDEX,50,497.62,623.40
RIGHT_FOOT_INDEX,51,716.22,589.33
RIGHT_FOOT_INDEX,52,812.17,563.75
RIGHT_FOOT_INDEX,53,813.32,562.29
RIGHT_FOOT_INDEX,54,826.25,579.98
RIGHT_FOOT_INDEX,55,573.74,520.63
RIGHT_FOOT_INDEX,56,576.68,520.30
RIGHT_FOOT_INDEX,57,433.76,399.00
RIGHT_FOOT_INDEX,58,190.76,499.52
RIGHT_FOOT_INDEX,59,190.14,501.46
RIGHT_FOOT_INDEX,60,138.95,501.66
RIGHT_FOOT_INDEX,61,101.12,502.83
RIGHT_FOOT_INDEX,62,202.14,549.67
RIGHT_FOOT_INDEX,63,384.67,518.69
RIGHT_FOOT_INDEX,64,513.16,837.89
RIGHT_FOOT_INDEX,65,520.49,793.83
RIGHT_FOOT_INDEX,66,793.33,541.61
RIGHT_FOOT_INDEX,67,900.36,528.55
RIGHT_FOOT_INDEX,68,892.19,539.80
RIGHT_FOOT_INDEX,69,885.81,534.14
RIGHT_FOOT_INDEX,70,624.74,586.36
RIGHT_FOOT_INDEX,71,633.45,589.25
RIGHT_FOOT_INDEX,72,417.40,585.59
RIGHT_FOOT_INDEX,73,576.95,809.14
RIGHT_FOOT_INDEX,74,198.03,617.54
RIGHT_FOOT_INDEX,75,199.14,617.85
RIGHT_FOOT_INDEX,76,352.02,645.66
RIGHT_FOOT_INDEX,77,484.57,648.61
RIGHT_FOOT_INDEX,78,695.32,629.63
RIGHT_FOOT_INDEX,79,696.06,627.79
RIGHT_FOOT_INDEX,80,805.44,631.91
RIGHT_FOOT_INDEX,81,810.22,586.82
RIGHT_FOOT_INDEX,82,808.38,576.53
RIGHT_FOOT_INDEX,83,806.38,579.12
RIGHT_FOOT_INDEX,84,541.47,828.50
RIGHT_FOOT_INDEX,85,543.59,828.39
RIGHT_FOOT_INDEX,86,545.37,833.29
RIGHT_FOOT_INDEX,87,216.72,626.36
RIGHT_FOOT_INDEX,88,206.80,628.23
RIGHT_FOOT_INDEX,89,206.28,672.40
RIGHT_FOOT_INDEX,90,357.07,642.44
RIGHT_FOOT_INDEX,91,333.21,646.43
RIGHT_FOOT_INDEX,92,452.60,675.36
RIGHT_FOOT_INDEX,93,450.75,722.92
RIGHT_FOOT_INDEX,94,795.44,586.97
RIGHT_FOOT_INDEX,95,789.66,587.44
RIGHT_FOOT_INDEX,96,833.05,599.68
RIGHT_FOOT_INDEX,97,802.29,585.87
RIGHT_FOOT_INDEX,98,704.18,589.15
RIGHT_FOOT_INDEX,99,708.84,589.91
RIGHT_FOOT_INDEX,100,351.73,563.08
RIGHT_FOOT_INDEX,101,351.70,563.42
RIGHT_FOOT_INDEX,102,207.26,565.94
RIGHT_FOOT_INDEX,103,127.51,623.23
RIGHT_FOOT_INDEX,104,90.41,634.69
RIGHT_FOOT_INDEX,105,138.25,663.42
RIGHT_FOOT_INDEX,106,140.75,664.46
RIGHT_FOOT_INDEX,107,302.75,632.78
RIGHT_FOOT_INDEX,108,364.52,821.35
RIGHT_FOOT_INDEX,109,665.65,652.28
RIGHT_FOOT_INDEX,110,667.10,652.36
RIGHT_FOOT_INDEX,111,719.48,646.67
RIGHT_FOOT_INDEX,112,693.77,640.54
RIGHT_FOOT_INDEX,113,699.52,646.21
RIGHT_FOOT_INDEX,114,628.62,631.55
RIGHT_FOOT_INDEX,115,478.33,645.14
RIGHT_FOOT_INDEX,116,385.12,706.68
RIGHT_FOOT_INDEX,117,388.26,744.10
RIGHT_FOOT_INDEX,118,141.01,671.91
RIGHT_FOOT_INDEX,119,134.77,673.00
RIGHT_FOOT_INDEX,120,97.04,721.87
RIGHT_FOOT_INDEX,121,97.83,722.07
RIGHT_FOOT_INDEX,122,263.83,830.40
RIGHT_FOOT_INDEX,123,253.96,825.98
RIGHT_FOOT_INDEX,124,312.75,836.62
RIGHT_FOOT_INDEX,125,327.67,855.07
RIGHT_FOOT_INDEX,126,522.15,761.21
RIGHT_FOOT_INDEX,127,529.41,766.94
RIGHT_FOOT_INDEX,128,481.06,795.65
RIGHT_FOOT_INDEX,129,541.58,778.72
RIGHT_FOOT_INDEX,130,318.71,856.95
RIGHT_FOOT_INDEX,131,431.51,782.72
RIGHT_FOOT_INDEX,132,444.91,767.43
RIGHT_FOOT_INDEX,133,330.25,754.42
RIGHT_FOOT_INDEX,134,369.66,833.59
RIGHT_FOOT_INDEX,135,376.30,833.18
RIGHT_FOOT_INDEX,136,181.28,809.53
RIGHT_FOOT_INDEX,137,181.49,809.09
RIGHT_FOOT_INDEX,138,267.25,839.75
RIGHT_FOOT_INDEX,139,352.25,846.46
RIGHT_FOOT_INDEX,140,334.55,847.49
RIGHT_FOOT_INDEX,141,460.60,802.11
RIGHT_FOOT_INDEX,142,464.83,808.22
RIGHT_FOOT_INDEX,143,511.01,784.69
RIGHT_FOOT_INDEX,144,488.71,790.02
RIGHT_FOOT_INDEX,145,531.68,758.52
RIGHT_FOOT_INDEX,146,531.03,757.61
RIGHT_FOOT_INDEX,147,456.69,771.99
RIGHT_FOOT_INDEX,148,396.41,744.83
RIGHT_FOOT_INDEX,149,396.69,742.59
RIGHT_FOOT_INDEX,150,307.80,764.76
RIGHT_FOOT_INDEX,151,250.00,783.33
RIGHT_FOOT_INDEX,152,250.55,798.44
RIGHT_FOOT_INDEX,153,287.28,816.15
RIGHT_FOOT_INDEX,154,341.54,837.74
RIGHT_FOOT_INDEX,155,407.56,827.36
RIGHT_FOOT_INDEX,156,406.56,827.82
RIGHT_FOOT_INDEX,157,486.35,819.82
RIGHT_FOOT_INDEX,158,561.66,796.61
RIGHT_FOOT_INDEX,159,561.28,796.37
RIGHT_FOOT_INDEX,160,490.59,796.03
RIGHT_FOOT_INDEX,161,488.66,798.11
RIGHT_FOOT_INDEX,162,518.81,783.19
RIGHT_FOOT_INDEX,163,524.15,787.61
RIGHT_FOOT_INDEX,164,494.95,755.15
RIGHT_FOOT_INDEX,165,498.56,755.73
RIGHT_FOOT_INDEX,166,418.54,747.91
RIGHT_FOOT_INDEX,167,283.33,783.01
RIGHT_FOOT_INDEX,168,292.71,808.54
RIGHT_FOOT_INDEX,169,299.23,809.50
RIGHT_FOOT_INDEX,170,334.43,816.30
RIGHT_FOOT_INDEX,171,334.22,816.08
RIGHT_FOOT_INDEX,172,443.39,813.41
RIGHT_FOOT_INDEX,173,483.65,820.62
RIGHT_FOOT_INDEX,174,483.53,822.91
RIGHT_FOOT_INDEX,175,531.52,763.25
RIGHT_FOOT_INDEX,176,531.48,763.15
RIGHT_FOOT_INDEX,177,483.75,822.27
RIGHT_FOOT_INDEX,178,577.76,686.75
RIGHT_FOOT_INDEX,179,576.12,689.71
RIGHT_FOOT_INDEX,180,392.54,505.91
RIGHT_FOOT_INDEX,181,393.80,509.94
RIGHT_FOOT_INDEX,182,190.02,583.86
RIGHT_FOOT_INDEX,183,189.20,583.54
RIGHT_FOOT_INDEX,184,191.62,570.96
RIGHT_FOOT_INDEX,185,143.77,602.65
RIGHT_FOOT_INDEX,186,206.24,616.29
RIGHT_FOOT_INDEX,187,255.84,600.63
RIGHT_FOOT_INDEX,188,254.74,601.16
RIGHT_FOOT_INDEX,189,379.79,825.60
RIGHT_FOOT_INDEX,190,378.74,826.00
RIGHT_FOOT_INDEX,191,453.07,787.71
RIGHT_FOOT_INDEX,192,454.64,810.07
RIGHT_FOOT_INDEX,193,435.54,825.12
RIGHT_FOOT_INDEX,194,548.76,568.87
RIGHT_FOOT_INDEX,195,425.15,577.31
RIGHT_FOOT_INDEX,196,425.87,588.12
RIGHT_FOOT_INDEX,197,249.30,504.10
RIGHT_FOOT_INDEX,198,252.57,512.29
RIGHT_FOOT_INDEX,199,145.22,534.16
RIGHT_FOOT_INDEX,200,110.23,543.82
RIGHT_FOOT_INDEX,201,110.72,543.72
RIGHT_FOOT_INDEX,202,107.82,544.35
RIGHT_FOOT_INDEX,203,193.06,514.86
RIGHT_FOOT_INDEX,204,299.12,561.15
RIGHT_FOOT_INDEX,205,524.57,464.08
RIGHT_FOOT_INDEX,206,525.59,463.61
RIGHT_FOOT_INDEX,207,410.87,751.05
RIGHT_FOOT_INDEX,208,411.43,749.58
RIGHT_FOOT_INDEX,209,369.37,823.50
RIGHT_FOOT_INDEX,210,367.38,824.64
RIGHT_FOOT_INDEX,211,366.71,821.75
RIGHT_FOOT_INDEX,212,357.31,705.34
RIGHT_FOOT_INDEX,213,319.86,412.12
RIGHT_FOOT_INDEX,214,320.41,426.85
RIGHT_FOOT_INDEX,215,193.02,318.35
RIGHT_FOOT_INDEX,216,136.72,266.90
RIGHT_FOOT_INDEX,217,136.21,266.77
RIGHT_FOOT_INDEX,218,135.70,266.31
RIGHT_FOOT_INDEX,219,271.78,293.95
RIGHT_FOOT_INDEX,220,270.92,291.54
RIGHT_FOOT_INDEX,221,407.62,258.63
RIGHT_FOOT_INDEX,224,341.38,843.38
RIGHT_FOOT_INDEX,225,339.59,843.25
RIGHT_FOOT_INDEX,228,354.69,189.64
RIGHT_FOOT_INDEX,229,267.63,270.23
RIGHT_FOOT_INDEX,230,257.97,269.57
RIGHT_FOOT_INDEX,231,143.85,260.56
RIGHT_FOOT_INDEX,232,144.80,260.42
RIGHT_FOOT_INDEX,238,349.76,836.33
RIGHT_FOOT_INDEX,239,345.98,837.47
RIGHT_FOOT_INDEX,240,303.17,383.13
RIGHT_FOOT_INDEX,242,238.98,254.33
RIGHT_FOOT_INDEX,243,233.11,256.02
RIGHT_FOOT_INDEX,244,235.05,255.61
RIGHT_FOOT_INDEX,245,208.12,255.01
RIGHT_FOOT_INDEX,250,392.11,629.00
RIGHT_FOOT_INDEX,251,457.99,278.13
RIGHT_FOOT_INDEX,252,350.32,822.18
RIGHT_FOOT_INDEX,253,360.15,309.71
RIGHT_FOOT_INDEX,254,363.16,320.04
RIGHT_FOOT_INDEX,255,292.35,264.17
RIGHT_FOOT_INDEX,256,290.48,264.92
RIGHT_FOOT_INDEX,257,247.49,265.85
RIGHT_FOOT_INDEX,258,304.11,195.02
RIGHT_FOOT_INDEX,259,313.35,200.62
RIGHT_FOOT_INDEX,260,336.81,261.65
RIGHT_FOOT_INDEX,261,344.26,256.99
RIGHT_FOOT_INDEX,263,485.48,289.02
RIGHT_FOOT_INDEX,265,411.41,160.07
RIGHT_FOOT_INDEX,266,421.58,155.95
RIGHT_FOOT_INDEX,267,433.20,147.35
RIGHT_FOOT_INDEX,268,338.81,206.09
RIGHT_FOOT_INDEX,269,263.66,149.14
RIGHT_FOOT_INDEX,270,237.28,132.98
RIGHT_FOOT_INDEX,271,265.53,93.16
RIGHT_FOOT_INDEX,272,262.04,90.65
RIGHT_FOOT_INDEX,273,260.07,92.48
RIGHT_FOOT_INDEX,274,360.74,128.41
RIGHT_FOOT_INDEX,275,358.37,127.99
RIGHT_FOOT_INDEX,276,451.15,142.18
RIGHT_FOOT_INDEX,277,543.33,45.08
RIGHT_FOOT_INDEX,278,544.21,46.26
RIGHT_FOOT_INDEX,279,412.12,853.28
RIGHT_FOOT_INDEX,280,411.60,853.74
RIGHT_FOOT_INDEX,281,539.91,141.30
RIGHT_FOOT_INDEX,282,452.06,230.07
RIGHT_FOOT_INDEX,283,424.91,295.59
RIGHT_FOOT_INDEX,284,464.70,13.31
RIGHT_FOOT_INDEX,285,465.14,14.88
RIGHT_FOOT_INDEX,286,398.33,18.92
RIGHT_FOOT_INDEX,287,385.56,30.03
RIGHT_FOOT_INDEX,288,384.30,29.79
RIGHT_FOOT_INDEX,289,373.39,30.09
RIGHT_FOOT_INDEX,293,515.14,125.75
RIGHT_FOOT_INDEX,294,439.40,853.07
RIGHT_FOOT_INDEX,295,440.32,822.16
RIGHT_FOOT_INDEX,296,553.80,125.50
RIGHT_FOOT_INDEX,297,478.74,834.12
RIGHT_FOOT_INDEX,298,570.67,242.73
RIGHT_FOOT_INDEX,299,568.23,100.02
RIGHT_FOOT_INDEX,300,481.43,32.60
RIGHT_FOOT_INDEX,301,482.46,35.29
RIGHT_FOOT_INDEX,302,432.44,23.58
RIGHT_FOOT_INDEX,303,430.98,22.14
RIGHT_FOOT_INDEX,304,413.18,40.48
RIGHT_FOOT_INDEX,305,393.94,38.80
RIGHT_FOOT_INDEX,306,392.21,32.11
RIGHT_FOOT_INDEX,307,392.01,36.33
RIGHT_FOOT_INDEX,308,393.69,31.29
RIGHT_FOOT_INDEX,309,472.85,63.57
RIGHT_FOOT_INDEX,310,528.30,81.42
RIGHT_FOOT_INDEX,311,535.50,79.61
RIGHT_FOOT_INDEX,312,582.69,31.09
RIGHT_FOOT_INDEX,313,607.52,41.30
RIGHT_FOOT_INDEX,314,531.10,881.11
RIGHT_FOOT_INDEX,315,530.78,881.65
RIGHT_FOOT_INDEX,316,528.68,883.01
RIGHT_FOOT_INDEX,317,532.94,72.12
RIGHT_FOOT_INDEX,318,535.21,71.08
RIGHT_FOOT_INDEX,319,466.19,46.70
RIGHT_FOOT_INDEX,320,476.50,53.52
RIGHT_FOOT_INDEX,321,422.27,32.73
RIGHT_FOOT_INDEX,322,422.32,32.36
RIGHT_FOOT_INDEX,323,399.68,26.51
RIGHT_FOOT_INDEX,324,383.33,26.42
RIGHT_FOOT_INDEX,325,385.59,46.36
RIGHT_FOOT_INDEX,326,451.54,632.92
RIGHT_FOOT_INDEX,328,468.56,75.12
RIGHT_FOOT_INDEX,329,522.85,86.80
RIGHT_FOOT_INDEX,330,585.06,46.31
RIGHT_FOOT_INDEX,331,590.70,54.72
RIGHT_FOOT_INDEX,332,481.49,893.64
RIGHT_FOOT_INDEX,333,485.78,888.21
RIGHT_FOOT_INDEX,334,485.07,890.33
RIGHT_FOOT_INDEX,335,544.22,245.83
RIGHT_FOOT_INDEX,336,455.74,325.14
RIGHT_FOOT_INDEX,337,455.21,334.50
RIGHT_FOOT_INDEX,338,427.37,200.46
RIGHT_FOOT_INDEX,339,379.92,203.80
RIGHT_FOOT_INDEX,340,379.04,204.37
RIGHT_FOOT_INDEX,341,345.08,228.11
RIGHT_FOOT_INDEX,342,268.18,297.98
RIGHT_FOOT_INDEX,343,227.66,376.93
RIGHT_FOOT_INDEX,344,190.46,639.21
RIGHT_FOOT_INDEX,345,190.08,639.59
RIGHT_FOOT_INDEX,346,168.66,625.57
RIGHT_FOOT_INDEX,347,236.32,728.18
RIGHT_FOOT_INDEX,348,412.56,863.48
RIGHT_FOOT_INDEX,349,436.59,858.63
RIGHT_FOOT_INDEX,350,545.54,849.62
RIGHT_FOOT_INDEX,351,545.48,849.38
RIGHT_FOOT_INDEX,352,612.96,853.28
RIGHT_FOOT_INDEX,353,653.34,858.84
RIGHT_FOOT_INDEX,354,633.60,825.70
RIGHT_FOOT_INDEX,355,633.93,826.90
RIGHT_FOOT_INDEX,356,600.41,819.03
RIGHT_FOOT_INDEX,357,535.61,816.44
RIGHT_FOOT_INDEX,358,533.78,813.45
RIGHT_FOOT_INDEX,359,511.66,813.90
RIGHT_FOOT_INDEX,360,429.14,830.61
RIGHT_FOOT_INDEX,361,429.86,827.23
RIGHT_FOOT_INDEX,362,428.39,828.08
RIGHT_FOOT_INDEX,363,365.39,840.49
RIGHT_FOOT_INDEX,364,362.60,845.55
RIGHT_FOOT_INDEX,365,340.73,853.91
RIGHT_FOOT_INDEX,366,324.74,858.44
RIGHT_FOOT_INDEX,367,323.54,858.71
RIGHT_FOOT_INDEX,368,324.52,854.35
RIGHT_FOOT_INDEX,369,323.36,854.05
RIGHT_FOOT_INDEX,370,325.14,853.15
RIGHT_FOOT_INDEX,371,317.52,847.93
RIGHT_FOOT_INDEX,372,317.57,847.81
RIGHT_FOOT_INDEX,373,304.59,851.47
RIGHT_FOOT_INDEX,374,288.68,849.41
RIGHT_FOOT_INDEX,375,279.01,847.88
RIGHT_FOOT_INDEX,376,278.99,845.47
RIGHT_FOOT_INDEX,377,273.53,852.07
RIGHT_FOOT_INDEX,378,263.80,850.00
RIGHT_FOOT_INDEX,379,264.07,850.26
RIGHT_FOOT_INDEX,380,258.26,850.52
RIGHT_FOOT_INDEX,381,247.51,850.57
RIGHT_FOOT_INDEX,382,238.53,852.33
RIGHT_FOOT_INDEX,383,238.72,852.89
RIGHT_FOOT_INDEX,384,231.82,850.45
RIGHT_FOOT_INDEX,385,226.41,845.57
RIGHT_FOOT_INDEX,386,219.11,848.80
RIGHT_FOOT_INDEX,387,212.19,849.07
RIGHT_FOOT_INDEX,388,208.93,851.31
RIGHT_FOOT_INDEX,389,211.48,850.62
RIGHT_FOOT_INDEX,390,207.18,850.92
RIGHT_FOOT_INDEX,391,202.63,851.43
RIGHT_FOOT_INDEX,392,202.08,853.94
RIGHT_FOOT_INDEX,393,199.01,853.60
RIGHT_FOOT_INDEX,394,202.11,851.38
RIGHT_FOOT_INDEX,395,202.19,851.50
RIGHT_FOOT_INDEX,396,201.91,852.82
RIGHT_FOOT_INDEX,397,203.47,849.71
RIGHT_FOOT_INDEX,398,203.78,848.52
RIGHT_FOOT_INDEX,399,204.91,849.31
RIGHT_FOOT_INDEX,400,207.72,850.95
RIGHT_FOOT_INDEX,401,208.88,845.08
RIGHT_FOOT_INDEX,402,211.04,847.60
RIGHT_FOOT_INDEX,403,211.67,847.33
RIGHT_FOOT_INDEX,404,211.14,853.84
RIGHT_FOOT_INDEX,405,210.45,855.09
RIGHT_FOOT_INDEX,406,210.81,855.21
RIGHT_FOOT_INDEX,407,210.56,855.68
RIGHT_FOOT_INDEX,408,212.50,852.44
RIGHT_FOOT_INDEX,409,212.02,856.36
RIGHT_FOOT_INDEX,410,210.01,857.80
RIGHT_FOOT_INDEX,411,207.50,851.74
RIGHT_FOOT_INDEX,412,206.14,849.30
RIGHT_FOOT_INDEX,413,203.42,853.01
RIGHT_FOOT_INDEX,414,212.13,854.06
RIGHT_FOOT_INDEX,415,209.08,854.15
RIGHT_FOOT_INDEX,416,212.84,853.99
RIGHT_FOOT_INDEX,417,213.45,852.68
RIGHT_FOOT_INDEX,418,213.34,848.78
RIGHT_FOOT_INDEX,419,207.47,849.23
RIGHT_FOOT_INDEX,420,209.54,845.15
RIGHT_FOOT_INDEX,421,210.57,851.30
RIGHT_FOOT_INDEX,422,211.98,847.30
RIGHT_FOOT_INDEX,423,212.16,848.55
RIGHT_FOOT_INDEX,424,205.68,842.34
RIGHT_FOOT_INDEX,425,206.72,846.26
RIGHT_FOOT_INDEX,426,205.36,844.86
RIGHT_FOOT_INDEX,427,207.35,841.83
RIGHT_FOOT_INDEX,428,207.72,842.74
RIGHT_FOOT_INDEX,429,208.54,846.42
RIGHT_FOOT_INDEX,430,209.74,848.44
RIGHT_FOOT_INDEX,431,211.50,847.57
RIGHT_FOOT_INDEX,432,217.59,848.73
