landmark,frame,x,y
NOSE,0,609.00,321.09
NOSE,1,544.67,319.76
NOSE,2,545.16,319.96
NOSE,3,533.41,332.56
NOSE,4,528.52,325.69
NOSE,5,541.75,320.47
NOSE,6,583.84,301.00
NOSE,7,620.60,285.70
NOSE,8,621.60,285.33
NOSE,9,656.69,262.78
NOSE,10,690.76,252.07
NOSE,11,696.56,239.71
NOSE,12,690.69,225.64
NOSE,13,680.23,206.51
NOSE,14,679.48,207.13
NOSE,15,653.55,194.32
NOSE,16,624.89,180.20
NOSE,17,608.84,162.79
NOSE,18,579.72,167.80
NOSE,19,580.39,169.09
NOSE,20,580.15,168.83
NOSE,21,576.72,167.94
NOSE,22,576.69,169.95
NOSE,23,581.59,172.44
NOSE,24,600.22,176.83
NOSE,25,619.17,166.97
NOSE,26,619.97,166.31
NOSE,27,638.58,171.01
NOSE,28,663.78,177.95
NOSE,29,673.22,187.18
NOSE,30,675.97,192.42
NOSE,31,659.00,195.08
NOSE,32,658.75,195.06
NOSE,33,620.94,185.49
NOSE,34,552.09,199.42
NOSE,35,539.97,205.22
NOSE,36,533.79,221.51
NOSE,37,544.22,225.86
NOSE,38,544.85,225.88
NOSE,39,584.39,227.01
NOSE,40,633.20,167.04
NOSE,41,678.11,236.95
NOSE,42,705.28,247.66
NOSE,43,706.84,246.34
NOSE,44,702.92,250.51
NOSE,45,574.95,213.19
NOSE,46,585.33,234.20
NOSE,47,541.49,234.15
NOSE,48,512.92,251.87
NOSE,49,512.77,251.93
NOSE,50,516.84,249.78
NOSE,51,560.77,204.25
NOSE,52,599.59,205.19
NOSE,53,661.13,228.98
NOSE,54,672.89,217.40
NOSE,55,672.90,217.77
NOSE,56,667.00,198.16
NOSE,57,640.54,177.73
NOSE,58,601.26,162.95
NOSE,59,573.75,159.65
NOSE,60,578.33,158.87
NOSE,61,578.28,160.79
NOSE,62,601.78,158.59
NOSE,63,626.94,155.95
NOSE,64,653.00,147.14
NOSE,65,672.64,148.90
NOSE,66,669.67,153.72
NOSE,67,669.10,154.62
NOSE,68,624.64,157.45
NOSE,69,608.40,146.63
NOSE,70,555.96,152.55
NOSE,71,543.38,167.34
NOSE,72,554.65,157.11
NOSE,73,555.53,158.07
NOSE,74,569.39,155.63
NOSE,75,609.63,159.89
NOSE,76,614.57,148.94
NOSE,77,660.68,139.81
NOSE,78,659.79,139.07
NOSE,79,673.57,140.54
NOSE,80,664.03,140.70
NOSE,83,602.02,159.23
NOSE,84,593.95,157.18
NOSE,85,606.32,176.49
NOSE,86,610.93,170.67
NOSE,87,608.33,152.78
NOSE,89,662.21,172.39
NOSE,90,662.16,172.58
NOSE,91,653.39,182.70
NOSE,92,665.87,184.82
NOSE,93,673.90,175.96
NOSE,94,681.51,183.05
NOSE,95,650.73,180.37
NOSE,96,665.63,185.90
NOSE,97,666.63,175.94
NOSE,98,660.96,169.06
NOSE,99,650.91,175.80
NOSE,103,610.10,179.79
NOSE,104,599.63,202.49
NOSE,105,601.35,205.21
NOSE,106,598.84,188.59
NOSE,107,598.51,196.06
NOSE,108,601.27,193.81
NOSE,109,611.36,185.27
NOSE,111,688.17,197.84
NOSE,112,688.32,201.83
NOSE,113,688.08,202.04
NOSE,114,681.08,202.22
NOSE,115,680.47,210.96
NOSE,116,715.38,213.03
NOSE,117,728.65,195.83
NOSE,118,737.89,186.75
NOSE,119,738.43,184.42
NOSE,120,698.63,180.44
NOSE,121,703.54,186.98
NOSE,122,695.16,190.28
NOSE,125,643.31,194.83
NOSE,127,648.83,204.02
NOSE,128,641.08,212.88
NOSE,129,642.64,209.73
NOSE,130,628.71,199.73
NOSE,131,629.44,199.65
NOSE,132,625.90,193.11
NOSE,133,636.00,179.06
NOSE,134,653.83,170.44
NOSE,135,666.62,164.13
NOSE,136,665.12,167.47
NOSE,137,666.10,164.25
NOSE,138,668.50,160.83
NOSE,140,678.40,157.45
NOSE,141,682.70,147.75
NOSE,142,685.76,144.32
NOSE,143,685.69,144.45
NOSE,144,688.99,144.25
NOSE,145,693.57,147.13
NOSE,146,700.70,148.19
NOSE,147,709.50,143.79
NOSE,148,714.48,136.80
NOSE,149,713.63,137.87
NOSE,150,714.69,137.40
NOSE,151,705.30,138.79
NOSE,152,698.49,143.11
NOSE,153,691.79,150.66
NOSE,154,690.54,154.06
NOSE,155,697.68,156.65
NOSE,156,683.37,155.62
NOSE,157,677.33,153.15
NOSE,158,672.78,154.83
NOSE,159,676.82,159.30
NOSE,160,676.87,159.33
NOSE,161,686.75,163.26
NOSE,162,705.24,165.98
NOSE,163,722.47,170.13
NOSE,164,734.56,172.70
NOSE,165,737.35,174.25
NOSE,166,737.37,174.68
NOSE,167,738.05,176.50
NOSE,168,736.01,176.33
NOSE,169,729.64,176.88
NOSE,170,719.17,177.33
NOSE,171,713.19,177.76
NOSE,172,713.27,178.00
NOSE,173,699.49,179.82
NOSE,174,698.19,174.64
NOSE,175,674.43,177.59
NOSE,176,661.47,180.26
NOSE,177,652.96,180.26
NOSE,178,652.75,180.49
NOSE,179,640.68,183.46
NOSE,180,640.18,193.79
NOSE,181,636.88,189.05
NOSE,182,627.84,186.89
NOSE,183,629.42,189.49
LEFT_EYE_INNER,0,603.91,315.57
LEFT_EYE_INNER,1,542.21,312.62
LEFT_EYE_INNER,2,542.40,312.87
LEFT_EYE_INNER,3,528.94,323.47
LEFT_EYE_INNER,4,526.18,315.56
LEFT_EYE_INNER,5,545.24,309.67
LEFT_EYE_INNER,6,586.47,291.57
LEFT_EYE_INNER,7,626.22,276.10
LEFT_EYE_INNER,8,627.21,275.58
LEFT_EYE_INNER,9,660.83,252.13
LEFT_EYE_INNER,10,690.50,242.24
LEFT_EYE_INNER,11,696.73,228.51
LEFT_EYE_INNER,12,691.89,214.43
LEFT_EYE_INNER,13,678.42,195.91
LEFT_EYE_INNER,14,677.99,195.68
LEFT_EYE_INNER,15,651.58,184.24
LEFT_EYE_INNER,16,623.07,171.63
LEFT_EYE_INNER,17,605.57,154.77
LEFT_EYE_INNER,18,580.62,157.03
LEFT_EYE_INNER,19,579.24,157.43
LEFT_EYE_INNER,20,579.24,157.00
LEFT_EYE_INNER,21,577.84,156.26
LEFT_EYE_INNER,22,577.53,157.84
LEFT_EYE_INNER,23,581.43,160.29
LEFT_EYE_INNER,24,602.77,166.58
LEFT_EYE_INNER,25,620.80,157.01
LEFT_EYE_INNER,26,621.57,156.67
LEFT_EYE_INNER,27,640.99,161.85
LEFT_EYE_INNER,28,663.85,167.78
LEFT_EYE_INNER,29,675.08,177.73
LEFT_EYE_INNER,30,677.42,182.64
LEFT_EYE_INNER,31,659.66,185.97
LEFT_EYE_INNER,32,659.44,185.91
LEFT_EYE_INNER,33,619.29,178.61
LEFT_EYE_INNER,34,551.92,189.17
LEFT_EYE_INNER,35,540.53,195.34
LEFT_EYE_INNER,36,530.23,209.43
LEFT_EYE_INNER,37,539.81,214.50
LEFT_EYE_INNER,38,540.40,214.83
LEFT_EYE_INNER,39,582.44,217.37
LEFT_EYE_INNER,40,625.07,166.31
LEFT_EYE_INNER,41,681.15,227.16
LEFT_EYE_INNER,42,710.42,236.84
LEFT_EYE_INNER,43,711.77,235.75
LEFT_EYE_INNER,44,706.75,241.42
LEFT_EYE_INNER,45,573.91,204.67
LEFT_EYE_INNER,46,590.97,225.06
LEFT_EYE_INNER,47,542.56,222.69
LEFT_EYE_INNER,48,508.45,240.67
LEFT_EYE_INNER,49,508.35,240.87
LEFT_EYE_INNER,50,513.40,238.69
LEFT_EYE_INNER,51,554.52,201.71
LEFT_EYE_INNER,52,593.79,201.47
LEFT_EYE_INNER,53,663.19,218.29
LEFT_EYE_INNER,54,675.64,208.57
LEFT_EYE_INNER,55,675.62,208.93
LEFT_EYE_INNER,56,669.12,188.28
LEFT_EYE_INNER,57,645.38,169.73
LEFT_EYE_INNER,58,609.68,157.00
LEFT_EYE_INNER,59,582.75,147.75
LEFT_EYE_INNER,60,584.96,147.75
LEFT_EYE_INNER,61,585.25,149.59
LEFT_EYE_INNER,62,605.22,145.92
LEFT_EYE_INNER,63,630.43,142.71
LEFT_EYE_INNER,64,652.09,137.40
LEFT_EYE_INNER,65,669.84,138.78
LEFT_EYE_INNER,66,667.54,142.79
LEFT_EYE_INNER,67,667.29,143.59
LEFT_EYE_INNER,68,630.06,150.80
LEFT_EYE_INNER,69,604.34,138.54
LEFT_EYE_INNER,70,561.93,142.78
LEFT_EYE_INNER,71,548.29,156.25
LEFT_EYE_INNER,72,559.07,146.83
LEFT_EYE_INNER,73,560.01,147.66
LEFT_EYE_INNER,74,576.71,144.23
LEFT_EYE_INNER,75,618.11,147.14
LEFT_EYE_INNER,76,622.85,140.48
LEFT_EYE_INNER,77,657.03,131.33
LEFT_EYE_INNER,78,656.27,130.96
LEFT_EYE_INNER,79,664.84,129.95
LEFT_EYE_INNER,80,657.59,132.77
LEFT_EYE_INNER,83,602.61,152.29
LEFT_EYE_INNER,84,592.26,150.38
LEFT_EYE_INNER,85,603.81,167.74
LEFT_EYE_INNER,86,609.15,162.83
LEFT_EYE_INNER,87,615.54,150.57
LEFT_EYE_INNER,89,666.15,173.24
LEFT_EYE_INNER,90,666.24,173.49
LEFT_EYE_INNER,91,659.22,180.93
LEFT_EYE_INNER,92,671.92,183.25
LEFT_EYE_INNER,93,678.79,173.40
LEFT_EYE_INNER,94,682.40,180.27
LEFT_EYE_INNER,95,650.11,173.31
LEFT_EYE_INNER,96,663.95,181.18
LEFT_EYE_INNER,97,661.19,177.42
LEFT_EYE_INNER,98,652.12,174.73
LEFT_EYE_INNER,99,642.56,181.00
LEFT_EYE_INNER,103,605.70,182.50
LEFT_EYE_INNER,104,595.31,200.35
LEFT_EYE_INNER,105,597.41,203.56
LEFT_EYE_INNER,106,596.56,192.90
LEFT_EYE_INNER,107,602.09,199.46
LEFT_EYE_INNER,108,603.56,196.62
LEFT_EYE_INNER,109,619.02,190.75
LEFT_EYE_INNER,111,687.13,190.37
LEFT_EYE_INNER,112,691.72,204.12
LEFT_EYE_INNER,113,690.70,201.20
LEFT_EYE_INNER,114,686.71,199.45
LEFT_EYE_INNER,115,683.72,212.90
LEFT_EYE_INNER,116,713.44,207.48
LEFT_EYE_INNER,117,727.44,192.97
LEFT_EYE_INNER,118,732.05,180.88
LEFT_EYE_INNER,119,731.77,178.88
LEFT_EYE_INNER,120,696.87,186.37
LEFT_EYE_INNER,121,695.67,194.22
LEFT_EYE_INNER,122,686.70,194.85
LEFT_EYE_INNER,125,643.00,189.13
LEFT_EYE_INNER,127,644.82,200.32
LEFT_EYE_INNER,128,635.77,210.60
LEFT_EYE_INNER,129,637.84,207.99
LEFT_EYE_INNER,130,627.94,198.96
LEFT_EYE_INNER,131,628.97,198.65
LEFT_EYE_INNER,132,629.77,192.63
LEFT_EYE_INNER,133,644.28,181.77
LEFT_EYE_INNER,134,660.81,173.70
LEFT_EYE_INNER,135,674.72,167.54
LEFT_EYE_INNER,136,674.59,166.24
LEFT_EYE_INNER,137,676.07,164.04
LEFT_EYE_INNER,138,677.89,159.06
LEFT_EYE_INNER,140,684.32,154.20
LEFT_EYE_INNER,141,686.02,147.52
LEFT_EYE_INNER,142,686.57,142.56
LEFT_EYE_INNER,143,686.60,142.54
LEFT_EYE_INNER,144,686.86,141.54
LEFT_EYE_INNER,145,688.17,141.08
LEFT_EYE_INNER,146,692.64,139.25
LEFT_EYE_INNER,147,701.71,134.97
LEFT_EYE_INNER,148,705.57,128.69
LEFT_EYE_INNER,149,704.42,130.34
LEFT_EYE_INNER,150,705.32,128.61
LEFT_EYE_INNER,151,697.37,132.31
LEFT_EYE_INNER,152,691.66,135.01
LEFT_EYE_INNER,153,687.32,142.28
LEFT_EYE_INNER,154,686.27,144.98
LEFT_EYE_INNER,155,696.49,147.32
LEFT_EYE_INNER,156,686.21,146.79
LEFT_EYE_INNER,157,684.42,144.97
LEFT_EYE_INNER,158,680.34,145.96
LEFT_EYE_INNER,159,685.06,150.95
LEFT_EYE_INNER,160,685.23,150.82
LEFT_EYE_INNER,161,695.21,154.05
LEFT_EYE_INNER,162,709.71,157.25
LEFT_EYE_INNER,163,724.25,159.90
LEFT_EYE_INNER,164,728.49,161.47
LEFT_EYE_INNER,165,731.28,164.09
LEFT_EYE_INNER,166,731.04,164.02
LEFT_EYE_INNER,167,731.70,166.27
LEFT_EYE_INNER,168,728.01,166.61
LEFT_EYE_INNER,169,724.20,167.59
LEFT_EYE_INNER,170,713.14,167.41
LEFT_EYE_INNER,171,706.35,166.87
LEFT_EYE_INNER,172,706.54,167.07
LEFT_EYE_INNER,173,695.78,169.65
LEFT_EYE_INNER,174,691.77,166.46
LEFT_EYE_INNER,175,669.66,169.97
LEFT_EYE_INNER,176,656.67,170.96
LEFT_EYE_INNER,177,649.85,172.50
LEFT_EYE_INNER,178,649.67,172.76
LEFT_EYE_INNER,179,641.00,174.47
LEFT_EYE_INNER,180,643.05,182.60
LEFT_EYE_INNER,181,637.94,178.80
LEFT_EYE_INNER,182,633.26,176.12
LEFT_EYE_INNER,183,634.01,179.64
LEFT_EYE,0,599.46,315.27
LEFT_EYE,1,541.96,312.25
LEFT_EYE,2,542.04,312.53
LEFT_EYE,3,529.22,322.37
LEFT_EYE,4,527.31,314.30
LEFT_EYE,5,548.20,308.78
LEFT_EYE,6,590.08,290.45
LEFT_EYE,7,629.61,274.99
LEFT_EYE,8,630.47,274.49
LEFT_EYE,9,662.23,251.73
LEFT_EYE,10,689.44,241.02
LEFT_EYE,11,695.60,227.60
LEFT_EYE,12,690.65,213.39
LEFT_EYE,13,676.45,195.16
LEFT_EYE,14,676.06,194.72
LEFT_EYE,15,649.51,182.90
LEFT_EYE,16,620.31,171.46
LEFT_EYE,17,602.20,155.22
LEFT_EYE,18,581.38,156.30
LEFT_EYE,19,580.44,156.42
LEFT_EYE,20,580.40,156.00
LEFT_EYE,21,580.09,154.60
LEFT_EYE,22,579.92,156.10
LEFT_EYE,23,584.03,158.13
LEFT_EYE,24,606.02,164.21
LEFT_EYE,25,623.11,156.03
LEFT_EYE,26,623.70,155.71
LEFT_EYE,27,642.37,160.94
LEFT_EYE,28,662.67,166.14
LEFT_EYE,29,674.04,176.85
LEFT_EYE,30,676.04,181.55
LEFT_EYE,31,658.36,184.82
LEFT_EYE,32,658.19,184.76
LEFT_EYE,33,616.16,177.97
LEFT_EYE,34,553.21,188.28
LEFT_EYE,35,542.61,194.06
LEFT_EYE,36,532.12,207.28
LEFT_EYE,37,541.17,212.40
LEFT_EYE,38,541.66,212.86
LEFT_EYE,39,583.84,214.55
LEFT_EYE,40,624.16,167.08
LEFT_EYE,41,680.97,226.28
LEFT_EYE,42,709.81,235.52
LEFT_EYE,43,711.02,234.35
LEFT_EYE,44,705.41,239.77
LEFT_EYE,45,573.72,203.91
LEFT_EYE,46,592.48,224.25
LEFT_EYE,47,543.55,221.55
LEFT_EYE,48,510.04,238.68
LEFT_EYE,49,509.95,238.83
LEFT_EYE,50,515.19,236.10
LEFT_EYE,51,553.86,202.19
LEFT_EYE,52,592.84,201.46
LEFT_EYE,53,662.71,216.46
LEFT_EYE,54,674.83,207.33
LEFT_EYE,55,674.82,207.67
LEFT_EYE,56,667.60,186.78
LEFT_EYE,57,645.00,169.52
LEFT_EYE,58,610.49,157.22
LEFT_EYE,59,584.00,147.65
LEFT_EYE,60,587.00,147.49
LEFT_EYE,61,587.61,149.24
LEFT_EYE,62,608.97,144.78
LEFT_EYE,63,634.80,141.51
LEFT_EYE,64,652.87,136.77
LEFT_EYE,65,668.90,138.00
LEFT_EYE,66,666.10,141.87
LEFT_EYE,67,665.88,142.55
LEFT_EYE,68,630.82,150.98
LEFT_EYE,69,601.54,138.22
LEFT_EYE,70,562.95,142.57
LEFT_EYE,71,550.12,155.67
LEFT_EYE,72,560.87,146.41
LEFT_EYE,73,561.70,147.16
LEFT_EYE,74,579.56,144.10
LEFT_EYE,75,621.96,146.84
LEFT_EYE,76,625.24,140.50
LEFT_EYE,77,656.79,131.26
LEFT_EYE,78,656.20,130.99
LEFT_EYE,79,663.01,129.97
LEFT_EYE,80,655.83,133.07
LEFT_EYE,83,598.11,152.10
LEFT_EYE,84,586.97,149.92
LEFT_EYE,85,601.66,166.75
LEFT_EYE,86,608.19,162.34
LEFT_EYE,87,615.48,151.71
LEFT_EYE,89,667.08,174.27
LEFT_EYE,90,666.89,176.43
LEFT_EYE,91,661.97,182.18
LEFT_EYE,92,673.89,180.58
LEFT_EYE,93,680.75,173.85
LEFT_EYE,94,682.65,179.06
LEFT_EYE,95,650.79,171.94
LEFT_EYE,96,663.84,179.63
LEFT_EYE,97,661.81,178.44
LEFT_EYE,98,652.34,176.28
LEFT_EYE,99,641.74,181.78
LEFT_EYE,103,603.88,183.04
LEFT_EYE,104,590.97,201.44
LEFT_EYE,105,594.54,204.23
LEFT_EYE,106,593.14,194.28
LEFT_EYE,107,600.70,200.75
LEFT_EYE,108,601.83,197.93
LEFT_EYE,109,618.28,192.50
LEFT_EYE,111,685.26,190.76
LEFT_EYE,112,692.59,205.26
LEFT_EYE,113,691.50,204.39
LEFT_EYE,114,684.35,198.25
LEFT_EYE,115,681.15,212.70
LEFT_EYE,116,714.20,209.00
LEFT_EYE,117,727.72,193.35
LEFT_EYE,118,729.68,180.47
LEFT_EYE,119,729.67,178.37
LEFT_EYE,120,697.54,188.31
LEFT_EYE,121,695.42,196.02
LEFT_EYE,122,684.61,194.69
LEFT_EYE,125,640.14,189.56
LEFT_EYE,127,641.95,200.56
LEFT_EYE,128,632.32,210.56
LEFT_EYE,129,634.37,208.02
LEFT_EYE,130,625.31,199.59
LEFT_EYE,131,626.15,199.26
LEFT_EYE,132,629.24,193.08
LEFT_EYE,133,643.69,182.51
LEFT_EYE,134,660.86,174.63
LEFT_EYE,135,676.01,169.63
LEFT_EYE,136,676.20,167.42
LEFT_EYE,137,677.94,165.43
LEFT_EYE,138,680.82,160.24
LEFT_EYE,140,687.96,153.84
LEFT_EYE,141,689.01,147.93
LEFT_EYE,142,690.02,142.28
LEFT_EYE,143,690.12,142.24
LEFT_EYE,144,689.44,141.29
LEFT_EYE,145,689.63,140.82
LEFT_EYE,146,694.06,138.70
LEFT_EYE,147,701.47,135.01
LEFT_EYE,148,704.52,128.82
LEFT_EYE,149,703.19,130.47
LEFT_EYE,150,703.74,128.88
LEFT_EYE,151,694.68,132.73
LEFT_EYE,152,688.37,135.28
LEFT_EYE,153,684.83,142.76
LEFT_EYE,154,683.90,145.44
LEFT_EYE,155,696.61,147.16
LEFT_EYE,156,686.86,146.72
LEFT_EYE,157,686.45,145.52
LEFT_EYE,158,682.38,146.13
LEFT_EYE,159,688.28,151.09
LEFT_EYE,160,688.44,151.00
LEFT_EYE,161,699.08,154.46
LEFT_EYE,162,713.32,157.36
LEFT_EYE,163,725.65,160.05
LEFT_EYE,164,727.66,161.20
LEFT_EYE,165,730.21,164.05
LEFT_EYE,166,729.99,163.92
LEFT_EYE,167,730.37,165.94
LEFT_EYE,168,726.28,166.34
LEFT_EYE,169,722.00,167.73
LEFT_EYE,170,710.61,167.61
LEFT_EYE,171,703.94,166.54
LEFT_EYE,172,704.08,166.71
LEFT_EYE,173,692.84,169.15
LEFT_EYE,174,688.90,165.98
LEFT_EYE,175,666.39,169.60
LEFT_EYE,176,653.69,170.65
LEFT_EYE,177,647.51,172.56
LEFT_EYE,178,647.34,172.80
LEFT_EYE,179,639.87,174.72
LEFT_EYE,180,643.46,182.38
LEFT_EYE,181,638.06,178.76
LEFT_EYE,182,634.98,176.16
LEFT_EYE,183,636.45,179.00
LEFT_EYE_OUTER,0,597.82,315.26
LEFT_EYE_OUTER,1,541.21,310.33
LEFT_EYE_OUTER,2,541.55,312.30
LEFT_EYE_OUTER,3,529.40,321.57
LEFT_EYE_OUTER,4,528.38,313.23
LEFT_EYE_OUTER,5,551.43,308.14
LEFT_EYE_OUTER,6,593.82,289.32
LEFT_EYE_OUTER,7,632.68,273.84
LEFT_EYE_OUTER,8,633.35,273.40
LEFT_EYE_OUTER,9,663.59,251.37
LEFT_EYE_OUTER,10,688.44,239.84
LEFT_EYE_OUTER,11,694.37,226.75
LEFT_EYE_OUTER,12,689.15,212.11
LEFT_EYE_OUTER,13,674.39,194.57
LEFT_EYE_OUTER,14,673.94,193.87
LEFT_EYE_OUTER,15,646.10,181.68
LEFT_EYE_OUTER,16,618.15,171.09
LEFT_EYE_OUTER,17,600.15,155.28
LEFT_EYE_OUTER,18,581.99,155.77
LEFT_EYE_OUTER,19,581.41,155.89
LEFT_EYE_OUTER,20,581.33,155.49
LEFT_EYE_OUTER,21,582.21,153.27
LEFT_EYE_OUTER,22,582.00,154.66
LEFT_EYE_OUTER,23,586.60,156.08
LEFT_EYE_OUTER,24,609.09,162.36
LEFT_EYE_OUTER,25,625.54,155.10
LEFT_EYE_OUTER,26,625.88,154.78
LEFT_EYE_OUTER,27,643.78,159.62
LEFT_EYE_OUTER,28,662.01,164.71
LEFT_EYE_OUTER,29,672.94,176.01
LEFT_EYE_OUTER,30,673.81,180.03
LEFT_EYE_OUTER,31,655.75,183.44
LEFT_EYE_OUTER,32,655.76,182.99
LEFT_EYE_OUTER,33,614.94,177.27
LEFT_EYE_OUTER,34,554.38,187.47
LEFT_EYE_OUTER,35,544.44,192.85
LEFT_EYE_OUTER,36,533.93,205.32
LEFT_EYE_OUTER,37,542.64,210.25
LEFT_EYE_OUTER,38,542.99,210.85
LEFT_EYE_OUTER,39,585.92,212.48
LEFT_EYE_OUTER,40,623.31,167.61
LEFT_EYE_OUTER,41,680.83,225.39
LEFT_EYE_OUTER,42,709.05,234.04
LEFT_EYE_OUTER,43,709.93,232.65
LEFT_EYE_OUTER,44,704.14,238.03
LEFT_EYE_OUTER,45,573.62,203.27
LEFT_EYE_OUTER,46,594.02,223.71
LEFT_EYE_OUTER,47,544.31,220.42
LEFT_EYE_OUTER,48,511.56,236.81
LEFT_EYE_OUTER,49,511.47,236.92
LEFT_EYE_OUTER,50,516.79,233.66
LEFT_EYE_OUTER,51,554.68,202.97
LEFT_EYE_OUTER,52,591.83,201.50
LEFT_EYE_OUTER,53,662.25,214.65
LEFT_EYE_OUTER,54,673.97,205.93
LEFT_EYE_OUTER,55,673.98,206.27
LEFT_EYE_OUTER,56,664.40,184.02
LEFT_EYE_OUTER,57,644.43,170.66
LEFT_EYE_OUTER,58,611.10,157.30
LEFT_EYE_OUTER,59,584.81,148.01
LEFT_EYE_OUTER,60,588.94,147.26
LEFT_EYE_OUTER,61,589.81,148.92
LEFT_EYE_OUTER,62,612.66,143.84
LEFT_EYE_OUTER,63,638.72,140.75
LEFT_EYE_OUTER,64,654.38,136.59
LEFT_EYE_OUTER,65,667.97,137.28
LEFT_EYE_OUTER,66,664.69,140.94
LEFT_EYE_OUTER,67,664.44,141.51
LEFT_EYE_OUTER,68,631.64,151.52
LEFT_EYE_OUTER,69,597.41,138.37
LEFT_EYE_OUTER,70,563.62,142.50
LEFT_EYE_OUTER,71,551.49,155.06
LEFT_EYE_OUTER,72,562.73,145.96
LEFT_EYE_OUTER,73,563.40,146.64
LEFT_EYE_OUTER,74,582.34,144.04
LEFT_EYE_OUTER,75,625.44,146.61
LEFT_EYE_OUTER,76,627.35,140.47
LEFT_EYE_OUTER,77,656.90,131.17
LEFT_EYE_OUTER,78,656.45,130.98
LEFT_EYE_OUTER,79,661.23,130.16
LEFT_EYE_OUTER,80,654.11,133.36
LEFT_EYE_OUTER,83,596.51,152.22
LEFT_EYE_OUTER,84,585.92,149.93
LEFT_EYE_OUTER,85,599.18,165.68
LEFT_EYE_OUTER,86,606.75,161.60
LEFT_EYE_OUTER,87,615.27,152.39
LEFT_EYE_OUTER,89,669.14,177.54
LEFT_EYE_OUTER,90,669.34,177.92
LEFT_EYE_OUTER,91,663.82,183.27
LEFT_EYE_OUTER,92,675.59,180.87
LEFT_EYE_OUTER,93,683.79,174.46
LEFT_EYE_OUTER,94,682.99,178.22
LEFT_EYE_OUTER,95,651.57,170.92
LEFT_EYE_OUTER,96,663.79,178.45
LEFT_EYE_OUTER,97,662.16,179.26
LEFT_EYE_OUTER,98,652.51,178.03
LEFT_EYE_OUTER,99,640.77,182.68
LEFT_EYE_OUTER,103,602.43,183.09
LEFT_EYE_OUTER,104,588.72,201.69
LEFT_EYE_OUTER,105,591.66,204.45
LEFT_EYE_OUTER,106,589.93,195.12
LEFT_EYE_OUTER,107,599.28,202.06
LEFT_EYE_OUTER,108,600.15,199.19
LEFT_EYE_OUTER,109,617.38,194.28
LEFT_EYE_OUTER,111,683.45,191.55
LEFT_EYE_OUTER,112,693.30,206.26
LEFT_EYE_OUTER,113,692.27,205.29
LEFT_EYE_OUTER,114,681.95,197.44
LEFT_EYE_OUTER,115,678.55,212.91
LEFT_EYE_OUTER,116,713.14,208.50
LEFT_EYE_OUTER,117,727.24,191.46
LEFT_EYE_OUTER,118,727.19,180.38
LEFT_EYE_OUTER,119,727.46,178.18
LEFT_EYE_OUTER,120,697.90,190.15
LEFT_EYE_OUTER,121,695.16,197.80
LEFT_EYE_OUTER,122,681.83,196.72
LEFT_EYE_OUTER,125,637.46,190.46
LEFT_EYE_OUTER,127,639.25,200.43
LEFT_EYE_OUTER,128,628.78,210.54
LEFT_EYE_OUTER,129,631.30,208.15
LEFT_EYE_OUTER,130,622.80,200.19
LEFT_EYE_OUTER,131,623.49,199.83
LEFT_EYE_OUTER,132,628.68,194.04
LEFT_EYE_OUTER,133,643.43,183.12
LEFT_EYE_OUTER,134,660.89,175.48
LEFT_EYE_OUTER,135,677.44,171.70
LEFT_EYE_OUTER,136,677.85,168.67
LEFT_EYE_OUTER,137,679.89,166.70
LEFT_EYE_OUTER,138,683.84,161.88
LEFT_EYE_OUTER,140,692.42,153.72
LEFT_EYE_OUTER,141,692.30,148.50
LEFT_EYE_OUTER,142,693.75,142.11
LEFT_EYE_OUTER,143,693.89,142.07
LEFT_EYE_OUTER,144,692.43,141.07
LEFT_EYE_OUTER,145,691.42,140.35
LEFT_EYE_OUTER,146,695.71,138.03
LEFT_EYE_OUTER,147,701.42,134.83
LEFT_EYE_OUTER,148,703.17,128.97
LEFT_EYE_OUTER,149,701.56,130.69
LEFT_EYE_OUTER,150,701.98,129.24
LEFT_EYE_OUTER,151,691.64,133.20
LEFT_EYE_OUTER,152,685.05,135.70
LEFT_EYE_OUTER,153,682.12,144.10
LEFT_EYE_OUTER,154,681.64,145.96
LEFT_EYE_OUTER,155,696.54,147.07
LEFT_EYE_OUTER,156,687.31,146.69
LEFT_EYE_OUTER,157,688.32,146.12
LEFT_EYE_OUTER,158,684.42,146.46
LEFT_EYE_OUTER,159,691.63,151.31
LEFT_EYE_OUTER,160,691.84,151.29
LEFT_EYE_OUTER,161,703.70,155.05
LEFT_EYE_OUTER,162,716.77,157.48
LEFT_EYE_OUTER,163,726.95,160.24
LEFT_EYE_OUTER,164,726.88,160.99
LEFT_EYE_OUTER,165,729.15,164.01
LEFT_EYE_OUTER,166,728.91,163.82
LEFT_EYE_OUTER,167,728.96,165.55
LEFT_EYE_OUTER,168,724.33,165.94
LEFT_EYE_OUTER,169,720.03,167.82
LEFT_EYE_OUTER,170,707.78,167.80
LEFT_EYE_OUTER,171,701.29,166.27
LEFT_EYE_OUTER,172,701.42,166.41
LEFT_EYE_OUTER,173,689.90,168.55
LEFT_EYE_OUTER,174,685.77,165.55
LEFT_EYE_OUTER,175,663.23,169.28
LEFT_EYE_OUTER,176,650.69,170.51
LEFT_EYE_OUTER,177,645.08,172.69
LEFT_EYE_OUTER,178,644.77,172.93
LEFT_EYE_OUTER,179,638.67,174.91
LEFT_EYE_OUTER,180,644.09,182.25
LEFT_EYE_OUTER,181,638.00,178.77
LEFT_EYE_OUTER,182,636.51,176.27
LEFT_EYE_OUTER,183,638.62,178.31
RIGHT_EYE_INNER,0,611.82,316.11
RIGHT_EYE_INNER,1,544.17,311.85
RIGHT_EYE_INNER,2,544.58,311.85
RIGHT_EYE_INNER,3,529.87,322.44
RIGHT_EYE_INNER,4,525.57,314.93
RIGHT_EYE_INNER,5,540.19,308.25
RIGHT_EYE_INNER,6,578.33,291.82
RIGHT_EYE_INNER,7,617.52,275.80
RIGHT_EYE_INNER,8,619.01,275.41
RIGHT_EYE_INNER,9,655.56,252.62
RIGHT_EYE_INNER,10,689.87,242.43
RIGHT_EYE_INNER,11,695.97,227.93
RIGHT_EYE_INNER,12,691.26,213.97
RIGHT_EYE_INNER,13,677.97,195.57
RIGHT_EYE_INNER,14,678.24,195.75
RIGHT_EYE_INNER,15,654.33,185.18
RIGHT_EYE_INNER,16,629.00,171.45
RIGHT_EYE_INNER,17,612.41,153.58
RIGHT_EYE_INNER,18,582.53,156.65
RIGHT_EYE_INNER,19,579.12,157.44
RIGHT_EYE_INNER,20,579.26,156.90
RIGHT_EYE_INNER,21,576.70,157.10
RIGHT_EYE_INNER,22,576.01,158.73
RIGHT_EYE_INNER,23,579.27,161.47
RIGHT_EYE_INNER,24,595.59,167.58
RIGHT_EYE_INNER,25,613.45,158.04
RIGHT_EYE_INNER,26,614.38,157.67
RIGHT_EYE_INNER,27,635.00,161.99
RIGHT_EYE_INNER,28,662.68,169.30
RIGHT_EYE_INNER,29,673.70,177.23
RIGHT_EYE_INNER,30,677.50,182.27
RIGHT_EYE_INNER,31,661.02,186.59
RIGHT_EYE_INNER,32,660.75,186.51
RIGHT_EYE_INNER,33,623.30,182.48
RIGHT_EYE_INNER,34,551.95,188.89
RIGHT_EYE_INNER,35,539.50,197.29
RIGHT_EYE_INNER,36,529.67,209.74
RIGHT_EYE_INNER,37,539.20,215.50
RIGHT_EYE_INNER,38,539.81,215.53
RIGHT_EYE_INNER,39,577.96,220.62
RIGHT_EYE_INNER,40,625.74,165.54
RIGHT_EYE_INNER,41,679.32,226.61
RIGHT_EYE_INNER,42,708.95,235.97
RIGHT_EYE_INNER,43,710.60,235.33
RIGHT_EYE_INNER,44,706.46,240.79
RIGHT_EYE_INNER,45,591.62,211.37
RIGHT_EYE_INNER,46,588.73,226.68
RIGHT_EYE_INNER,47,543.24,222.25
RIGHT_EYE_INNER,48,507.89,240.57
RIGHT_EYE_INNER,49,507.81,240.76
RIGHT_EYE_INNER,50,512.05,240.32
RIGHT_EYE_INNER,51,557.05,203.35
RIGHT_EYE_INNER,52,596.44,201.30
RIGHT_EYE_INNER,53,661.39,219.17
RIGHT_EYE_INNER,54,675.21,208.79
RIGHT_EYE_INNER,55,675.10,209.10
RIGHT_EYE_INNER,56,671.71,191.21
RIGHT_EYE_INNER,57,646.50,171.90
RIGHT_EYE_INNER,58,609.04,160.69
RIGHT_EYE_INNER,59,583.53,147.95
RIGHT_EYE_INNER,60,583.14,147.75
RIGHT_EYE_INNER,61,582.67,149.77
RIGHT_EYE_INNER,62,598.13,148.17
RIGHT_EYE_INNER,63,617.83,146.29
RIGHT_EYE_INNER,64,647.19,136.89
RIGHT_EYE_INNER,65,667.81,139.17
RIGHT_EYE_INNER,66,667.20,142.28
RIGHT_EYE_INNER,67,667.10,143.22
RIGHT_EYE_INNER,68,628.10,150.48
RIGHT_EYE_INNER,69,612.87,139.49
RIGHT_EYE_INNER,70,562.23,143.42
RIGHT_EYE_INNER,71,547.98,156.76
RIGHT_EYE_INNER,72,557.75,146.11
RIGHT_EYE_INNER,73,558.73,147.25
RIGHT_EYE_INNER,74,573.19,143.76
RIGHT_EYE_INNER,75,605.37,145.77
RIGHT_EYE_INNER,76,615.77,139.95
RIGHT_EYE_INNER,77,653.59,131.63
RIGHT_EYE_INNER,78,652.65,131.15
RIGHT_EYE_INNER,79,664.28,129.80
RIGHT_EYE_INNER,80,658.83,132.75
RIGHT_EYE_INNER,83,609.31,152.67
RIGHT_EYE_INNER,84,599.32,151.22
RIGHT_EYE_INNER,85,611.29,171.30
RIGHT_EYE_INNER,86,614.70,166.24
RIGHT_EYE_INNER,87,616.22,151.47
RIGHT_EYE_INNER,89,662.93,171.46
RIGHT_EYE_INNER,90,662.84,171.55
RIGHT_EYE_INNER,91,653.51,179.22
RIGHT_EYE_INNER,92,664.53,181.87
RIGHT_EYE_INNER,93,671.46,173.98
RIGHT_EYE_INNER,94,673.28,177.87
RIGHT_EYE_INNER,95,646.74,176.61
RIGHT_EYE_INNER,96,661.77,185.58
RIGHT_EYE_INNER,97,659.33,177.19
RIGHT_EYE_INNER,98,652.75,175.46
RIGHT_EYE_INNER,99,646.40,183.44
RIGHT_EYE_INNER,103,610.64,180.33
RIGHT_EYE_INNER,104,603.30,200.64
RIGHT_EYE_INNER,105,605.75,203.45
RIGHT_EYE_INNER,106,605.65,193.89
RIGHT_EYE_INNER,107,606.67,199.02
RIGHT_EYE_INNER,108,609.45,196.61
RIGHT_EYE_INNER,109,620.98,189.89
RIGHT_EYE_INNER,111,688.15,187.68
RIGHT_EYE_INNER,112,688.64,200.18
RIGHT_EYE_INNER,113,686.41,199.78
RIGHT_EYE_INNER,114,693.24,201.01
RIGHT_EYE_INNER,115,690.33,211.91
RIGHT_EYE_INNER,116,715.58,208.12
RIGHT_EYE_INNER,117,726.13,193.14
RIGHT_EYE_INNER,118,734.10,182.70
RIGHT_EYE_INNER,119,733.12,181.29
RIGHT_EYE_INNER,120,696.91,186.77
RIGHT_EYE_INNER,121,696.52,195.08
RIGHT_EYE_INNER,122,692.06,200.66
RIGHT_EYE_INNER,125,651.57,187.42
RIGHT_EYE_INNER,127,653.95,200.07
RIGHT_EYE_INNER,128,644.62,213.28
RIGHT_EYE_INNER,129,646.73,210.25
RIGHT_EYE_INNER,130,635.69,199.68
RIGHT_EYE_INNER,131,636.66,199.40
RIGHT_EYE_INNER,132,632.76,193.46
RIGHT_EYE_INNER,133,645.58,183.30
RIGHT_EYE_INNER,134,661.46,174.66
RIGHT_EYE_INNER,135,672.92,166.12
RIGHT_EYE_INNER,136,673.81,166.41
RIGHT_EYE_INNER,137,674.59,164.30
RIGHT_EYE_INNER,138,674.38,159.22
RIGHT_EYE_INNER,140,675.99,157.38
RIGHT_EYE_INNER,141,679.83,149.73
RIGHT_EYE_INNER,142,678.60,146.28
RIGHT_EYE_INNER,143,678.40,146.24
RIGHT_EYE_INNER,144,679.08,144.60
RIGHT_EYE_INNER,145,682.94,143.40
RIGHT_EYE_INNER,146,686.89,141.82
RIGHT_EYE_INNER,147,698.24,136.13
RIGHT_EYE_INNER,148,704.63,129.70
RIGHT_EYE_INNER,149,703.65,131.17
RIGHT_EYE_INNER,150,705.66,128.77
RIGHT_EYE_INNER,151,703.16,132.62
RIGHT_EYE_INNER,152,699.48,134.56
RIGHT_EYE_INNER,153,695.26,140.97
RIGHT_EYE_INNER,154,693.22,144.00
RIGHT_EYE_INNER,155,697.01,148.22
RIGHT_EYE_INNER,156,688.06,146.29
RIGHT_EYE_INNER,157,684.08,144.41
RIGHT_EYE_INNER,158,680.05,145.05
RIGHT_EYE_INNER,159,681.53,150.46
RIGHT_EYE_INNER,160,681.77,150.24
RIGHT_EYE_INNER,161,687.50,153.22
RIGHT_EYE_INNER,162,700.88,155.86
RIGHT_EYE_INNER,163,717.72,158.33
RIGHT_EYE_INNER,164,727.02,161.26
RIGHT_EYE_INNER,165,729.67,164.05
RIGHT_EYE_INNER,166,729.54,164.05
RIGHT_EYE_INNER,167,730.47,166.54
RIGHT_EYE_INNER,168,727.40,166.80
RIGHT_EYE_INNER,169,723.73,167.70
RIGHT_EYE_INNER,170,714.46,168.14
RIGHT_EYE_INNER,171,708.02,167.53
RIGHT_EYE_INNER,172,708.20,167.72
RIGHT_EYE_INNER,173,698.85,170.14
RIGHT_EYE_INNER,174,694.18,167.19
RIGHT_EYE_INNER,175,677.33,170.55
RIGHT_EYE_INNER,176,665.47,171.88
RIGHT_EYE_INNER,177,658.27,172.14
RIGHT_EYE_INNER,178,658.03,172.38
RIGHT_EYE_INNER,179,646.92,173.02
RIGHT_EYE_INNER,180,644.33,181.89
RIGHT_EYE_INNER,181,640.98,177.83
RIGHT_EYE_INNER,182,633.65,175.86
RIGHT_EYE_INNER,183,633.03,179.98
RIGHT_EYE,0,615.23,316.23
RIGHT_EYE,1,546.53,309.99
RIGHT_EYE,2,546.84,309.96
RIGHT_EYE,3,530.58,320.92
RIGHT_EYE,4,526.43,313.22
RIGHT_EYE,5,539.63,306.89
RIGHT_EYE,6,576.39,291.16
RIGHT_EYE,7,615.48,274.65
RIGHT_EYE,8,616.27,274.33
RIGHT_EYE,9,653.62,251.52
RIGHT_EYE,10,688.33,241.55
RIGHT_EYE,11,694.22,226.75
RIGHT_EYE,12,689.80,212.83
RIGHT_EYE,13,675.90,194.80
RIGHT_EYE,14,676.78,195.00
RIGHT_EYE,15,654.41,184.86
RIGHT_EYE,16,630.88,171.25
RIGHT_EYE,17,614.26,153.24
RIGHT_EYE,18,584.61,155.58
RIGHT_EYE,19,580.53,156.53
RIGHT_EYE,20,580.81,155.87
RIGHT_EYE,21,577.86,156.04
RIGHT_EYE,22,577.27,157.59
RIGHT_EYE,23,579.85,160.43
RIGHT_EYE,24,593.46,166.55
RIGHT_EYE,25,610.25,157.85
RIGHT_EYE,26,611.05,157.45
RIGHT_EYE,27,632.16,161.19
RIGHT_EYE,28,661.12,168.98
RIGHT_EYE,29,671.79,176.17
RIGHT_EYE,30,676.22,181.14
RIGHT_EYE,31,660.78,186.10
RIGHT_EYE,32,660.55,186.01
RIGHT_EYE,33,624.43,182.80
RIGHT_EYE,34,553.37,187.80
RIGHT_EYE,35,540.61,196.98
RIGHT_EYE,36,531.10,207.98
RIGHT_EYE,37,539.91,214.50
RIGHT_EYE,38,540.44,214.46
RIGHT_EYE,39,576.39,220.78
RIGHT_EYE,40,625.22,165.84
RIGHT_EYE,41,678.05,225.10
RIGHT_EYE,42,707.43,234.24
RIGHT_EYE,43,709.22,233.91
RIGHT_EYE,44,705.18,239.11
RIGHT_EYE,45,594.26,212.93
RIGHT_EYE,46,588.78,227.11
RIGHT_EYE,47,544.64,220.94
RIGHT_EYE,48,509.09,238.54
RIGHT_EYE,49,509.01,238.70
RIGHT_EYE,50,512.75,239.43
RIGHT_EYE,51,557.65,203.29
RIGHT_EYE,52,597.31,201.17
RIGHT_EYE,53,659.80,218.22
RIGHT_EYE,54,674.26,207.89
RIGHT_EYE,55,674.09,208.16
RIGHT_EYE,56,672.23,191.54
RIGHT_EYE,57,648.58,172.97
RIGHT_EYE,58,609.42,161.10
RIGHT_EYE,59,585.13,147.95
RIGHT_EYE,60,583.64,147.56
RIGHT_EYE,61,582.95,149.56
RIGHT_EYE,62,596.10,148.73
RIGHT_EYE,63,613.92,147.44
RIGHT_EYE,64,643.61,136.72
RIGHT_EYE,65,665.54,138.77
RIGHT_EYE,66,665.74,141.11
RIGHT_EYE,67,665.72,142.02
RIGHT_EYE,68,628.45,150.66
RIGHT_EYE,69,615.65,139.72
RIGHT_EYE,70,563.28,143.47
RIGHT_EYE,71,549.58,155.89
RIGHT_EYE,72,558.69,145.24
RIGHT_EYE,73,559.61,146.45
RIGHT_EYE,74,573.58,143.36
RIGHT_EYE,75,601.51,144.57
RIGHT_EYE,76,614.88,139.68
RIGHT_EYE,77,650.35,131.88
RIGHT_EYE,78,649.42,131.41
RIGHT_EYE,79,662.23,129.81
RIGHT_EYE,80,657.98,133.05
RIGHT_EYE,83,610.56,152.76
RIGHT_EYE,84,600.33,151.35
RIGHT_EYE,85,612.83,172.46
RIGHT_EYE,86,615.75,167.62
RIGHT_EYE,87,616.82,152.58
RIGHT_EYE,89,661.80,171.30
RIGHT_EYE,90,661.62,171.33
RIGHT_EYE,91,651.45,179.08
RIGHT_EYE,92,662.61,181.62
RIGHT_EYE,93,668.96,174.87
RIGHT_EYE,94,673.62,181.81
RIGHT_EYE,95,645.85,177.70
RIGHT_EYE,96,661.03,187.20
RIGHT_EYE,97,659.19,179.58
RIGHT_EYE,98,653.31,177.46
RIGHT_EYE,99,648.16,185.67
RIGHT_EYE,103,615.19,179.73
RIGHT_EYE,104,605.77,201.47
RIGHT_EYE,105,608.68,204.15
RIGHT_EYE,106,608.44,195.76
RIGHT_EYE,107,608.32,200.04
RIGHT_EYE,108,611.66,197.96
RIGHT_EYE,109,621.58,190.73
RIGHT_EYE,111,687.78,186.24
RIGHT_EYE,112,687.56,200.04
RIGHT_EYE,113,685.19,199.74
RIGHT_EYE,114,690.65,198.94
RIGHT_EYE,115,693.15,211.50
RIGHT_EYE,116,715.51,208.39
RIGHT_EYE,117,725.41,193.53
RIGHT_EYE,118,733.90,183.89
RIGHT_EYE,119,732.66,182.82
RIGHT_EYE,120,697.51,188.74
RIGHT_EYE,121,696.87,197.29
RIGHT_EYE,122,693.49,203.41
RIGHT_EYE,125,655.51,187.02
RIGHT_EYE,127,656.25,200.67
RIGHT_EYE,128,647.40,214.98
RIGHT_EYE,129,649.32,211.63
RIGHT_EYE,130,637.78,200.82
RIGHT_EYE,131,638.94,201.17
RIGHT_EYE,132,634.52,195.65
RIGHT_EYE,133,646.39,184.85
RIGHT_EYE,134,662.17,176.53
RIGHT_EYE,135,672.72,166.69
RIGHT_EYE,136,674.71,167.71
RIGHT_EYE,137,675.26,165.74
RIGHT_EYE,138,674.50,160.33
RIGHT_EYE,140,673.94,159.13
RIGHT_EYE,141,677.85,152.16
RIGHT_EYE,142,675.61,149.04
RIGHT_EYE,143,675.30,148.99
RIGHT_EYE,144,675.79,147.26
RIGHT_EYE,145,679.93,145.61
RIGHT_EYE,146,683.41,143.81
RIGHT_EYE,147,695.20,137.32
RIGHT_EYE,148,702.62,130.88
RIGHT_EYE,149,701.77,132.18
RIGHT_EYE,150,704.48,129.10
RIGHT_EYE,151,704.56,133.10
RIGHT_EYE,152,701.71,134.31
RIGHT_EYE,153,698.53,140.58
RIGHT_EYE,154,696.49,143.65
RIGHT_EYE,155,697.45,147.87
RIGHT_EYE,156,690.55,145.75
RIGHT_EYE,157,685.85,144.61
RIGHT_EYE,158,681.62,144.57
RIGHT_EYE,159,681.64,150.29
RIGHT_EYE,160,681.94,150.04
RIGHT_EYE,161,685.78,152.96
RIGHT_EYE,162,698.01,155.03
RIGHT_EYE,163,714.48,157.43
RIGHT_EYE,164,724.30,160.95
RIGHT_EYE,165,726.98,164.06
RIGHT_EYE,166,726.95,164.03
RIGHT_EYE,167,728.15,166.57
RIGHT_EYE,168,725.33,166.69
RIGHT_EYE,169,720.99,167.83
RIGHT_EYE,170,713.63,168.94
RIGHT_EYE,171,706.82,167.65
RIGHT_EYE,172,706.95,167.80
RIGHT_EYE,173,698.66,170.16
RIGHT_EYE,174,693.61,167.28
RIGHT_EYE,175,679.67,170.56
RIGHT_EYE,176,668.98,172.11
RIGHT_EYE,177,661.74,171.82
RIGHT_EYE,178,661.51,172.03
RIGHT_EYE,179,649.65,172.24
RIGHT_EYE,180,646.18,180.94
RIGHT_EYE,181,643.13,177.17
RIGHT_EYE,182,635.61,175.80
RIGHT_EYE,183,634.63,179.61
RIGHT_EYE_OUTER,0,617.02,316.11
RIGHT_EYE_OUTER,1,547.65,309.15
RIGHT_EYE_OUTER,2,547.93,309.02
RIGHT_EYE_OUTER,3,531.25,319.40
RIGHT_EYE_OUTER,4,527.31,311.49
RIGHT_EYE_OUTER,5,538.68,305.50
RIGHT_EYE_OUTER,6,574.43,290.49
RIGHT_EYE_OUTER,7,613.27,273.34
RIGHT_EYE_OUTER,8,613.98,273.10
RIGHT_EYE_OUTER,9,650.77,250.19
RIGHT_EYE_OUTER,10,686.61,240.88
RIGHT_EYE_OUTER,11,692.19,225.49
RIGHT_EYE_OUTER,12,688.09,211.61
RIGHT_EYE_OUTER,13,673.76,194.22
RIGHT_EYE_OUTER,14,675.42,194.39
RIGHT_EYE_OUTER,15,654.50,184.53
RIGHT_EYE_OUTER,16,632.84,171.00
RIGHT_EYE_OUTER,17,617.07,152.57
RIGHT_EYE_OUTER,18,586.70,154.53
RIGHT_EYE_OUTER,19,581.72,155.76
RIGHT_EYE_OUTER,20,582.09,155.03
RIGHT_EYE_OUTER,21,579.12,154.98
RIGHT_EYE_OUTER,22,578.48,156.48
RIGHT_EYE_OUTER,23,580.37,159.40
RIGHT_EYE_OUTER,24,591.42,165.58
RIGHT_EYE_OUTER,25,607.27,157.92
RIGHT_EYE_OUTER,26,608.14,157.33
RIGHT_EYE_OUTER,27,628.71,160.28
RIGHT_EYE_OUTER,28,659.68,168.69
RIGHT_EYE_OUTER,29,669.54,175.11
RIGHT_EYE_OUTER,30,675.10,180.02
RIGHT_EYE_OUTER,31,660.64,185.69
RIGHT_EYE_OUTER,32,660.44,185.60
RIGHT_EYE_OUTER,33,625.51,183.04
RIGHT_EYE_OUTER,34,554.82,186.64
RIGHT_EYE_OUTER,35,541.63,196.77
RIGHT_EYE_OUTER,36,532.46,206.13
RIGHT_EYE_OUTER,37,540.62,213.44
RIGHT_EYE_OUTER,38,541.11,213.27
RIGHT_EYE_OUTER,39,574.60,221.31
RIGHT_EYE_OUTER,40,624.68,165.87
RIGHT_EYE_OUTER,41,676.64,223.87
RIGHT_EYE_OUTER,42,705.80,232.36
RIGHT_EYE_OUTER,43,707.73,232.36
RIGHT_EYE_OUTER,44,703.97,237.44
RIGHT_EYE_OUTER,45,596.82,214.34
RIGHT_EYE_OUTER,46,588.73,227.39
RIGHT_EYE_OUTER,47,545.81,219.60
RIGHT_EYE_OUTER,48,510.32,236.34
RIGHT_EYE_OUTER,49,510.26,236.47
RIGHT_EYE_OUTER,50,513.28,238.56
RIGHT_EYE_OUTER,51,555.03,204.83
RIGHT_EYE_OUTER,52,598.17,200.88
RIGHT_EYE_OUTER,53,658.40,217.27
RIGHT_EYE_OUTER,54,673.44,206.93
RIGHT_EYE_OUTER,55,673.19,207.13
RIGHT_EYE_OUTER,56,672.86,191.83
RIGHT_EYE_OUTER,57,649.35,173.48
RIGHT_EYE_OUTER,58,609.67,161.29
RIGHT_EYE_OUTER,59,586.24,148.08
RIGHT_EYE_OUTER,60,583.94,147.28
RIGHT_EYE_OUTER,61,583.03,149.23
RIGHT_EYE_OUTER,62,593.84,149.27
RIGHT_EYE_OUTER,63,610.12,148.53
RIGHT_EYE_OUTER,64,640.23,136.74
RIGHT_EYE_OUTER,65,662.83,138.33
RIGHT_EYE_OUTER,66,664.35,139.88
RIGHT_EYE_OUTER,67,664.42,140.75
RIGHT_EYE_OUTER,68,628.70,150.63
RIGHT_EYE_OUTER,69,618.15,139.83
RIGHT_EYE_OUTER,70,563.96,143.55
RIGHT_EYE_OUTER,71,550.88,155.04
RIGHT_EYE_OUTER,72,559.68,144.21
RIGHT_EYE_OUTER,73,560.57,145.48
RIGHT_EYE_OUTER,74,574.13,142.86
RIGHT_EYE_OUTER,75,597.96,143.31
RIGHT_EYE_OUTER,76,613.59,139.29
RIGHT_EYE_OUTER,77,647.58,131.98
RIGHT_EYE_OUTER,78,646.79,131.50
RIGHT_EYE_OUTER,79,660.04,129.93
RIGHT_EYE_OUTER,80,657.08,133.28
RIGHT_EYE_OUTER,83,611.92,152.73
RIGHT_EYE_OUTER,84,601.19,151.30
RIGHT_EYE_OUTER,85,614.23,173.32
RIGHT_EYE_OUTER,86,616.69,168.45
RIGHT_EYE_OUTER,87,617.25,153.52
RIGHT_EYE_OUTER,89,660.64,170.90
RIGHT_EYE_OUTER,90,660.39,170.86
RIGHT_EYE_OUTER,91,649.40,178.76
RIGHT_EYE_OUTER,92,660.56,181.16
RIGHT_EYE_OUTER,93,666.03,175.60
RIGHT_EYE_OUTER,94,672.30,182.01
RIGHT_EYE_OUTER,95,644.87,178.50
RIGHT_EYE_OUTER,96,660.26,188.47
RIGHT_EYE_OUTER,97,658.57,180.49
RIGHT_EYE_OUTER,98,653.77,179.50
RIGHT_EYE_OUTER,99,650.02,187.79
RIGHT_EYE_OUTER,103,616.56,179.99
RIGHT_EYE_OUTER,104,610.22,201.47
RIGHT_EYE_OUTER,105,611.51,204.70
RIGHT_EYE_OUTER,106,611.23,197.20
RIGHT_EYE_OUTER,107,609.97,200.79
RIGHT_EYE_OUTER,108,613.82,199.20
RIGHT_EYE_OUTER,109,622.07,191.44
RIGHT_EYE_OUTER,111,687.28,184.51
RIGHT_EYE_OUTER,112,686.44,199.74
RIGHT_EYE_OUTER,113,683.81,199.45
RIGHT_EYE_OUTER,114,694.55,199.34
RIGHT_EYE_OUTER,115,695.99,210.91
RIGHT_EYE_OUTER,116,715.30,208.45
RIGHT_EYE_OUTER,117,724.63,193.75
RIGHT_EYE_OUTER,118,733.74,184.92
RIGHT_EYE_OUTER,119,732.24,184.20
RIGHT_EYE_OUTER,120,697.88,190.34
RIGHT_EYE_OUTER,121,697.29,199.36
RIGHT_EYE_OUTER,122,694.72,205.78
RIGHT_EYE_OUTER,125,659.30,186.31
RIGHT_EYE_OUTER,127,658.62,201.03
RIGHT_EYE_OUTER,128,650.12,216.53
RIGHT_EYE_OUTER,129,652.08,212.89
RIGHT_EYE_OUTER,130,640.37,202.69
RIGHT_EYE_OUTER,131,640.88,202.46
RIGHT_EYE_OUTER,132,635.82,196.75
RIGHT_EYE_OUTER,133,647.18,186.00
RIGHT_EYE_OUTER,134,662.96,178.88
RIGHT_EYE_OUTER,135,672.65,167.53
RIGHT_EYE_OUTER,136,675.59,169.22
RIGHT_EYE_OUTER,137,675.83,167.05
RIGHT_EYE_OUTER,138,674.58,161.43
RIGHT_EYE_OUTER,140,671.89,160.65
RIGHT_EYE_OUTER,141,675.80,154.86
RIGHT_EYE_OUTER,142,672.65,152.17
RIGHT_EYE_OUTER,143,672.29,152.10
RIGHT_EYE_OUTER,144,672.44,149.99
RIGHT_EYE_OUTER,145,676.27,148.30
RIGHT_EYE_OUTER,146,679.40,146.28
RIGHT_EYE_OUTER,147,691.35,138.85
RIGHT_EYE_OUTER,148,700.02,132.08
RIGHT_EYE_OUTER,149,699.14,133.44
RIGHT_EYE_OUTER,150,703.17,129.42
RIGHT_EYE_OUTER,151,705.83,133.42
RIGHT_EYE_OUTER,152,703.95,133.91
RIGHT_EYE_OUTER,153,701.83,140.21
RIGHT_EYE_OUTER,154,699.48,143.28
RIGHT_EYE_OUTER,155,697.72,147.60
RIGHT_EYE_OUTER,156,692.91,145.22
RIGHT_EYE_OUTER,157,687.63,144.89
RIGHT_EYE_OUTER,158,683.23,144.10
RIGHT_EYE_OUTER,159,681.55,150.08
RIGHT_EYE_OUTER,160,681.92,149.80
RIGHT_EYE_OUTER,161,683.72,152.74
RIGHT_EYE_OUTER,162,695.07,154.27
RIGHT_EYE_OUTER,163,710.12,156.51
RIGHT_EYE_OUTER,164,721.28,160.64
RIGHT_EYE_OUTER,165,723.97,164.10
RIGHT_EYE_OUTER,166,723.91,164.07
RIGHT_EYE_OUTER,167,725.33,166.64
RIGHT_EYE_OUTER,168,722.72,166.45
RIGHT_EYE_OUTER,169,718.28,168.07
RIGHT_EYE_OUTER,170,712.70,169.65
RIGHT_EYE_OUTER,171,705.78,167.94
RIGHT_EYE_OUTER,172,705.86,168.06
RIGHT_EYE_OUTER,173,698.54,170.17
RIGHT_EYE_OUTER,174,693.10,167.39
RIGHT_EYE_OUTER,175,682.00,170.47
RIGHT_EYE_OUTER,176,672.53,172.31
RIGHT_EYE_OUTER,177,665.19,171.46
RIGHT_EYE_OUTER,178,664.95,171.64
RIGHT_EYE_OUTER,179,653.09,171.52
RIGHT_EYE_OUTER,180,647.62,180.17
RIGHT_EYE_OUTER,181,645.14,176.48
RIGHT_EYE_OUTER,182,637.71,175.78
RIGHT_EYE_OUTER,183,636.19,179.06
LEFT_EAR,0,591.68,317.80
LEFT_EAR,1,547.01,309.10
LEFT_EAR,2,546.51,309.24
LEFT_EAR,3,536.04,315.06
LEFT_EAR,4,538.84,305.19
LEFT_EAR,5,567.17,300.65
LEFT_EAR,6,604.07,284.04
LEFT_EAR,7,639.49,267.46
LEFT_EAR,8,639.84,267.12
LEFT_EAR,9,662.60,249.90
LEFT_EAR,10,675.71,235.12
LEFT_EAR,11,680.15,222.97
LEFT_EAR,12,673.85,208.04
LEFT_EAR,13,658.11,192.76
LEFT_EAR,14,659.95,191.96
LEFT_EAR,15,632.41,180.20
LEFT_EAR,16,609.48,174.34
LEFT_EAR,17,600.13,158.54
LEFT_EAR,18,591.32,153.81
LEFT_EAR,19,593.14,153.37
LEFT_EAR,20,592.79,153.02
LEFT_EAR,21,596.15,148.57
LEFT_EAR,22,598.20,148.27
LEFT_EAR,23,602.53,148.55
LEFT_EAR,24,619.90,153.53
LEFT_EAR,25,628.14,152.68
LEFT_EAR,26,627.88,152.62
LEFT_EAR,27,639.75,156.70
LEFT_EAR,28,647.29,160.70
LEFT_EAR,29,658.05,169.05
LEFT_EAR,30,656.56,171.41
LEFT_EAR,31,640.17,178.37
LEFT_EAR,32,640.11,178.35
LEFT_EAR,33,611.90,182.96
LEFT_EAR,34,564.58,180.86
LEFT_EAR,35,558.63,188.37
LEFT_EAR,36,549.78,195.31
LEFT_EAR,37,555.39,199.37
LEFT_EAR,38,555.55,200.05
LEFT_EAR,39,593.31,204.12
LEFT_EAR,40,617.33,176.85
LEFT_EAR,41,669.76,218.07
LEFT_EAR,42,694.85,222.04
LEFT_EAR,43,695.01,220.95
LEFT_EAR,44,691.94,225.70
LEFT_EAR,45,592.98,208.17
LEFT_EAR,46,602.98,225.23
LEFT_EAR,47,553.76,213.80
LEFT_EAR,48,525.42,225.66
LEFT_EAR,49,525.32,225.63
LEFT_EAR,50,529.04,221.66
LEFT_EAR,51,553.71,209.21
LEFT_EAR,52,587.78,205.38
LEFT_EAR,53,650.54,207.33
LEFT_EAR,54,662.13,197.81
LEFT_EAR,55,662.12,198.11
LEFT_EAR,56,655.49,181.93
LEFT_EAR,57,642.15,173.91
LEFT_EAR,58,617.04,164.20
LEFT_EAR,59,598.15,152.15
LEFT_EAR,60,604.94,148.80
LEFT_EAR,61,605.76,149.62
LEFT_EAR,62,623.17,143.82
LEFT_EAR,63,641.35,142.11
LEFT_EAR,64,649.03,140.12
LEFT_EAR,65,652.05,137.64
LEFT_EAR,66,651.88,138.67
LEFT_EAR,67,651.84,138.95
LEFT_EAR,68,637.90,155.39
LEFT_EAR,69,591.81,143.68
LEFT_EAR,70,573.59,145.03
LEFT_EAR,71,565.15,154.33
LEFT_EAR,72,574.13,145.05
LEFT_EAR,73,574.40,145.63
LEFT_EAR,74,596.47,146.30
LEFT_EAR,75,628.72,146.45
LEFT_EAR,76,636.70,144.72
LEFT_EAR,77,648.39,134.84
LEFT_EAR,78,648.79,134.82
LEFT_EAR,79,647.71,136.90
LEFT_EAR,80,645.36,138.73
LEFT_EAR,83,589.15,156.01
LEFT_EAR,84,585.07,154.09
LEFT_EAR,85,592.34,168.12
LEFT_EAR,86,599.84,168.18
LEFT_EAR,87,614.67,163.04
LEFT_EAR,89,666.58,184.44
LEFT_EAR,90,666.73,184.77
LEFT_EAR,91,666.59,193.31
LEFT_EAR,92,681.22,188.64
LEFT_EAR,93,690.09,182.68
LEFT_EAR,94,682.31,175.26
LEFT_EAR,95,654.14,166.29
LEFT_EAR,96,662.24,174.10
LEFT_EAR,97,664.76,185.28
LEFT_EAR,98,656.77,192.51
LEFT_EAR,99,642.16,198.53
LEFT_EAR,103,608.58,187.91
LEFT_EAR,104,584.16,205.99
LEFT_EAR,105,584.57,211.74
LEFT_EAR,106,584.81,207.11
LEFT_EAR,107,595.23,212.09
LEFT_EAR,108,595.57,209.30
LEFT_EAR,109,615.00,205.81
LEFT_EAR,111,669.68,189.09
LEFT_EAR,112,691.14,215.78
LEFT_EAR,113,690.45,212.05
LEFT_EAR,114,680.64,193.51
LEFT_EAR,115,677.18,211.00
LEFT_EAR,116,710.30,213.92
LEFT_EAR,117,723.87,197.12
LEFT_EAR,118,719.75,189.25
LEFT_EAR,119,720.53,186.75
LEFT_EAR,120,701.98,204.07
LEFT_EAR,121,698.72,212.49
LEFT_EAR,122,675.62,204.03
LEFT_EAR,125,638.42,191.90
LEFT_EAR,127,633.19,206.71
LEFT_EAR,128,619.30,217.75
LEFT_EAR,129,622.07,215.98
LEFT_EAR,130,618.87,208.75
LEFT_EAR,131,619.10,207.96
LEFT_EAR,132,627.16,202.95
LEFT_EAR,133,642.39,195.89
LEFT_EAR,134,658.31,188.63
LEFT_EAR,135,678.79,184.84
LEFT_EAR,136,684.56,179.75
LEFT_EAR,137,686.13,178.97
LEFT_EAR,138,693.70,173.13
LEFT_EAR,140,704.50,160.71
LEFT_EAR,141,702.92,159.43
LEFT_EAR,142,704.66,153.93
LEFT_EAR,143,704.99,153.80
LEFT_EAR,144,696.98,150.70
LEFT_EAR,145,688.98,149.20
LEFT_EAR,146,691.08,145.60
LEFT_EAR,147,689.63,144.53
LEFT_EAR,148,688.56,139.11
LEFT_EAR,149,687.40,140.41
LEFT_EAR,150,689.16,137.99
LEFT_EAR,151,682.48,140.36
LEFT_EAR,152,678.01,143.04
LEFT_EAR,153,678.10,148.96
LEFT_EAR,154,678.76,150.37
LEFT_EAR,155,698.48,150.65
LEFT_EAR,156,695.94,148.59
LEFT_EAR,157,703.03,151.88
LEFT_EAR,158,700.83,152.21
LEFT_EAR,159,707.89,155.63
LEFT_EAR,160,707.99,155.66
LEFT_EAR,161,714.24,158.96
LEFT_EAR,162,718.46,159.78
LEFT_EAR,163,719.36,162.42
LEFT_EAR,164,714.18,165.49
LEFT_EAR,165,716.17,169.53
LEFT_EAR,166,715.73,169.37
LEFT_EAR,167,713.70,172.21
LEFT_EAR,168,709.83,171.32
LEFT_EAR,169,704.85,173.57
LEFT_EAR,170,694.33,172.03
LEFT_EAR,171,688.20,170.24
LEFT_EAR,172,688.35,170.21
LEFT_EAR,173,676.55,171.63
LEFT_EAR,174,672.51,170.47
LEFT_EAR,175,653.77,173.77
LEFT_EAR,176,643.31,174.50
LEFT_EAR,177,643.09,177.91
LEFT_EAR,178,643.04,178.05
LEFT_EAR,179,642.79,178.23
LEFT_EAR,180,652.43,183.97
LEFT_EAR,181,646.80,180.24
LEFT_EAR,182,650.79,179.18
LEFT_EAR,183,654.60,180.19
RIGHT_EAR,0,618.04,320.01
RIGHT_EAR,1,556.51,305.32
RIGHT_EAR,2,556.38,305.86
RIGHT_EAR,3,538.75,312.02
RIGHT_EAR,4,538.84,303.13
RIGHT_EAR,5,547.02,298.41
RIGHT_EAR,6,576.99,284.18
RIGHT_EAR,7,611.41,268.01
RIGHT_EAR,8,611.30,267.89
RIGHT_EAR,9,642.39,247.77
RIGHT_EAR,10,671.07,237.22
RIGHT_EAR,11,675.37,222.12
RIGHT_EAR,12,672.44,208.68
RIGHT_EAR,13,657.33,194.00
RIGHT_EAR,14,661.41,193.59
RIGHT_EAR,15,646.73,184.51
RIGHT_EAR,16,632.93,174.53
RIGHT_EAR,17,621.66,158.06
RIGHT_EAR,18,599.18,152.11
RIGHT_EAR,19,593.51,152.80
RIGHT_EAR,20,593.89,151.85
RIGHT_EAR,21,594.02,150.66
RIGHT_EAR,22,594.11,151.21
RIGHT_EAR,23,594.78,152.62
RIGHT_EAR,24,594.41,158.69
RIGHT_EAR,25,603.25,156.99
RIGHT_EAR,26,604.41,156.69
RIGHT_EAR,27,619.67,157.04
RIGHT_EAR,28,646.26,167.82
RIGHT_EAR,29,652.90,168.20
RIGHT_EAR,30,660.66,175.06
RIGHT_EAR,31,649.83,184.05
RIGHT_EAR,32,649.71,183.97
RIGHT_EAR,33,625.45,185.19
RIGHT_EAR,34,565.87,180.68
RIGHT_EAR,35,555.38,193.85
RIGHT_EAR,36,548.08,196.81
RIGHT_EAR,37,552.03,204.26
RIGHT_EAR,38,552.23,204.04
RIGHT_EAR,39,578.56,215.29
RIGHT_EAR,40,621.39,175.08
RIGHT_EAR,41,664.67,218.07
RIGHT_EAR,42,691.60,221.24
RIGHT_EAR,43,693.76,223.09
RIGHT_EAR,44,690.62,225.97
RIGHT_EAR,45,609.65,220.35
RIGHT_EAR,46,596.73,229.15
RIGHT_EAR,47,556.10,214.15
RIGHT_EAR,48,524.49,225.24
RIGHT_EAR,49,524.47,225.18
RIGHT_EAR,50,523.66,227.85
RIGHT_EAR,51,560.32,209.24
RIGHT_EAR,52,595.42,206.70
RIGHT_EAR,53,648.04,211.56
RIGHT_EAR,54,663.03,201.32
RIGHT_EAR,55,662.58,201.29
RIGHT_EAR,56,668.23,192.87
RIGHT_EAR,57,647.55,178.13
RIGHT_EAR,58,617.08,165.52
RIGHT_EAR,59,598.58,152.64
RIGHT_EAR,60,595.83,150.08
RIGHT_EAR,61,594.68,151.20
RIGHT_EAR,62,596.38,150.77
RIGHT_EAR,63,603.68,151.72
RIGHT_EAR,64,629.16,140.93
RIGHT_EAR,65,645.64,139.16
RIGHT_EAR,66,652.17,138.25
RIGHT_EAR,67,652.38,138.64
RIGHT_EAR,68,631.73,153.68
RIGHT_EAR,69,620.00,145.48
RIGHT_EAR,70,573.13,146.28
RIGHT_EAR,71,568.46,155.09
RIGHT_EAR,72,572.07,144.02
RIGHT_EAR,73,572.62,145.00
RIGHT_EAR,74,586.48,145.77
RIGHT_EAR,75,593.58,141.98
RIGHT_EAR,76,616.89,142.95
RIGHT_EAR,77,636.38,136.18
RIGHT_EAR,78,636.59,135.72
RIGHT_EAR,79,644.28,136.59
RIGHT_EAR,80,648.61,138.45
RIGHT_EAR,83,614.76,158.56
RIGHT_EAR,84,608.15,155.98
RIGHT_EAR,85,615.76,179.75
RIGHT_EAR,86,617.77,178.11
RIGHT_EAR,87,618.29,165.15
RIGHT_EAR,89,653.63,173.71
RIGHT_EAR,90,653.15,173.68
RIGHT_EAR,91,643.73,185.42
RIGHT_EAR,92,653.88,184.69
RIGHT_EAR,93,660.01,184.42
RIGHT_EAR,94,670.72,185.10
RIGHT_EAR,95,643.29,177.00
RIGHT_EAR,96,656.18,187.93
RIGHT_EAR,97,661.26,188.85
RIGHT_EAR,98,658.11,194.33
RIGHT_EAR,99,654.08,202.42
RIGHT_EAR,103,621.81,188.45
RIGHT_EAR,104,611.50,209.93
RIGHT_EAR,105,615.03,212.01
RIGHT_EAR,106,612.93,207.84
RIGHT_EAR,107,611.94,210.58
RIGHT_EAR,108,614.82,210.21
RIGHT_EAR,109,620.56,205.43
RIGHT_EAR,111,673.28,180.02
RIGHT_EAR,112,679.90,205.81
RIGHT_EAR,113,679.23,202.80
RIGHT_EAR,114,694.52,193.75
RIGHT_EAR,115,701.05,207.27
RIGHT_EAR,116,715.07,215.64
RIGHT_EAR,117,717.19,201.77
RIGHT_EAR,118,723.12,191.99
RIGHT_EAR,119,722.69,192.08
RIGHT_EAR,120,705.58,203.46
RIGHT_EAR,121,701.89,213.02
RIGHT_EAR,122,693.11,217.74
RIGHT_EAR,125,668.91,186.12
RIGHT_EAR,127,662.38,206.29
RIGHT_EAR,128,649.98,223.17
RIGHT_EAR,129,651.23,220.67
RIGHT_EAR,130,640.78,211.17
RIGHT_EAR,131,639.90,210.47
RIGHT_EAR,132,637.33,203.97
RIGHT_EAR,133,647.65,198.90
RIGHT_EAR,134,661.48,192.66
RIGHT_EAR,135,671.49,180.06
RIGHT_EAR,136,681.99,180.31
RIGHT_EAR,137,681.58,177.81
RIGHT_EAR,138,684.23,172.49
RIGHT_EAR,140,674.69,172.29
RIGHT_EAR,141,676.74,169.86
RIGHT_EAR,142,672.62,167.91
RIGHT_EAR,143,672.31,167.79
RIGHT_EAR,144,670.89,164.01
RIGHT_EAR,145,671.36,161.29
RIGHT_EAR,146,670.94,158.35
RIGHT_EAR,147,676.88,153.33
RIGHT_EAR,148,683.99,142.67
RIGHT_EAR,149,683.60,143.02
RIGHT_EAR,150,690.75,138.70
RIGHT_EAR,151,703.87,139.02
RIGHT_EAR,152,704.80,138.39
RIGHT_EAR,153,708.22,145.34
RIGHT_EAR,154,705.70,146.56
RIGHT_EAR,155,701.46,150.59
RIGHT_EAR,156,706.41,147.58
RIGHT_EAR,157,703.60,150.99
RIGHT_EAR,158,699.28,150.23
RIGHT_EAR,159,693.10,153.05
RIGHT_EAR,160,693.28,152.97
RIGHT_EAR,161,687.42,155.52
RIGHT_EAR,162,688.56,154.65
RIGHT_EAR,163,694.06,157.29
RIGHT_EAR,164,704.11,163.85
RIGHT_EAR,165,708.12,168.88
RIGHT_EAR,166,708.04,168.71
RIGHT_EAR,167,709.32,172.55
RIGHT_EAR,168,708.10,171.52
RIGHT_EAR,169,702.74,174.45
RIGHT_EAR,170,700.98,174.69
RIGHT_EAR,171,693.48,174.17
RIGHT_EAR,172,693.55,174.09
RIGHT_EAR,173,688.73,174.98
RIGHT_EAR,174,682.53,173.41
RIGHT_EAR,175,680.81,174.84
RIGHT_EAR,176,675.43,176.73
RIGHT_EAR,177,670.15,177.43
RIGHT_EAR,178,670.02,177.51
RIGHT_EAR,179,661.68,175.16
RIGHT_EAR,180,657.80,182.13
RIGHT_EAR,181,658.15,177.22
RIGHT_EAR,182,652.04,178.78
RIGHT_EAR,183,651.55,180.92
MOUTH_LEFT,0,602.57,325.77
MOUTH_LEFT,1,548.52,322.42
MOUTH_LEFT,2,548.86,323.94
MOUTH_LEFT,3,540.43,335.39
MOUTH_LEFT,4,539.31,328.69
MOUTH_LEFT,5,551.49,326.04
MOUTH_LEFT,6,592.27,304.58
MOUTH_LEFT,7,626.77,288.77
MOUTH_LEFT,8,627.42,288.48
MOUTH_LEFT,9,655.02,269.12
MOUTH_LEFT,10,682.78,258.51
MOUTH_LEFT,11,687.62,246.60
MOUTH_LEFT,12,679.76,231.60
MOUTH_LEFT,13,670.56,213.70
MOUTH_LEFT,14,670.13,213.44
MOUTH_LEFT,15,647.12,199.71
MOUTH_LEFT,16,620.31,188.23
MOUTH_LEFT,17,605.66,171.58
MOUTH_LEFT,18,585.32,172.51
MOUTH_LEFT,19,588.02,174.06
MOUTH_LEFT,20,587.24,174.00
MOUTH_LEFT,21,587.24,173.26
MOUTH_LEFT,22,586.65,175.40
MOUTH_LEFT,23,591.83,175.87
MOUTH_LEFT,24,609.07,179.13
MOUTH_LEFT,25,623.49,170.83
MOUTH_LEFT,26,624.10,169.82
MOUTH_LEFT,27,637.70,175.64
MOUTH_LEFT,28,655.61,182.94
MOUTH_LEFT,29,662.56,192.96
MOUTH_LEFT,30,664.11,197.38
MOUTH_LEFT,31,651.99,200.20
MOUTH_LEFT,32,651.91,200.19
MOUTH_LEFT,33,616.01,192.01
MOUTH_LEFT,34,561.15,203.02
MOUTH_LEFT,35,551.15,207.58
MOUTH_LEFT,36,546.72,223.47
MOUTH_LEFT,37,555.37,226.98
MOUTH_LEFT,38,555.35,227.60
MOUTH_LEFT,39,593.09,225.84
MOUTH_LEFT,40,631.76,178.06
MOUTH_LEFT,41,670.23,240.35
MOUTH_LEFT,42,693.30,249.47
MOUTH_LEFT,43,694.71,248.26
MOUTH_LEFT,44,689.75,251.29
MOUTH_LEFT,45,575.74,218.21
MOUTH_LEFT,46,590.28,239.77
MOUTH_LEFT,47,549.51,237.46
MOUTH_LEFT,48,527.18,253.00
MOUTH_LEFT,49,527.12,253.00
MOUTH_LEFT,50,530.84,250.16
MOUTH_LEFT,51,567.78,211.46
MOUTH_LEFT,52,600.96,213.58
MOUTH_LEFT,53,652.25,231.79
MOUTH_LEFT,54,664.10,221.42
MOUTH_LEFT,55,664.03,221.75
MOUTH_LEFT,56,656.87,201.27
MOUTH_LEFT,57,634.10,184.63
MOUTH_LEFT,58,602.14,171.70
MOUTH_LEFT,59,580.14,170.87
MOUTH_LEFT,60,586.93,168.76
MOUTH_LEFT,61,587.15,170.62
MOUTH_LEFT,62,611.87,165.01
MOUTH_LEFT,63,635.06,162.77
MOUTH_LEFT,64,652.18,158.07
MOUTH_LEFT,65,665.28,157.86
MOUTH_LEFT,66,662.43,160.67
MOUTH_LEFT,67,661.91,161.32
MOUTH_LEFT,68,624.37,165.70
MOUTH_LEFT,69,602.87,155.44
MOUTH_LEFT,70,559.62,161.06
MOUTH_LEFT,71,550.66,174.01
MOUTH_LEFT,72,562.03,164.93
MOUTH_LEFT,73,563.30,165.35
MOUTH_LEFT,74,578.22,167.83
MOUTH_LEFT,75,615.32,164.10
MOUTH_LEFT,76,619.36,159.64
MOUTH_LEFT,77,655.31,153.32
MOUTH_LEFT,78,654.59,153.03
MOUTH_LEFT,79,665.23,153.09
MOUTH_LEFT,80,660.02,151.76
MOUTH_LEFT,83,595.43,168.15
MOUTH_LEFT,84,584.74,166.64
MOUTH_LEFT,85,597.91,180.23
MOUTH_LEFT,86,601.92,175.21
MOUTH_LEFT,87,603.71,160.99
MOUTH_LEFT,89,660.02,178.70
MOUTH_LEFT,90,660.01,178.88
MOUTH_LEFT,91,653.84,188.30
MOUTH_LEFT,92,666.67,191.46
MOUTH_LEFT,93,676.27,183.76
MOUTH_LEFT,94,685.05,191.06
MOUTH_LEFT,95,653.31,181.71
MOUTH_LEFT,96,665.44,184.96
MOUTH_LEFT,97,673.48,180.54
MOUTH_LEFT,98,670.92,174.57
MOUTH_LEFT,99,660.44,179.26
MOUTH_LEFT,103,605.47,187.41
MOUTH_LEFT,104,591.49,212.33
MOUTH_LEFT,105,595.30,214.93
MOUTH_LEFT,106,589.68,194.33
MOUTH_LEFT,107,590.54,202.86
MOUTH_LEFT,108,592.80,201.31
MOUTH_LEFT,109,601.12,192.45
MOUTH_LEFT,111,677.83,203.30
MOUTH_LEFT,112,684.02,207.69
MOUTH_LEFT,113,685.35,208.23
MOUTH_LEFT,114,676.96,205.29
MOUTH_LEFT,115,677.94,212.94
MOUTH_LEFT,116,715.86,218.90
MOUTH_LEFT,117,731.83,205.71
MOUTH_LEFT,118,735.25,196.44
MOUTH_LEFT,119,737.33,193.83
MOUTH_LEFT,120,709.55,189.94
MOUTH_LEFT,121,713.98,191.97
MOUTH_LEFT,122,698.79,191.36
MOUTH_LEFT,125,639.23,199.14
MOUTH_LEFT,127,644.48,211.19
MOUTH_LEFT,128,633.93,221.32
MOUTH_LEFT,129,634.20,216.69
MOUTH_LEFT,130,619.59,207.91
MOUTH_LEFT,131,619.95,207.43
MOUTH_LEFT,132,620.46,200.52
MOUTH_LEFT,133,628.53,185.78
MOUTH_LEFT,134,645.53,177.30
MOUTH_LEFT,135,662.88,173.52
MOUTH_LEFT,136,663.00,176.75
MOUTH_LEFT,137,664.20,173.82
MOUTH_LEFT,138,669.21,171.70
MOUTH_LEFT,140,686.92,166.02
MOUTH_LEFT,141,690.54,155.25
MOUTH_LEFT,142,696.02,151.10
MOUTH_LEFT,143,695.90,151.22
MOUTH_LEFT,144,697.55,151.44
MOUTH_LEFT,145,699.55,154.58
MOUTH_LEFT,146,704.99,157.61
MOUTH_LEFT,147,710.54,154.86
MOUTH_LEFT,148,713.67,148.16
MOUTH_LEFT,149,712.93,149.33
MOUTH_LEFT,150,712.06,149.13
MOUTH_LEFT,151,702.35,150.55
MOUTH_LEFT,152,695.35,153.75
MOUTH_LEFT,153,689.48,160.15
MOUTH_LEFT,154,688.29,163.05
MOUTH_LEFT,155,699.56,165.16
MOUTH_LEFT,156,688.29,165.13
MOUTH_LEFT,157,683.89,165.98
MOUTH_LEFT,158,679.22,166.10
MOUTH_LEFT,159,684.50,170.37
MOUTH_LEFT,160,684.62,170.39
MOUTH_LEFT,161,695.62,174.77
MOUTH_LEFT,162,709.63,175.71
MOUTH_LEFT,163,720.70,180.06
MOUTH_LEFT,164,728.22,183.98
MOUTH_LEFT,165,731.49,185.59
MOUTH_LEFT,166,731.51,185.73
MOUTH_LEFT,167,732.39,187.54
MOUTH_LEFT,168,729.12,187.50
MOUTH_LEFT,169,722.48,189.56
MOUTH_LEFT,170,711.41,189.80
MOUTH_LEFT,171,705.05,189.13
MOUTH_LEFT,172,705.03,189.28
MOUTH_LEFT,173,693.06,190.01
MOUTH_LEFT,174,690.26,185.10
MOUTH_LEFT,175,669.82,186.54
MOUTH_LEFT,176,656.94,188.64
MOUTH_LEFT,177,651.03,189.13
MOUTH_LEFT,178,650.89,189.32
MOUTH_LEFT,179,642.59,193.00
MOUTH_LEFT,180,644.19,201.98
MOUTH_LEFT,181,641.61,198.72
MOUTH_LEFT,182,637.95,197.47
MOUTH_LEFT,183,638.38,198.16
MOUTH_RIGHT,0,610.33,326.84
MOUTH_RIGHT,1,551.07,323.50
MOUTH_RIGHT,2,551.43,323.32
MOUTH_RIGHT,3,542.15,334.91
MOUTH_RIGHT,4,539.13,328.57
MOUTH_RIGHT,5,546.85,325.69
MOUTH_RIGHT,6,583.91,304.63
MOUTH_RIGHT,7,618.79,289.56
MOUTH_RIGHT,8,619.57,289.36
MOUTH_RIGHT,9,650.01,269.09
MOUTH_RIGHT,10,682.08,258.08
MOUTH_RIGHT,11,686.46,246.03
MOUTH_RIGHT,12,679.41,231.37
MOUTH_RIGHT,13,669.65,214.43
MOUTH_RIGHT,14,670.51,213.95
MOUTH_RIGHT,15,650.50,200.46
MOUTH_RIGHT,16,625.43,188.31
MOUTH_RIGHT,17,612.01,171.39
MOUTH_RIGHT,18,587.78,173.52
MOUTH_RIGHT,19,588.18,174.54
MOUTH_RIGHT,20,587.99,174.33
MOUTH_RIGHT,21,585.97,174.04
MOUTH_RIGHT,22,584.74,176.01
MOUTH_RIGHT,23,589.00,177.75
MOUTH_RIGHT,24,599.78,180.67
MOUTH_RIGHT,25,617.15,172.91
MOUTH_RIGHT,26,618.12,172.05
MOUTH_RIGHT,27,631.91,175.64
MOUTH_RIGHT,28,655.17,184.04
MOUTH_RIGHT,29,661.24,192.11
MOUTH_RIGHT,30,665.12,197.50
MOUTH_RIGHT,31,653.05,200.61
MOUTH_RIGHT,32,652.95,200.58
MOUTH_RIGHT,33,621.08,193.32
MOUTH_RIGHT,34,561.27,203.58
MOUTH_RIGHT,35,550.17,209.04
MOUTH_RIGHT,36,546.13,224.26
MOUTH_RIGHT,37,554.07,228.12
MOUTH_RIGHT,38,554.18,228.38
MOUTH_RIGHT,39,588.11,231.44
MOUTH_RIGHT,40,632.38,177.45
MOUTH_RIGHT,41,668.33,239.56
MOUTH_RIGHT,42,692.05,248.85
MOUTH_RIGHT,43,693.90,248.15
MOUTH_RIGHT,44,689.82,251.12
MOUTH_RIGHT,45,591.58,228.05
MOUTH_RIGHT,46,587.64,241.64
MOUTH_RIGHT,47,549.95,237.79
MOUTH_RIGHT,48,526.68,253.01
MOUTH_RIGHT,49,526.63,252.98
MOUTH_RIGHT,50,529.90,252.90
MOUTH_RIGHT,51,568.91,211.11
MOUTH_RIGHT,52,602.59,213.69
MOUTH_RIGHT,53,650.59,232.33
MOUTH_RIGHT,54,663.64,221.41
MOUTH_RIGHT,55,663.48,221.69
MOUTH_RIGHT,56,659.82,204.02
MOUTH_RIGHT,57,637.31,186.31
MOUTH_RIGHT,58,601.23,172.33
MOUTH_RIGHT,59,580.53,171.20
MOUTH_RIGHT,60,583.80,168.63
MOUTH_RIGHT,61,583.04,170.50
MOUTH_RIGHT,62,603.20,167.16
MOUTH_RIGHT,63,622.39,166.11
MOUTH_RIGHT,64,646.02,158.55
MOUTH_RIGHT,65,663.10,157.92
MOUTH_RIGHT,66,662.12,160.36
MOUTH_RIGHT,67,661.73,161.08
MOUTH_RIGHT,68,624.00,165.46
MOUTH_RIGHT,69,610.55,155.56
MOUTH_RIGHT,70,559.73,161.83
MOUTH_RIGHT,71,553.41,173.78
MOUTH_RIGHT,72,560.14,164.27
MOUTH_RIGHT,73,561.48,164.61
MOUTH_RIGHT,74,575.07,167.03
MOUTH_RIGHT,75,602.56,166.30
MOUTH_RIGHT,76,614.80,158.72
MOUTH_RIGHT,77,651.96,153.60
MOUTH_RIGHT,78,651.27,153.27
MOUTH_RIGHT,79,664.45,153.22
MOUTH_RIGHT,80,660.81,151.33
MOUTH_RIGHT,83,603.49,168.27
MOUTH_RIGHT,84,592.51,167.03
MOUTH_RIGHT,85,603.05,183.31
MOUTH_RIGHT,86,604.71,177.42
MOUTH_RIGHT,87,604.90,161.68
MOUTH_RIGHT,89,655.25,174.84
MOUTH_RIGHT,90,655.14,174.87
MOUTH_RIGHT,91,648.08,187.24
MOUTH_RIGHT,92,658.94,190.57
MOUTH_RIGHT,93,668.53,184.80
MOUTH_RIGHT,94,680.80,188.99
MOUTH_RIGHT,95,651.70,185.14
MOUTH_RIGHT,96,664.85,189.47
MOUTH_RIGHT,97,672.40,181.43
MOUTH_RIGHT,98,670.92,174.96
MOUTH_RIGHT,99,663.33,181.41
MOUTH_RIGHT,103,613.63,186.80
MOUTH_RIGHT,104,602.29,212.75
MOUTH_RIGHT,105,606.24,213.77
MOUTH_RIGHT,106,599.95,194.22
MOUTH_RIGHT,107,596.34,200.99
MOUTH_RIGHT,108,600.75,199.88
MOUTH_RIGHT,109,604.41,189.60
MOUTH_RIGHT,111,680.48,199.98
MOUTH_RIGHT,112,681.19,203.39
MOUTH_RIGHT,113,681.37,204.19
MOUTH_RIGHT,114,684.54,205.36
MOUTH_RIGHT,115,689.06,213.50
MOUTH_RIGHT,116,715.50,218.89
MOUTH_RIGHT,117,730.42,205.40
MOUTH_RIGHT,118,739.79,199.22
MOUTH_RIGHT,119,733.31,190.29
MOUTH_RIGHT,120,709.81,189.75
MOUTH_RIGHT,121,714.09,192.19
MOUTH_RIGHT,122,704.59,194.75
MOUTH_RIGHT,125,650.33,197.31
MOUTH_RIGHT,127,653.82,210.41
MOUTH_RIGHT,128,644.56,223.03
MOUTH_RIGHT,129,645.88,218.23
MOUTH_RIGHT,130,629.17,208.12
MOUTH_RIGHT,131,629.14,207.93
MOUTH_RIGHT,132,624.59,200.84
MOUTH_RIGHT,133,630.28,186.62
MOUTH_RIGHT,134,646.71,178.58
MOUTH_RIGHT,135,660.38,171.76
MOUTH_RIGHT,136,662.62,177.18
MOUTH_RIGHT,137,663.14,174.05
MOUTH_RIGHT,138,665.47,171.86
MOUTH_RIGHT,140,677.90,169.35
MOUTH_RIGHT,141,682.09,159.20
MOUTH_RIGHT,142,684.85,156.51
MOUTH_RIGHT,143,684.49,156.61
MOUTH_RIGHT,144,689.17,155.87
MOUTH_RIGHT,145,692.82,158.67
MOUTH_RIGHT,146,699.78,162.35
MOUTH_RIGHT,147,707.10,157.14
MOUTH_RIGHT,148,711.72,149.28
MOUTH_RIGHT,149,711.32,150.08
MOUTH_RIGHT,150,712.41,149.04
MOUTH_RIGHT,151,707.49,149.96
MOUTH_RIGHT,152,702.27,152.32
MOUTH_RIGHT,153,697.13,158.88
MOUTH_RIGHT,154,695.31,160.27
MOUTH_RIGHT,155,699.90,165.25
MOUTH_RIGHT,156,690.38,165.15
MOUTH_RIGHT,157,683.49,165.25
MOUTH_RIGHT,158,678.10,165.12
MOUTH_RIGHT,159,679.66,169.57
MOUTH_RIGHT,160,679.75,169.48
MOUTH_RIGHT,161,683.19,172.64
MOUTH_RIGHT,162,699.01,173.71
MOUTH_RIGHT,163,712.46,180.03
MOUTH_RIGHT,164,725.76,182.54
MOUTH_RIGHT,165,729.43,185.49
MOUTH_RIGHT,166,729.52,185.52
MOUTH_RIGHT,167,730.42,187.91
MOUTH_RIGHT,168,728.25,187.91
MOUTH_RIGHT,169,722.09,189.33
MOUTH_RIGHT,170,713.19,189.94
MOUTH_RIGHT,171,707.03,189.47
MOUTH_RIGHT,172,707.00,189.62
MOUTH_RIGHT,173,696.36,190.11
MOUTH_RIGHT,174,693.22,185.59
MOUTH_RIGHT,175,676.28,186.50
MOUTH_RIGHT,176,666.01,189.67
MOUTH_RIGHT,177,658.84,189.85
MOUTH_RIGHT,178,658.67,190.00
MOUTH_RIGHT,179,647.71,192.99
MOUTH_RIGHT,180,644.99,202.08
MOUTH_RIGHT,181,644.19,199.07
MOUTH_RIGHT,182,638.64,197.56
MOUTH_RIGHT,183,637.13,198.18
LEFT_SHOULDER,0,566.13,345.82
LEFT_SHOULDER,1,557.16,328.97
LEFT_SHOULDER,2,556.34,329.01
LEFT_SHOULDER,3,561.89,334.88
LEFT_SHOULDER,4,584.98,333.55
LEFT_SHOULDER,5,628.58,333.81
LEFT_SHOULDER,6,654.82,310.92
LEFT_SHOULDER,7,674.99,296.36
LEFT_SHOULDER,8,674.90,296.45
LEFT_SHOULDER,9,677.22,290.02
LEFT_SHOULDER,10,658.94,275.23
LEFT_SHOULDER,11,648.17,265.19
LEFT_SHOULDER,12,625.81,244.65
LEFT_SHOULDER,13,600.33,224.08
LEFT_SHOULDER,14,599.48,224.67
LEFT_SHOULDER,15,573.36,218.49
LEFT_SHOULDER,16,567.65,207.90
LEFT_SHOULDER,17,576.32,196.44
LEFT_SHOULDER,18,601.33,188.25
LEFT_SHOULDER,19,620.39,188.01
LEFT_SHOULDER,20,619.56,187.54
LEFT_SHOULDER,21,666.68,171.91
LEFT_SHOULDER,22,679.84,175.10
LEFT_SHOULDER,23,680.67,172.52
LEFT_SHOULDER,24,671.90,174.58
LEFT_SHOULDER,25,647.00,177.88
LEFT_SHOULDER,26,643.01,177.59
LEFT_SHOULDER,27,632.13,196.69
LEFT_SHOULDER,28,582.40,176.73
LEFT_SHOULDER,29,654.02,218.60
LEFT_SHOULDER,30,561.42,183.79
LEFT_SHOULDER,31,567.54,188.56
LEFT_SHOULDER,32,567.40,188.64
LEFT_SHOULDER,33,583.42,213.07
LEFT_SHOULDER,34,602.01,199.04
LEFT_SHOULDER,35,624.24,194.30
LEFT_SHOULDER,36,639.69,199.07
LEFT_SHOULDER,37,642.13,201.47
LEFT_SHOULDER,38,644.07,201.34
LEFT_SHOULDER,39,640.20,211.63
LEFT_SHOULDER,40,624.63,217.79
LEFT_SHOULDER,41,638.55,250.32
LEFT_SHOULDER,42,659.77,271.02
LEFT_SHOULDER,43,612.15,212.31
LEFT_SHOULDER,44,657.09,263.02
LEFT_SHOULDER,45,590.74,236.28
LEFT_SHOULDER,46,603.57,254.27
LEFT_SHOULDER,47,591.36,228.55
LEFT_SHOULDER,48,590.72,230.57
LEFT_SHOULDER,49,581.35,241.37
LEFT_SHOULDER,50,613.65,213.91
LEFT_SHOULDER,51,610.52,218.78
LEFT_SHOULDER,52,602.02,233.51
LEFT_SHOULDER,53,594.93,209.29
LEFT_SHOULDER,54,577.81,200.66
LEFT_SHOULDER,55,577.64,200.66
LEFT_SHOULDER,56,575.45,195.01
LEFT_SHOULDER,57,600.08,208.96
LEFT_SHOULDER,58,600.18,197.84
LEFT_SHOULDER,59,606.30,203.43
LEFT_SHOULDER,60,649.36,195.04
LEFT_SHOULDER,61,645.98,195.54
LEFT_SHOULDER,62,672.00,191.92
LEFT_SHOULDER,63,680.87,187.47
LEFT_SHOULDER,64,662.91,192.20
LEFT_SHOULDER,65,629.87,188.92
LEFT_SHOULDER,66,610.54,183.40
LEFT_SHOULDER,67,609.47,182.50
LEFT_SHOULDER,68,641.97,193.74
LEFT_SHOULDER,69,558.51,191.14
LEFT_SHOULDER,70,580.96,193.54
LEFT_SHOULDER,71,587.39,192.02
LEFT_SHOULDER,72,600.70,187.47
LEFT_SHOULDER,73,598.38,188.49
LEFT_SHOULDER,74,611.92,193.93
LEFT_SHOULDER,75,654.06,188.26
LEFT_SHOULDER,76,664.69,188.54
LEFT_SHOULDER,77,665.30,198.11
LEFT_SHOULDER,78,665.87,198.88
LEFT_SHOULDER,79,645.74,195.48
LEFT_SHOULDER,80,627.33,196.60
LEFT_SHOULDER,83,559.85,192.02
LEFT_SHOULDER,84,559.62,193.60
LEFT_SHOULDER,85,556.34,187.70
LEFT_SHOULDER,86,572.45,194.96
LEFT_SHOULDER,87,589.17,203.74
LEFT_SHOULDER,89,652.49,215.61
LEFT_SHOULDER,90,652.05,215.86
LEFT_SHOULDER,91,666.60,216.34
LEFT_SHOULDER,92,687.86,219.64
LEFT_SHOULDER,93,708.73,214.20
LEFT_SHOULDER,94,691.33,187.93
LEFT_SHOULDER,95,666.67,158.31
LEFT_SHOULDER,96,665.26,170.07
LEFT_SHOULDER,97,677.82,204.10
LEFT_SHOULDER,98,674.17,226.40
LEFT_SHOULDER,99,641.34,226.35
LEFT_SHOULDER,103,583.26,232.18
LEFT_SHOULDER,104,566.37,234.49
LEFT_SHOULDER,105,555.93,238.77
LEFT_SHOULDER,106,550.97,221.81
LEFT_SHOULDER,107,559.65,232.85
LEFT_SHOULDER,108,556.51,228.34
LEFT_SHOULDER,109,587.88,233.41
LEFT_SHOULDER,111,640.47,208.95
LEFT_SHOULDER,112,686.58,241.74
LEFT_SHOULDER,113,686.04,244.81
LEFT_SHOULDER,114,629.46,212.47
LEFT_SHOULDER,115,648.46,231.86
LEFT_SHOULDER,116,697.18,244.09
LEFT_SHOULDER,117,720.01,237.11
LEFT_SHOULDER,118,716.21,234.35
LEFT_SHOULDER,119,718.90,234.72
LEFT_SHOULDER,120,706.46,234.51
LEFT_SHOULDER,121,714.68,237.28
LEFT_SHOULDER,122,672.34,234.81
LEFT_SHOULDER,125,628.55,209.59
LEFT_SHOULDER,127,613.48,249.68
LEFT_SHOULDER,128,591.47,239.76
LEFT_SHOULDER,129,587.02,232.15
LEFT_SHOULDER,130,586.46,229.22
LEFT_SHOULDER,131,585.68,228.64
LEFT_SHOULDER,132,599.57,224.47
LEFT_SHOULDER,133,614.01,225.39
LEFT_SHOULDER,134,626.80,220.38
LEFT_SHOULDER,135,678.16,230.75
LEFT_SHOULDER,136,676.54,218.29
LEFT_SHOULDER,137,682.92,219.47
LEFT_SHOULDER,138,707.27,216.35
LEFT_SHOULDER,140,738.94,197.86
LEFT_SHOULDER,141,736.77,196.70
LEFT_SHOULDER,142,743.93,193.96
LEFT_SHOULDER,143,744.12,193.87
LEFT_SHOULDER,144,737.50,197.22
LEFT_SHOULDER,145,701.32,203.45
LEFT_SHOULDER,146,705.37,195.30
LEFT_SHOULDER,147,710.96,201.40
LEFT_SHOULDER,148,701.15,192.10
LEFT_SHOULDER,149,706.04,193.53
LEFT_SHOULDER,150,679.62,198.88
LEFT_SHOULDER,151,646.74,197.59
LEFT_SHOULDER,152,644.38,195.99
LEFT_SHOULDER,153,654.84,199.60
LEFT_SHOULDER,154,657.05,201.51
LEFT_SHOULDER,155,701.74,195.31
LEFT_SHOULDER,156,686.45,200.50
LEFT_SHOULDER,157,701.88,204.51
LEFT_SHOULDER,158,694.91,208.71
LEFT_SHOULDER,159,744.43,207.14
LEFT_SHOULDER,160,744.64,207.34
LEFT_SHOULDER,161,748.29,213.34
LEFT_SHOULDER,162,751.87,217.85
LEFT_SHOULDER,163,746.90,221.55
LEFT_SHOULDER,164,737.15,225.62
LEFT_SHOULDER,165,731.29,229.88
LEFT_SHOULDER,166,731.53,230.80
LEFT_SHOULDER,167,708.57,226.24
LEFT_SHOULDER,168,692.97,226.44
LEFT_SHOULDER,169,658.93,230.91
LEFT_SHOULDER,170,627.76,231.37
LEFT_SHOULDER,171,615.02,230.87
LEFT_SHOULDER,172,614.92,230.90
LEFT_SHOULDER,173,607.39,229.43
LEFT_SHOULDER,174,606.47,228.06
LEFT_SHOULDER,175,607.23,226.94
LEFT_SHOULDER,176,613.81,227.30
LEFT_SHOULDER,177,623.87,230.50
LEFT_SHOULDER,178,623.91,230.46
LEFT_SHOULDER,179,653.51,234.05
LEFT_SHOULDER,180,666.57,234.76
LEFT_SHOULDER,181,663.26,240.26
LEFT_SHOULDER,182,699.26,231.13
LEFT_SHOULDER,183,717.17,226.37
RIGHT_SHOULDER,0,640.91,355.04
RIGHT_SHOULDER,1,606.19,329.57
RIGHT_SHOULDER,2,608.43,328.21
RIGHT_SHOULDER,3,581.68,326.40
RIGHT_SHOULDER,4,583.14,321.64
RIGHT_SHOULDER,5,556.24,316.93
RIGHT_SHOULDER,6,563.56,306.14
RIGHT_SHOULDER,7,579.91,298.73
RIGHT_SHOULDER,8,579.73,298.79
RIGHT_SHOULDER,9,590.66,284.68
RIGHT_SHOULDER,10,620.42,276.69
RIGHT_SHOULDER,11,637.36,263.52
RIGHT_SHOULDER,12,641.75,249.87
RIGHT_SHOULDER,13,645.13,235.11
RIGHT_SHOULDER,14,652.91,236.00
RIGHT_SHOULDER,15,658.05,228.99
RIGHT_SHOULDER,16,664.97,217.95
RIGHT_SHOULDER,17,659.72,204.89
RIGHT_SHOULDER,18,636.67,192.39
RIGHT_SHOULDER,19,637.16,183.50
RIGHT_SHOULDER,20,638.02,182.79
RIGHT_SHOULDER,21,594.07,196.56
RIGHT_SHOULDER,22,581.51,198.62
RIGHT_SHOULDER,23,578.66,198.38
RIGHT_SHOULDER,24,581.04,200.32
RIGHT_SHOULDER,25,594.04,196.21
RIGHT_SHOULDER,26,597.38,196.16
RIGHT_SHOULDER,27,600.71,189.15
RIGHT_SHOULDER,28,641.40,212.46
RIGHT_SHOULDER,29,568.34,181.72
RIGHT_SHOULDER,30,657.40,229.36
RIGHT_SHOULDER,31,652.87,234.10
RIGHT_SHOULDER,32,652.80,234.20
RIGHT_SHOULDER,33,630.37,232.92
RIGHT_SHOULDER,34,601.21,217.58
RIGHT_SHOULDER,35,570.77,244.01
RIGHT_SHOULDER,36,561.73,256.67
RIGHT_SHOULDER,37,564.30,260.54
RIGHT_SHOULDER,38,564.27,260.36
RIGHT_SHOULDER,39,579.97,258.26
RIGHT_SHOULDER,40,623.86,228.34
RIGHT_SHOULDER,41,615.60,221.65
RIGHT_SHOULDER,42,614.13,217.66
RIGHT_SHOULDER,43,655.21,269.43
RIGHT_SHOULDER,44,619.37,222.95
RIGHT_SHOULDER,45,636.88,263.43
RIGHT_SHOULDER,46,613.08,267.61
RIGHT_SHOULDER,47,592.40,235.04
RIGHT_SHOULDER,48,567.04,245.39
RIGHT_SHOULDER,49,571.23,243.03
RIGHT_SHOULDER,50,550.17,289.23
RIGHT_SHOULDER,51,566.54,259.76
RIGHT_SHOULDER,52,590.65,263.13
RIGHT_SHOULDER,53,614.76,243.65
RIGHT_SHOULDER,54,640.96,243.45
RIGHT_SHOULDER,55,639.92,242.89
RIGHT_SHOULDER,56,656.40,258.47
RIGHT_SHOULDER,57,643.85,240.50
RIGHT_SHOULDER,58,626.73,224.71
RIGHT_SHOULDER,59,604.32,216.12
RIGHT_SHOULDER,60,580.69,204.76
RIGHT_SHOULDER,61,580.65,204.74
RIGHT_SHOULDER,62,579.07,206.48
RIGHT_SHOULDER,63,585.91,206.62
RIGHT_SHOULDER,64,611.38,190.77
RIGHT_SHOULDER,65,622.77,192.18
RIGHT_SHOULDER,66,618.43,178.03
RIGHT_SHOULDER,67,622.32,177.97
RIGHT_SHOULDER,68,600.69,193.97
RIGHT_SHOULDER,69,649.67,188.94
RIGHT_SHOULDER,70,577.19,200.40
RIGHT_SHOULDER,71,598.96,198.90
RIGHT_SHOULDER,72,592.72,188.25
RIGHT_SHOULDER,73,589.62,189.84
RIGHT_SHOULDER,74,589.03,202.52
RIGHT_SHOULDER,75,567.91,181.43
RIGHT_SHOULDER,76,587.94,192.82
RIGHT_SHOULDER,77,606.88,191.45
RIGHT_SHOULDER,78,605.33,185.41
RIGHT_SHOULDER,79,622.31,192.37
RIGHT_SHOULDER,80,627.71,194.77
RIGHT_SHOULDER,83,636.00,207.03
RIGHT_SHOULDER,84,633.51,204.15
RIGHT_SHOULDER,85,617.29,224.06
RIGHT_SHOULDER,86,623.52,216.31
RIGHT_SHOULDER,87,617.29,216.06
RIGHT_SHOULDER,89,620.80,192.79
RIGHT_SHOULDER,90,620.86,192.67
RIGHT_SHOULDER,91,603.44,207.66
RIGHT_SHOULDER,92,612.16,203.58
RIGHT_SHOULDER,93,630.70,223.02
RIGHT_SHOULDER,94,649.23,200.39
RIGHT_SHOULDER,95,639.54,191.00
RIGHT_SHOULDER,96,656.64,197.92
RIGHT_SHOULDER,97,667.00,201.32
RIGHT_SHOULDER,98,682.24,222.77
RIGHT_SHOULDER,99,688.35,211.16
RIGHT_SHOULDER,103,660.05,216.93
RIGHT_SHOULDER,104,631.96,238.55
RIGHT_SHOULDER,105,637.85,245.57
RIGHT_SHOULDER,106,631.28,240.77
RIGHT_SHOULDER,107,622.75,233.78
RIGHT_SHOULDER,108,624.06,236.98
RIGHT_SHOULDER,109,621.81,229.26
RIGHT_SHOULDER,111,647.79,192.91
RIGHT_SHOULDER,112,650.93,220.82
RIGHT_SHOULDER,113,659.11,216.51
RIGHT_SHOULDER,114,713.55,212.51
RIGHT_SHOULDER,115,728.61,205.79
RIGHT_SHOULDER,116,712.09,240.29
RIGHT_SHOULDER,117,702.12,230.26
RIGHT_SHOULDER,118,715.14,228.05
RIGHT_SHOULDER,119,714.04,229.32
RIGHT_SHOULDER,120,731.48,224.99
RIGHT_SHOULDER,121,733.16,231.31
RIGHT_SHOULDER,122,710.72,237.76
RIGHT_SHOULDER,125,697.15,190.42
RIGHT_SHOULDER,127,694.59,237.62
RIGHT_SHOULDER,128,668.33,257.52
RIGHT_SHOULDER,129,660.17,261.60
RIGHT_SHOULDER,130,654.52,248.79
RIGHT_SHOULDER,131,648.51,252.35
RIGHT_SHOULDER,132,648.78,242.94
RIGHT_SHOULDER,133,637.22,233.60
RIGHT_SHOULDER,134,648.83,229.36
RIGHT_SHOULDER,135,654.08,212.42
RIGHT_SHOULDER,136,663.85,226.75
RIGHT_SHOULDER,137,644.84,231.58
RIGHT_SHOULDER,138,644.11,230.92
RIGHT_SHOULDER,140,665.54,233.53
RIGHT_SHOULDER,141,676.85,230.67
RIGHT_SHOULDER,142,672.49,232.38
RIGHT_SHOULDER,143,672.62,232.28
RIGHT_SHOULDER,144,674.81,227.07
RIGHT_SHOULDER,145,703.09,212.20
RIGHT_SHOULDER,146,686.15,215.91
RIGHT_SHOULDER,147,685.31,216.36
RIGHT_SHOULDER,148,685.74,212.12
RIGHT_SHOULDER,149,682.69,212.95
RIGHT_SHOULDER,150,692.54,206.98
RIGHT_SHOULDER,151,718.87,203.55
RIGHT_SHOULDER,152,733.26,200.21
RIGHT_SHOULDER,153,744.13,199.68
RIGHT_SHOULDER,154,738.59,199.95
RIGHT_SHOULDER,155,712.99,199.51
RIGHT_SHOULDER,156,737.23,199.89
RIGHT_SHOULDER,157,726.55,203.81
RIGHT_SHOULDER,158,726.22,202.70
RIGHT_SHOULDER,159,667.68,205.62
RIGHT_SHOULDER,160,667.70,205.37
RIGHT_SHOULDER,161,657.11,210.03
RIGHT_SHOULDER,162,650.23,211.41
RIGHT_SHOULDER,163,647.00,216.05
RIGHT_SHOULDER,164,660.29,216.89
RIGHT_SHOULDER,165,662.42,223.97
RIGHT_SHOULDER,166,661.95,226.18
RIGHT_SHOULDER,167,680.03,227.86
RIGHT_SHOULDER,168,680.43,238.04
RIGHT_SHOULDER,169,683.55,241.64
RIGHT_SHOULDER,170,703.69,246.10
RIGHT_SHOULDER,171,712.04,244.16
RIGHT_SHOULDER,172,711.95,244.19
RIGHT_SHOULDER,173,708.14,239.58
RIGHT_SHOULDER,174,706.39,241.67
RIGHT_SHOULDER,175,701.26,240.86
RIGHT_SHOULDER,176,700.29,241.86
RIGHT_SHOULDER,177,693.58,241.24
RIGHT_SHOULDER,178,693.54,241.21
RIGHT_SHOULDER,179,678.51,233.09
RIGHT_SHOULDER,180,668.07,236.65
RIGHT_SHOULDER,181,694.99,234.56
RIGHT_SHOULDER,182,663.06,245.72
RIGHT_SHOULDER,183,646.43,251.07
LEFT_ELBOW,0,526.88,398.67
LEFT_ELBOW,1,531.14,396.58
LEFT_ELBOW,2,531.01,396.44
LEFT_ELBOW,3,560.50,412.45
LEFT_ELBOW,4,594.57,406.14
LEFT_ELBOW,5,646.88,408.02
LEFT_ELBOW,6,669.98,383.39
LEFT_ELBOW,7,689.35,356.42
LEFT_ELBOW,8,689.18,356.27
LEFT_ELBOW,9,698.72,355.98
LEFT_ELBOW,10,682.71,317.85
LEFT_ELBOW,11,658.29,324.05
LEFT_ELBOW,12,637.54,273.82
LEFT_ELBOW,13,566.96,274.49
LEFT_ELBOW,14,561.97,270.26
LEFT_ELBOW,15,530.80,240.80
LEFT_ELBOW,16,499.68,236.71
LEFT_ELBOW,17,502.20,218.08
LEFT_ELBOW,18,528.88,203.61
LEFT_ELBOW,19,578.90,198.32
LEFT_ELBOW,20,578.56,197.49
LEFT_ELBOW,21,695.60,203.74
LEFT_ELBOW,22,746.38,180.06
LEFT_ELBOW,23,756.24,179.14
LEFT_ELBOW,24,734.91,186.22
LEFT_ELBOW,25,672.79,193.87
LEFT_ELBOW,26,669.10,197.39
LEFT_ELBOW,27,623.40,213.85
LEFT_ELBOW,28,534.10,195.97
LEFT_ELBOW,29,717.25,240.42
LEFT_ELBOW,30,479.34,202.42
LEFT_ELBOW,31,485.00,199.11
LEFT_ELBOW,32,484.83,198.79
LEFT_ELBOW,33,558.80,213.60
LEFT_ELBOW,34,618.77,232.49
LEFT_ELBOW,35,683.18,204.07
LEFT_ELBOW,36,712.12,206.56
LEFT_ELBOW,37,715.50,204.00
LEFT_ELBOW,38,718.56,202.82
LEFT_ELBOW,39,679.50,213.40
LEFT_ELBOW,40,611.42,208.38
LEFT_ELBOW,41,599.49,297.48
LEFT_ELBOW,42,664.62,332.27
LEFT_ELBOW,43,555.60,214.79
LEFT_ELBOW,44,672.67,320.91
LEFT_ELBOW,45,564.52,237.45
LEFT_ELBOW,46,605.69,282.15
LEFT_ELBOW,47,632.64,244.91
LEFT_ELBOW,48,630.76,262.97
LEFT_ELBOW,49,613.92,276.51
LEFT_ELBOW,50,682.47,196.92
LEFT_ELBOW,51,648.86,199.13
LEFT_ELBOW,52,582.36,217.83
LEFT_ELBOW,53,530.66,173.45
LEFT_ELBOW,54,511.72,175.22
LEFT_ELBOW,55,511.76,175.22
LEFT_ELBOW,56,507.01,164.47
LEFT_ELBOW,57,587.34,217.94
LEFT_ELBOW,58,600.41,163.94
LEFT_ELBOW,59,670.11,175.86
LEFT_ELBOW,60,706.60,169.93
LEFT_ELBOW,61,707.43,169.11
LEFT_ELBOW,62,729.60,161.06
LEFT_ELBOW,63,727.86,145.30
LEFT_ELBOW,64,637.16,272.75
LEFT_ELBOW,65,562.44,163.19
LEFT_ELBOW,66,552.20,192.55
LEFT_ELBOW,67,545.04,197.22
LEFT_ELBOW,68,619.77,188.16
LEFT_ELBOW,69,510.62,143.84
LEFT_ELBOW,70,599.15,158.72
LEFT_ELBOW,71,593.57,144.80
LEFT_ELBOW,72,624.76,142.52
LEFT_ELBOW,73,628.31,147.31
LEFT_ELBOW,74,658.02,117.19
LEFT_ELBOW,75,672.00,113.63
LEFT_ELBOW,76,631.88,162.13
LEFT_ELBOW,77,651.19,254.33
LEFT_ELBOW,78,650.41,272.09
LEFT_ELBOW,79,626.45,171.97
LEFT_ELBOW,80,604.64,185.76
LEFT_ELBOW,83,572.02,118.84
LEFT_ELBOW,84,573.99,121.03
LEFT_ELBOW,85,579.40,128.21
LEFT_ELBOW,86,606.47,128.03
LEFT_ELBOW,87,633.25,133.89
LEFT_ELBOW,89,668.57,186.19
LEFT_ELBOW,90,668.88,191.92
LEFT_ELBOW,91,671.44,153.07
LEFT_ELBOW,92,686.39,134.96
LEFT_ELBOW,93,683.79,140.68
LEFT_ELBOW,94,677.72,133.17
LEFT_ELBOW,95,709.77,142.32
LEFT_ELBOW,96,684.56,137.14
LEFT_ELBOW,97,673.91,145.81
LEFT_ELBOW,98,677.36,146.02
LEFT_ELBOW,99,627.09,155.44
LEFT_ELBOW,103,560.42,222.56
LEFT_ELBOW,104,578.29,165.71
LEFT_ELBOW,105,563.29,163.78
LEFT_ELBOW,106,550.17,153.63
LEFT_ELBOW,107,560.87,154.89
LEFT_ELBOW,108,557.57,154.14
LEFT_ELBOW,109,595.33,161.15
LEFT_ELBOW,111,658.93,193.75
LEFT_ELBOW,112,667.91,227.06
LEFT_ELBOW,113,680.87,228.02
LEFT_ELBOW,114,632.58,211.59
LEFT_ELBOW,115,636.73,197.57
LEFT_ELBOW,116,701.80,171.58
LEFT_ELBOW,117,745.01,162.33
LEFT_ELBOW,118,733.31,166.78
LEFT_ELBOW,119,734.98,164.27
LEFT_ELBOW,120,727.58,154.68
LEFT_ELBOW,121,731.63,161.09
LEFT_ELBOW,122,681.14,161.37
LEFT_ELBOW,125,652.21,184.15
LEFT_ELBOW,127,629.74,229.69
LEFT_ELBOW,128,617.07,169.37
LEFT_ELBOW,129,607.78,164.12
LEFT_ELBOW,130,606.23,159.25
LEFT_ELBOW,131,607.13,159.04
LEFT_ELBOW,132,604.55,156.24
LEFT_ELBOW,133,615.80,153.80
LEFT_ELBOW,134,615.39,151.32
LEFT_ELBOW,135,683.39,178.05
LEFT_ELBOW,136,621.80,160.97
LEFT_ELBOW,137,640.32,163.85
LEFT_ELBOW,138,654.96,174.81
LEFT_ELBOW,140,674.78,176.39
LEFT_ELBOW,141,662.79,209.23
LEFT_ELBOW,142,705.04,206.12
LEFT_ELBOW,143,703.92,208.50
LEFT_ELBOW,144,733.45,221.91
LEFT_ELBOW,145,689.89,247.85
LEFT_ELBOW,146,727.31,234.84
LEFT_ELBOW,147,757.02,224.15
LEFT_ELBOW,148,757.15,212.83
LEFT_ELBOW,149,753.80,212.51
LEFT_ELBOW,150,756.32,217.42
LEFT_ELBOW,151,604.54,215.94
LEFT_ELBOW,152,624.86,221.76
LEFT_ELBOW,153,651.35,242.78
LEFT_ELBOW,154,659.46,248.38
LEFT_ELBOW,155,690.87,245.72
LEFT_ELBOW,156,605.36,221.07
LEFT_ELBOW,157,628.43,225.21
LEFT_ELBOW,158,614.17,226.46
LEFT_ELBOW,159,760.39,217.85
LEFT_ELBOW,160,761.01,218.29
LEFT_ELBOW,161,819.53,223.57
LEFT_ELBOW,162,830.07,225.16
LEFT_ELBOW,163,826.30,230.91
LEFT_ELBOW,164,804.52,240.03
LEFT_ELBOW,165,771.26,248.56
LEFT_ELBOW,166,776.58,249.18
LEFT_ELBOW,167,723.54,249.29
LEFT_ELBOW,168,688.90,241.01
LEFT_ELBOW,169,616.77,262.20
LEFT_ELBOW,170,576.88,265.43
LEFT_ELBOW,171,549.71,267.14
LEFT_ELBOW,172,549.41,267.12
LEFT_ELBOW,173,536.34,270.46
LEFT_ELBOW,174,538.82,269.83
LEFT_ELBOW,175,547.19,271.33
LEFT_ELBOW,176,560.26,275.37
LEFT_ELBOW,177,570.37,286.22
LEFT_ELBOW,178,570.52,286.06
LEFT_ELBOW,179,657.05,288.94
LEFT_ELBOW,180,631.92,281.86
LEFT_ELBOW,181,605.97,284.78
LEFT_ELBOW,182,760.37,270.88
LEFT_ELBOW,183,784.48,271.63
RIGHT_ELBOW,0,682.26,390.98
RIGHT_ELBOW,1,633.63,382.29
RIGHT_ELBOW,2,638.22,375.16
RIGHT_ELBOW,3,608.28,389.06
RIGHT_ELBOW,4,608.15,384.05
RIGHT_ELBOW,5,586.33,359.08
RIGHT_ELBOW,6,509.83,334.73
RIGHT_ELBOW,7,505.45,320.50
RIGHT_ELBOW,8,505.59,320.57
RIGHT_ELBOW,9,516.37,303.37
RIGHT_ELBOW,10,554.86,291.11
RIGHT_ELBOW,11,652.28,321.74
RIGHT_ELBOW,12,688.33,277.88
RIGHT_ELBOW,13,703.20,248.25
RIGHT_ELBOW,14,709.41,247.98
RIGHT_ELBOW,15,737.46,233.64
RIGHT_ELBOW,16,737.44,226.05
RIGHT_ELBOW,17,714.89,213.96
RIGHT_ELBOW,18,646.25,216.59
RIGHT_ELBOW,19,656.61,202.98
RIGHT_ELBOW,20,651.37,201.68
RIGHT_ELBOW,21,601.09,235.58
RIGHT_ELBOW,22,507.43,196.94
RIGHT_ELBOW,23,498.93,201.01
RIGHT_ELBOW,24,509.40,208.21
RIGHT_ELBOW,25,588.91,215.09
RIGHT_ELBOW,26,603.44,216.27
RIGHT_ELBOW,27,574.73,209.19
RIGHT_ELBOW,28,675.45,227.60
RIGHT_ELBOW,29,494.65,199.95
RIGHT_ELBOW,30,723.30,251.71
RIGHT_ELBOW,31,708.73,267.33
RIGHT_ELBOW,32,708.72,267.34
RIGHT_ELBOW,33,661.82,273.01
RIGHT_ELBOW,34,627.91,264.94
RIGHT_ELBOW,35,560.39,294.43
RIGHT_ELBOW,36,516.43,315.64
RIGHT_ELBOW,37,515.11,320.13
RIGHT_ELBOW,38,515.85,319.86
RIGHT_ELBOW,39,550.26,316.72
RIGHT_ELBOW,40,592.69,298.61
RIGHT_ELBOW,41,579.21,249.72
RIGHT_ELBOW,42,546.86,211.41
RIGHT_ELBOW,43,666.71,334.96
RIGHT_ELBOW,44,554.99,245.07
RIGHT_ELBOW,45,675.66,335.62
RIGHT_ELBOW,46,617.85,289.32
RIGHT_ELBOW,47,633.21,258.30
RIGHT_ELBOW,48,635.33,250.37
RIGHT_ELBOW,49,639.17,247.89
RIGHT_ELBOW,50,531.63,353.75
RIGHT_ELBOW,51,532.52,345.31
RIGHT_ELBOW,52,559.23,340.16
RIGHT_ELBOW,53,599.79,289.26
RIGHT_ELBOW,54,647.96,310.15
RIGHT_ELBOW,55,646.12,308.97
RIGHT_ELBOW,56,694.32,309.91
RIGHT_ELBOW,57,676.81,268.82
RIGHT_ELBOW,58,675.40,264.03
RIGHT_ELBOW,59,652.17,247.19
RIGHT_ELBOW,60,564.34,255.85
RIGHT_ELBOW,61,568.37,253.24
RIGHT_ELBOW,62,518.40,187.23
RIGHT_ELBOW,63,508.63,169.34
RIGHT_ELBOW,64,536.47,161.45
RIGHT_ELBOW,65,566.61,159.12
RIGHT_ELBOW,66,577.75,195.28
RIGHT_ELBOW,67,577.51,197.67
RIGHT_ELBOW,68,576.76,190.01
RIGHT_ELBOW,69,681.33,148.40
RIGHT_ELBOW,70,582.29,165.47
RIGHT_ELBOW,71,641.36,144.59
RIGHT_ELBOW,72,617.51,156.18
RIGHT_ELBOW,73,620.53,160.91
RIGHT_ELBOW,74,610.16,168.91
RIGHT_ELBOW,75,562.54,113.09
RIGHT_ELBOW,76,550.44,134.12
RIGHT_ELBOW,77,554.72,126.83
RIGHT_ELBOW,78,554.85,126.97
RIGHT_ELBOW,79,576.63,129.55
RIGHT_ELBOW,80,606.62,157.54
RIGHT_ELBOW,83,662.81,179.68
RIGHT_ELBOW,84,646.03,170.00
RIGHT_ELBOW,85,639.29,190.98
RIGHT_ELBOW,86,674.27,171.62
RIGHT_ELBOW,87,675.01,160.19
RIGHT_ELBOW,89,622.64,121.39
RIGHT_ELBOW,90,622.84,121.31
RIGHT_ELBOW,91,612.56,129.16
RIGHT_ELBOW,92,612.34,120.64
RIGHT_ELBOW,93,599.90,197.33
RIGHT_ELBOW,94,616.99,156.45
RIGHT_ELBOW,95,608.68,156.07
RIGHT_ELBOW,96,624.07,156.65
RIGHT_ELBOW,97,652.02,134.84
RIGHT_ELBOW,98,692.05,139.25
RIGHT_ELBOW,99,673.56,128.17
RIGHT_ELBOW,103,657.50,176.27
RIGHT_ELBOW,104,650.04,188.44
RIGHT_ELBOW,105,641.88,187.78
RIGHT_ELBOW,106,625.73,173.95
RIGHT_ELBOW,107,639.82,160.98
RIGHT_ELBOW,108,630.05,169.47
RIGHT_ELBOW,109,641.91,148.94
RIGHT_ELBOW,111,658.87,189.73
RIGHT_ELBOW,112,630.40,172.10
RIGHT_ELBOW,113,638.01,157.46
RIGHT_ELBOW,114,718.83,229.42
RIGHT_ELBOW,115,701.38,159.29
RIGHT_ELBOW,116,714.81,177.29
RIGHT_ELBOW,117,708.94,149.38
RIGHT_ELBOW,118,752.05,155.99
RIGHT_ELBOW,119,744.56,158.11
RIGHT_ELBOW,120,762.56,134.25
RIGHT_ELBOW,121,760.46,124.68
RIGHT_ELBOW,122,731.16,164.98
RIGHT_ELBOW,125,700.33,158.65
RIGHT_ELBOW,127,714.26,201.67
RIGHT_ELBOW,128,687.73,213.18
RIGHT_ELBOW,129,674.35,200.80
RIGHT_ELBOW,130,665.56,181.55
RIGHT_ELBOW,131,664.98,181.07
RIGHT_ELBOW,132,675.30,172.58
RIGHT_ELBOW,133,667.70,159.49
RIGHT_ELBOW,134,668.96,156.91
RIGHT_ELBOW,135,628.53,155.55
RIGHT_ELBOW,136,606.86,179.50
RIGHT_ELBOW,137,607.23,179.58
RIGHT_ELBOW,138,592.97,185.05
RIGHT_ELBOW,140,597.49,214.64
RIGHT_ELBOW,141,601.13,221.55
RIGHT_ELBOW,142,603.34,243.46
RIGHT_ELBOW,143,603.60,243.21
RIGHT_ELBOW,144,625.99,266.74
RIGHT_ELBOW,145,726.97,247.19
RIGHT_ELBOW,146,720.38,230.95
RIGHT_ELBOW,147,748.86,237.59
RIGHT_ELBOW,148,753.35,250.47
RIGHT_ELBOW,149,750.53,250.27
RIGHT_ELBOW,150,779.57,236.03
RIGHT_ELBOW,151,787.10,230.45
RIGHT_ELBOW,152,770.98,225.65
RIGHT_ELBOW,153,709.27,242.87
RIGHT_ELBOW,154,714.30,247.82
RIGHT_ELBOW,155,674.67,246.45
RIGHT_ELBOW,156,695.39,232.41
RIGHT_ELBOW,157,729.75,228.94
RIGHT_ELBOW,158,743.02,213.98
RIGHT_ELBOW,159,606.24,218.07
RIGHT_ELBOW,160,605.96,217.86
RIGHT_ELBOW,161,587.15,219.64
RIGHT_ELBOW,162,591.56,222.93
RIGHT_ELBOW,163,601.41,228.94
RIGHT_ELBOW,164,617.89,234.59
RIGHT_ELBOW,165,663.01,251.36
RIGHT_ELBOW,166,661.12,255.57
RIGHT_ELBOW,167,676.68,264.71
RIGHT_ELBOW,168,677.28,278.28
RIGHT_ELBOW,169,741.89,276.85
RIGHT_ELBOW,170,768.86,289.47
RIGHT_ELBOW,171,773.65,292.94
RIGHT_ELBOW,172,773.79,292.90
RIGHT_ELBOW,173,766.58,292.71
RIGHT_ELBOW,174,749.49,290.11
RIGHT_ELBOW,175,723.45,271.13
RIGHT_ELBOW,176,701.61,277.02
RIGHT_ELBOW,177,667.79,302.57
RIGHT_ELBOW,178,669.14,303.26
RIGHT_ELBOW,179,687.52,279.99
RIGHT_ELBOW,180,636.86,283.89
RIGHT_ELBOW,181,737.47,275.88
RIGHT_ELBOW,182,592.59,292.33
RIGHT_ELBOW,183,582.08,295.79
LEFT_WRIST,0,570.14,443.17
LEFT_WRIST,1,571.62,453.53
LEFT_WRIST,2,571.40,453.22
LEFT_WRIST,3,576.16,458.41
LEFT_WRIST,4,594.81,455.43
LEFT_WRIST,5,628.82,441.50
LEFT_WRIST,6,651.12,445.71
LEFT_WRIST,7,677.47,409.71
LEFT_WRIST,8,677.71,409.31
LEFT_WRIST,9,685.51,418.03
LEFT_WRIST,10,702.68,368.27
LEFT_WRIST,11,666.46,383.37
LEFT_WRIST,12,647.41,283.45
LEFT_WRIST,13,567.06,331.27
LEFT_WRIST,14,550.07,328.64
LEFT_WRIST,15,547.99,246.91
LEFT_WRIST,16,446.00,262.41
LEFT_WRIST,17,440.74,236.31
LEFT_WRIST,18,465.86,210.46
LEFT_WRIST,19,566.83,203.54
LEFT_WRIST,20,566.29,203.18
LEFT_WRIST,21,661.20,215.15
LEFT_WRIST,22,801.67,177.70
LEFT_WRIST,23,824.84,185.27
LEFT_WRIST,24,797.47,191.00
LEFT_WRIST,25,649.17,207.30
LEFT_WRIST,26,648.21,200.14
LEFT_WRIST,27,614.54,222.15
LEFT_WRIST,28,558.75,196.90
LEFT_WRIST,29,782.51,250.65
LEFT_WRIST,30,410.90,200.12
LEFT_WRIST,31,431.36,206.09
LEFT_WRIST,32,431.01,205.61
LEFT_WRIST,33,555.69,192.03
LEFT_WRIST,34,601.22,238.07
LEFT_WRIST,35,736.89,203.38
LEFT_WRIST,36,780.47,199.60
LEFT_WRIST,37,777.87,198.99
LEFT_WRIST,38,782.24,198.05
LEFT_WRIST,39,707.54,207.51
LEFT_WRIST,40,580.60,203.06
LEFT_WRIST,41,605.18,346.19
LEFT_WRIST,42,688.91,409.15
LEFT_WRIST,43,520.30,248.12
LEFT_WRIST,44,675.33,347.73
LEFT_WRIST,45,562.24,211.49
LEFT_WRIST,46,596.95,261.09
LEFT_WRIST,47,666.45,264.27
LEFT_WRIST,48,644.58,251.94
LEFT_WRIST,49,613.36,270.85
LEFT_WRIST,50,739.39,177.84
LEFT_WRIST,51,675.58,179.60
LEFT_WRIST,52,579.21,197.71
LEFT_WRIST,53,495.79,148.89
LEFT_WRIST,54,468.68,150.12
LEFT_WRIST,55,468.59,150.26
LEFT_WRIST,56,468.94,149.05
LEFT_WRIST,57,595.14,210.26
LEFT_WRIST,58,608.18,164.56
LEFT_WRIST,59,716.97,151.03
LEFT_WRIST,60,759.97,136.70
LEFT_WRIST,61,760.48,142.82
LEFT_WRIST,62,765.31,127.95
LEFT_WRIST,63,719.05,126.40
LEFT_WRIST,64,628.87,349.76
LEFT_WRIST,65,520.19,189.38
LEFT_WRIST,66,533.94,205.09
LEFT_WRIST,67,530.12,208.07
LEFT_WRIST,68,591.04,190.10
LEFT_WRIST,69,512.38,120.48
LEFT_WRIST,70,635.25,152.64
LEFT_WRIST,71,659.20,165.90
LEFT_WRIST,72,639.34,122.73
LEFT_WRIST,73,636.53,126.30
LEFT_WRIST,74,647.21,167.85
LEFT_WRIST,75,644.74,142.65
LEFT_WRIST,76,627.57,152.46
LEFT_WRIST,77,665.83,310.44
LEFT_WRIST,78,659.18,349.15
LEFT_WRIST,79,636.43,188.34
LEFT_WRIST,80,585.76,185.59
LEFT_WRIST,83,634.94,135.52
LEFT_WRIST,84,636.17,140.22
LEFT_WRIST,85,652.50,138.50
LEFT_WRIST,86,684.72,150.37
LEFT_WRIST,87,700.97,155.91
LEFT_WRIST,89,676.50,181.46
LEFT_WRIST,90,677.73,182.39
LEFT_WRIST,91,659.50,164.17
LEFT_WRIST,92,664.91,169.11
LEFT_WRIST,93,634.99,132.91
LEFT_WRIST,94,646.74,148.85
LEFT_WRIST,95,724.04,211.45
LEFT_WRIST,96,696.85,194.35
LEFT_WRIST,97,627.73,124.50
LEFT_WRIST,98,629.08,125.58
LEFT_WRIST,99,590.02,139.89
LEFT_WRIST,103,558.76,213.33
LEFT_WRIST,104,630.97,128.77
LEFT_WRIST,105,631.78,128.98
LEFT_WRIST,106,622.02,124.01
LEFT_WRIST,107,636.83,129.17
LEFT_WRIST,108,634.86,125.99
LEFT_WRIST,109,663.60,139.68
LEFT_WRIST,111,674.12,183.58
LEFT_WRIST,112,676.46,214.48
LEFT_WRIST,113,676.14,203.79
LEFT_WRIST,114,655.18,201.71
LEFT_WRIST,115,636.20,153.34
LEFT_WRIST,116,669.04,138.45
LEFT_WRIST,117,679.03,138.44
LEFT_WRIST,118,675.28,144.56
LEFT_WRIST,119,672.49,134.77
LEFT_WRIST,120,673.51,138.72
LEFT_WRIST,121,669.27,130.63
LEFT_WRIST,122,653.43,138.70
LEFT_WRIST,125,689.60,231.08
LEFT_WRIST,127,632.06,208.81
LEFT_WRIST,128,680.80,138.76
LEFT_WRIST,129,684.33,141.43
LEFT_WRIST,130,685.52,139.04
LEFT_WRIST,131,687.73,139.39
LEFT_WRIST,132,686.00,152.88
LEFT_WRIST,133,697.32,154.07
LEFT_WRIST,134,672.98,168.23
LEFT_WRIST,135,687.32,196.24
LEFT_WRIST,136,627.87,211.66
LEFT_WRIST,137,654.96,191.37
LEFT_WRIST,138,643.63,182.57
LEFT_WRIST,140,619.50,191.16
LEFT_WRIST,141,589.99,216.71
LEFT_WRIST,142,649.96,225.40
LEFT_WRIST,143,645.56,228.54
LEFT_WRIST,144,694.05,234.31
LEFT_WRIST,145,636.48,255.42
LEFT_WRIST,146,721.33,237.61
LEFT_WRIST,147,713.36,240.98
LEFT_WRIST,148,802.84,228.59
LEFT_WRIST,149,801.44,232.11
LEFT_WRIST,150,826.50,228.61
LEFT_WRIST,151,594.08,219.46
LEFT_WRIST,152,673.57,220.55
LEFT_WRIST,153,677.59,265.55
LEFT_WRIST,154,680.52,286.65
LEFT_WRIST,155,685.27,237.75
LEFT_WRIST,156,527.97,227.20
LEFT_WRIST,157,556.15,230.74
LEFT_WRIST,158,616.80,228.94
LEFT_WRIST,159,780.83,226.84
LEFT_WRIST,160,781.97,227.49
LEFT_WRIST,161,896.36,237.60
LEFT_WRIST,162,906.90,229.64
LEFT_WRIST,163,904.35,234.29
LEFT_WRIST,164,880.22,239.24
LEFT_WRIST,165,833.64,247.16
LEFT_WRIST,166,833.85,248.14
LEFT_WRIST,167,726.07,244.55
LEFT_WRIST,168,677.19,224.70
LEFT_WRIST,169,575.52,279.09
LEFT_WRIST,170,513.00,290.55
LEFT_WRIST,171,478.42,294.77
LEFT_WRIST,172,478.34,294.80
LEFT_WRIST,173,459.81,295.74
LEFT_WRIST,174,464.03,297.81
LEFT_WRIST,175,479.16,299.34
LEFT_WRIST,176,508.20,304.84
LEFT_WRIST,177,552.31,304.44
LEFT_WRIST,178,552.46,304.57
LEFT_WRIST,179,653.92,301.46
LEFT_WRIST,180,643.55,267.36
LEFT_WRIST,181,585.78,247.83
LEFT_WRIST,182,821.89,309.15
LEFT_WRIST,183,851.56,307.14
RIGHT_WRIST,0,718.98,418.96
RIGHT_WRIST,1,640.22,427.36
RIGHT_WRIST,2,651.32,417.18
RIGHT_WRIST,3,614.83,441.46
RIGHT_WRIST,4,604.59,439.40
RIGHT_WRIST,5,606.55,398.48
RIGHT_WRIST,6,456.43,355.54
RIGHT_WRIST,7,441.90,334.14
RIGHT_WRIST,8,441.55,334.14
RIGHT_WRIST,9,447.68,321.10
RIGHT_WRIST,10,501.11,306.35
RIGHT_WRIST,11,670.96,382.30
RIGHT_WRIST,12,674.72,276.75
RIGHT_WRIST,13,772.50,255.97
RIGHT_WRIST,14,771.33,259.22
RIGHT_WRIST,15,812.04,242.71
RIGHT_WRIST,16,805.38,225.40
RIGHT_WRIST,17,767.62,215.22
RIGHT_WRIST,18,636.51,219.54
RIGHT_WRIST,19,671.97,204.51
RIGHT_WRIST,20,660.15,201.33
RIGHT_WRIST,21,636.37,229.69
RIGHT_WRIST,22,436.85,184.63
RIGHT_WRIST,23,430.20,198.71
RIGHT_WRIST,24,440.05,202.95
RIGHT_WRIST,25,619.65,201.87
RIGHT_WRIST,26,638.19,197.59
RIGHT_WRIST,27,568.99,201.43
RIGHT_WRIST,28,731.44,243.98
RIGHT_WRIST,29,418.89,197.42
RIGHT_WRIST,30,804.56,262.81
RIGHT_WRIST,31,777.52,286.43
RIGHT_WRIST,32,777.56,286.72
RIGHT_WRIST,33,704.22,302.29
RIGHT_WRIST,34,628.97,299.51
RIGHT_WRIST,35,525.81,327.33
RIGHT_WRIST,36,467.86,352.84
RIGHT_WRIST,37,455.24,361.75
RIGHT_WRIST,38,456.19,361.84
RIGHT_WRIST,39,495.54,366.68
RIGHT_WRIST,40,571.99,361.63
RIGHT_WRIST,41,601.04,295.41
RIGHT_WRIST,42,494.19,201.59
RIGHT_WRIST,43,669.59,357.95
RIGHT_WRIST,44,495.15,213.58
RIGHT_WRIST,45,721.40,392.06
RIGHT_WRIST,46,616.26,280.19
RIGHT_WRIST,47,641.22,254.39
RIGHT_WRIST,48,696.61,214.06
RIGHT_WRIST,49,701.15,212.05
RIGHT_WRIST,50,494.04,417.79
RIGHT_WRIST,51,494.04,400.88
RIGHT_WRIST,52,528.95,391.59
RIGHT_WRIST,53,607.46,310.15
RIGHT_WRIST,54,670.62,347.08
RIGHT_WRIST,55,668.81,348.08
RIGHT_WRIST,56,744.56,369.04
RIGHT_WRIST,57,683.15,267.54
RIGHT_WRIST,58,736.10,290.53
RIGHT_WRIST,59,702.92,279.73
RIGHT_WRIST,60,574.30,287.99
RIGHT_WRIST,61,572.57,282.67
RIGHT_WRIST,62,536.90,182.94
RIGHT_WRIST,63,520.59,160.86
RIGHT_WRIST,64,525.67,181.78
RIGHT_WRIST,65,517.70,186.98
RIGHT_WRIST,66,563.04,190.95
RIGHT_WRIST,67,554.34,196.03
RIGHT_WRIST,68,563.96,184.66
RIGHT_WRIST,69,655.31,173.48
RIGHT_WRIST,70,601.69,155.21
RIGHT_WRIST,71,677.24,171.86
RIGHT_WRIST,72,649.37,145.87
RIGHT_WRIST,73,645.79,152.46
RIGHT_WRIST,74,614.20,175.43
RIGHT_WRIST,75,607.67,133.83
RIGHT_WRIST,76,581.16,156.30
RIGHT_WRIST,77,563.57,164.31
RIGHT_WRIST,78,562.85,164.31
RIGHT_WRIST,79,572.48,165.05
RIGHT_WRIST,80,601.02,161.24
RIGHT_WRIST,83,660.69,157.32
RIGHT_WRIST,84,656.62,155.36
RIGHT_WRIST,85,663.05,160.00
RIGHT_WRIST,86,704.95,167.06
RIGHT_WRIST,87,725.86,164.60
RIGHT_WRIST,89,652.20,164.29
RIGHT_WRIST,90,652.60,163.56
RIGHT_WRIST,91,642.41,175.60
RIGHT_WRIST,92,629.23,155.00
RIGHT_WRIST,93,605.23,135.33
RIGHT_WRIST,94,612.32,147.13
RIGHT_WRIST,95,589.75,137.09
RIGHT_WRIST,96,608.64,138.51
RIGHT_WRIST,97,613.91,125.81
RIGHT_WRIST,98,626.40,121.03
RIGHT_WRIST,99,619.55,124.18
RIGHT_WRIST,103,643.63,150.47
RIGHT_WRIST,104,651.53,145.86
RIGHT_WRIST,105,660.53,138.54
RIGHT_WRIST,106,663.16,133.98
RIGHT_WRIST,107,665.02,135.91
RIGHT_WRIST,108,659.20,134.31
RIGHT_WRIST,109,680.05,139.46
RIGHT_WRIST,111,677.89,188.58
RIGHT_WRIST,112,668.06,200.34
RIGHT_WRIST,113,666.32,188.22
RIGHT_WRIST,114,694.99,243.15
RIGHT_WRIST,115,657.97,124.35
RIGHT_WRIST,116,668.70,134.30
RIGHT_WRIST,117,654.37,132.88
RIGHT_WRIST,118,679.94,134.30
RIGHT_WRIST,119,671.44,131.33
RIGHT_WRIST,120,675.81,126.25
RIGHT_WRIST,121,677.33,128.61
RIGHT_WRIST,122,681.80,135.97
RIGHT_WRIST,125,698.45,214.09
RIGHT_WRIST,127,706.75,159.41
RIGHT_WRIST,128,710.17,156.59
RIGHT_WRIST,129,700.97,149.82
RIGHT_WRIST,130,705.36,148.20
RIGHT_WRIST,131,705.67,149.46
RIGHT_WRIST,132,726.88,160.61
RIGHT_WRIST,133,716.91,156.87
RIGHT_WRIST,134,705.64,172.34
RIGHT_WRIST,135,668.89,184.55
RIGHT_WRIST,136,628.69,200.41
RIGHT_WRIST,137,626.06,199.33
RIGHT_WRIST,138,618.95,190.79
RIGHT_WRIST,140,565.84,206.41
RIGHT_WRIST,141,563.56,221.24
RIGHT_WRIST,142,557.63,265.87
RIGHT_WRIST,143,558.57,265.61
RIGHT_WRIST,144,572.78,268.24
RIGHT_WRIST,145,724.51,196.96
RIGHT_WRIST,146,721.16,186.52
RIGHT_WRIST,147,721.04,191.52
RIGHT_WRIST,148,799.98,246.34
RIGHT_WRIST,149,800.08,247.73
RIGHT_WRIST,150,844.04,227.33
RIGHT_WRIST,151,837.95,221.88
RIGHT_WRIST,152,787.35,225.42
RIGHT_WRIST,153,657.00,224.90
RIGHT_WRIST,154,670.70,235.90
RIGHT_WRIST,155,657.16,238.95
RIGHT_WRIST,156,619.49,226.24
RIGHT_WRIST,157,751.82,222.51
RIGHT_WRIST,158,768.20,219.58
RIGHT_WRIST,159,608.86,216.51
RIGHT_WRIST,160,606.48,215.34
RIGHT_WRIST,161,574.86,209.84
RIGHT_WRIST,162,658.58,217.02
RIGHT_WRIST,163,655.62,213.39
RIGHT_WRIST,164,672.36,234.90
RIGHT_WRIST,165,706.04,245.69
RIGHT_WRIST,166,683.56,246.42
RIGHT_WRIST,167,708.18,239.29
RIGHT_WRIST,168,681.95,244.15
RIGHT_WRIST,169,720.37,218.30
RIGHT_WRIST,170,751.59,233.26
RIGHT_WRIST,171,764.85,237.66
RIGHT_WRIST,172,764.91,237.17
RIGHT_WRIST,173,775.24,239.48
RIGHT_WRIST,174,769.88,233.68
RIGHT_WRIST,175,740.22,249.74
RIGHT_WRIST,176,717.39,249.76
RIGHT_WRIST,177,637.32,329.40
RIGHT_WRIST,178,640.22,333.29
RIGHT_WRIST,179,674.53,292.37
RIGHT_WRIST,180,636.88,251.97
RIGHT_WRIST,181,776.51,314.08
RIGHT_WRIST,182,550.84,249.28
RIGHT_WRIST,183,528.30,259.73
LEFT_PINKY,0,577.26,449.83
LEFT_PINKY,1,575.42,467.37
LEFT_PINKY,2,575.44,467.19
LEFT_PINKY,3,583.51,468.92
LEFT_PINKY,4,595.57,465.64
LEFT_PINKY,5,626.53,452.41
LEFT_PINKY,6,650.28,467.65
LEFT_PINKY,7,672.73,426.25
LEFT_PINKY,8,672.92,425.84
LEFT_PINKY,9,680.49,440.54
LEFT_PINKY,10,713.46,371.90
LEFT_PINKY,11,668.43,395.85
LEFT_PINKY,12,648.53,284.97
LEFT_PINKY,13,561.47,344.07
LEFT_PINKY,14,545.59,336.56
LEFT_PINKY,15,546.32,247.10
LEFT_PINKY,16,431.67,272.25
LEFT_PINKY,17,425.47,242.09
LEFT_PINKY,18,447.47,211.83
LEFT_PINKY,19,563.62,202.08
LEFT_PINKY,20,563.88,202.14
LEFT_PINKY,21,647.97,217.69
LEFT_PINKY,22,821.37,185.11
LEFT_PINKY,23,842.81,184.94
LEFT_PINKY,24,816.43,192.00
LEFT_PINKY,25,643.16,211.43
LEFT_PINKY,26,644.94,202.47
LEFT_PINKY,27,609.89,225.49
LEFT_PINKY,28,558.88,201.41
LEFT_PINKY,29,799.68,258.71
LEFT_PINKY,30,389.09,211.50
LEFT_PINKY,31,407.83,205.48
LEFT_PINKY,32,407.33,204.97
LEFT_PINKY,33,554.11,195.83
LEFT_PINKY,34,596.42,239.35
LEFT_PINKY,35,754.44,211.07
LEFT_PINKY,36,799.81,202.12
LEFT_PINKY,37,795.76,202.55
LEFT_PINKY,38,801.03,198.65
LEFT_PINKY,39,714.65,202.48
LEFT_PINKY,40,567.50,203.00
LEFT_PINKY,41,606.65,360.97
LEFT_PINKY,42,698.57,427.83
LEFT_PINKY,43,503.82,251.31
LEFT_PINKY,44,680.41,357.72
LEFT_PINKY,45,560.08,201.83
LEFT_PINKY,46,592.53,253.12
LEFT_PINKY,47,677.58,265.64
LEFT_PINKY,48,644.47,248.02
LEFT_PINKY,49,609.69,269.74
LEFT_PINKY,50,752.33,174.29
LEFT_PINKY,51,682.03,172.35
LEFT_PINKY,52,576.87,192.65
LEFT_PINKY,53,476.64,144.61
LEFT_PINKY,54,455.78,144.84
LEFT_PINKY,55,455.59,144.85
LEFT_PINKY,56,450.82,146.11
LEFT_PINKY,57,596.55,206.62
LEFT_PINKY,58,608.72,160.57
LEFT_PINKY,59,727.06,162.11
LEFT_PINKY,60,778.72,127.67
LEFT_PINKY,61,779.72,127.16
LEFT_PINKY,62,774.41,118.67
LEFT_PINKY,63,719.40,122.45
LEFT_PINKY,64,627.56,370.42
LEFT_PINKY,65,506.92,195.08
LEFT_PINKY,66,523.57,209.29
LEFT_PINKY,67,522.01,212.24
LEFT_PINKY,68,582.50,192.27
LEFT_PINKY,69,510.06,114.05
LEFT_PINKY,70,647.99,150.25
LEFT_PINKY,71,678.43,168.92
LEFT_PINKY,72,649.07,131.68
LEFT_PINKY,73,639.99,140.20
LEFT_PINKY,74,644.95,187.34
LEFT_PINKY,75,632.92,144.92
LEFT_PINKY,76,626.22,151.20
LEFT_PINKY,77,667.43,324.55
LEFT_PINKY,78,660.27,368.71
LEFT_PINKY,79,634.54,191.86
LEFT_PINKY,80,575.34,186.85
LEFT_PINKY,83,646.97,138.96
LEFT_PINKY,84,647.74,146.63
LEFT_PINKY,85,666.19,139.99
LEFT_PINKY,86,699.33,152.84
LEFT_PINKY,87,720.27,158.09
LEFT_PINKY,89,675.43,178.20
LEFT_PINKY,90,676.91,178.07
LEFT_PINKY,91,658.08,167.74
LEFT_PINKY,92,659.96,171.88
LEFT_PINKY,93,621.70,131.40
LEFT_PINKY,94,634.85,152.29
LEFT_PINKY,95,723.61,222.17
LEFT_PINKY,96,698.90,203.83
LEFT_PINKY,97,608.59,122.93
LEFT_PINKY,98,611.37,126.01
LEFT_PINKY,99,576.87,139.20
LEFT_PINKY,103,552.42,205.35
LEFT_PINKY,104,640.74,123.27
LEFT_PINKY,105,643.27,123.26
LEFT_PINKY,106,641.70,116.12
LEFT_PINKY,107,657.13,121.48
LEFT_PINKY,108,651.71,121.17
LEFT_PINKY,109,679.80,133.04
LEFT_PINKY,111,670.96,179.74
LEFT_PINKY,112,674.66,210.78
LEFT_PINKY,113,672.40,201.01
LEFT_PINKY,114,658.31,196.75
LEFT_PINKY,115,629.93,141.18
LEFT_PINKY,116,653.68,135.01
LEFT_PINKY,117,659.72,135.97
LEFT_PINKY,118,652.31,134.44
LEFT_PINKY,119,653.69,131.86
LEFT_PINKY,120,656.21,127.32
LEFT_PINKY,121,654.36,130.04
LEFT_PINKY,122,645.98,137.59
LEFT_PINKY,125,691.07,233.32
LEFT_PINKY,127,624.07,203.09
LEFT_PINKY,128,693.44,133.56
LEFT_PINKY,129,707.26,133.95
LEFT_PINKY,130,712.66,134.84
LEFT_PINKY,131,714.16,134.85
LEFT_PINKY,132,700.67,148.05
LEFT_PINKY,133,716.67,153.10
LEFT_PINKY,134,691.57,171.47
LEFT_PINKY,135,682.12,189.55
LEFT_PINKY,136,628.59,220.59
LEFT_PINKY,137,653.98,188.46
LEFT_PINKY,138,640.37,185.64
LEFT_PINKY,140,614.59,200.31
LEFT_PINKY,141,577.51,228.31
LEFT_PINKY,142,635.78,233.76
LEFT_PINKY,143,630.78,237.25
LEFT_PINKY,144,681.19,240.49
LEFT_PINKY,145,614.16,258.27
LEFT_PINKY,146,717.55,234.40
LEFT_PINKY,147,701.91,244.02
LEFT_PINKY,148,810.74,229.86
LEFT_PINKY,149,814.09,235.52
LEFT_PINKY,150,840.20,225.22
LEFT_PINKY,151,580.24,209.66
LEFT_PINKY,152,681.79,216.92
LEFT_PINKY,153,684.90,271.64
LEFT_PINKY,154,686.41,298.17
LEFT_PINKY,155,684.02,235.98
LEFT_PINKY,156,506.39,234.47
LEFT_PINKY,157,536.15,234.91
LEFT_PINKY,158,615.81,232.14
LEFT_PINKY,159,783.66,227.36
LEFT_PINKY,160,783.83,227.94
LEFT_PINKY,161,918.58,239.28
LEFT_PINKY,162,927.63,230.83
LEFT_PINKY,163,924.76,233.44
LEFT_PINKY,164,898.79,242.21
LEFT_PINKY,165,844.05,248.08
LEFT_PINKY,166,844.92,249.15
LEFT_PINKY,167,724.29,244.12
LEFT_PINKY,168,675.60,216.40
LEFT_PINKY,169,566.85,294.12
LEFT_PINKY,170,493.46,298.90
LEFT_PINKY,171,456.97,305.37
LEFT_PINKY,172,456.82,305.43
LEFT_PINKY,173,436.87,306.18
LEFT_PINKY,174,443.09,308.04
LEFT_PINKY,175,459.37,308.13
LEFT_PINKY,176,492.68,313.31
LEFT_PINKY,177,541.22,309.41
LEFT_PINKY,178,541.26,309.77
LEFT_PINKY,179,656.63,304.54
LEFT_PINKY,180,641.39,258.56
LEFT_PINKY,181,572.53,237.87
LEFT_PINKY,182,839.08,314.95
LEFT_PINKY,183,867.76,318.04
RIGHT_PINKY,0,731.85,429.05
RIGHT_PINKY,1,642.24,438.86
RIGHT_PINKY,2,655.63,427.57
RIGHT_PINKY,3,616.11,455.62
RIGHT_PINKY,4,604.63,449.52
RIGHT_PINKY,5,606.18,406.42
RIGHT_PINKY,6,442.18,361.33
RIGHT_PINKY,7,420.33,340.21
RIGHT_PINKY,8,420.19,340.09
RIGHT_PINKY,9,426.88,326.46
RIGHT_PINKY,10,481.29,308.23
RIGHT_PINKY,11,678.08,396.64
RIGHT_PINKY,12,672.51,274.09
RIGHT_PINKY,13,791.05,262.86
RIGHT_PINKY,14,788.32,263.33
RIGHT_PINKY,15,831.62,246.54
RIGHT_PINKY,16,823.55,229.20
RIGHT_PINKY,17,789.95,224.64
RIGHT_PINKY,18,639.67,217.23
RIGHT_PINKY,19,680.13,206.82
RIGHT_PINKY,20,667.09,202.57
RIGHT_PINKY,21,647.31,231.58
RIGHT_PINKY,22,419.65,182.65
RIGHT_PINKY,23,410.02,196.57
RIGHT_PINKY,24,422.15,200.06
RIGHT_PINKY,25,625.91,200.81
RIGHT_PINKY,26,645.08,194.98
RIGHT_PINKY,27,557.22,193.01
RIGHT_PINKY,28,747.37,247.68
RIGHT_PINKY,29,400.28,196.68
RIGHT_PINKY,30,822.55,273.73
RIGHT_PINKY,31,791.98,295.06
RIGHT_PINKY,32,792.03,295.23
RIGHT_PINKY,33,718.36,306.60
RIGHT_PINKY,34,631.04,308.61
RIGHT_PINKY,35,517.68,333.62
RIGHT_PINKY,36,454.92,362.73
RIGHT_PINKY,37,438.80,373.22
RIGHT_PINKY,38,439.03,373.38
RIGHT_PINKY,39,481.46,377.17
RIGHT_PINKY,40,565.92,374.37
RIGHT_PINKY,41,602.03,308.32
RIGHT_PINKY,42,487.91,201.10
RIGHT_PINKY,43,673.46,367.03
RIGHT_PINKY,44,480.08,196.20
RIGHT_PINKY,45,733.62,405.27
RIGHT_PINKY,46,616.35,277.38
RIGHT_PINKY,47,644.26,252.26
RIGHT_PINKY,48,715.38,207.08
RIGHT_PINKY,49,720.41,205.33
RIGHT_PINKY,50,486.55,430.57
RIGHT_PINKY,51,481.73,414.65
RIGHT_PINKY,52,522.31,399.74
RIGHT_PINKY,53,615.17,323.46
RIGHT_PINKY,54,676.61,363.08
RIGHT_PINKY,55,676.19,361.07
RIGHT_PINKY,56,756.57,385.84
RIGHT_PINKY,57,686.64,266.75
RIGHT_PINKY,58,751.24,302.38
RIGHT_PINKY,59,709.50,292.55
RIGHT_PINKY,60,576.38,298.62
RIGHT_PINKY,61,572.83,292.02
RIGHT_PINKY,62,535.70,184.47
RIGHT_PINKY,63,519.62,160.04
RIGHT_PINKY,64,515.16,186.70
RIGHT_PINKY,65,497.71,194.10
RIGHT_PINKY,66,557.39,187.92
RIGHT_PINKY,67,546.27,192.34
RIGHT_PINKY,68,566.75,188.50
RIGHT_PINKY,69,650.46,183.09
RIGHT_PINKY,70,610.03,154.81
RIGHT_PINKY,71,688.12,179.62
RIGHT_PINKY,72,662.69,146.91
RIGHT_PINKY,73,657.24,152.70
RIGHT_PINKY,74,615.84,174.83
RIGHT_PINKY,75,614.99,142.66
RIGHT_PINKY,76,587.62,161.27
RIGHT_PINKY,77,557.21,178.33
RIGHT_PINKY,78,555.84,177.86
RIGHT_PINKY,79,562.68,176.45
RIGHT_PINKY,80,594.69,162.18
RIGHT_PINKY,83,664.63,150.62
RIGHT_PINKY,84,664.40,150.71
RIGHT_PINKY,85,674.80,158.81
RIGHT_PINKY,86,717.52,168.93
RIGHT_PINKY,87,745.90,167.10
RIGHT_PINKY,89,659.86,171.77
RIGHT_PINKY,90,660.04,171.56
RIGHT_PINKY,91,641.45,171.73
RIGHT_PINKY,92,636.69,172.62
RIGHT_PINKY,93,603.63,120.73
RIGHT_PINKY,94,611.20,144.03
RIGHT_PINKY,95,582.56,129.87
RIGHT_PINKY,96,602.30,130.81
RIGHT_PINKY,97,602.55,121.57
RIGHT_PINKY,98,611.49,119.71
RIGHT_PINKY,99,600.94,122.84
RIGHT_PINKY,103,640.95,142.09
RIGHT_PINKY,104,656.35,133.29
RIGHT_PINKY,105,666.67,129.26
RIGHT_PINKY,106,680.30,130.16
RIGHT_PINKY,107,677.69,130.10
RIGHT_PINKY,108,674.87,127.94
RIGHT_PINKY,109,700.53,135.67
RIGHT_PINKY,111,681.79,184.67
RIGHT_PINKY,112,676.98,208.82
RIGHT_PINKY,113,671.99,194.91
RIGHT_PINKY,114,691.79,244.07
RIGHT_PINKY,115,652.25,112.46
RIGHT_PINKY,116,659.57,126.65
RIGHT_PINKY,117,647.83,132.78
RIGHT_PINKY,118,660.76,129.45
RIGHT_PINKY,119,653.06,127.34
RIGHT_PINKY,120,657.21,119.25
RIGHT_PINKY,121,659.96,124.47
RIGHT_PINKY,122,667.28,130.49
RIGHT_PINKY,125,699.36,233.23
RIGHT_PINKY,127,711.99,152.06
RIGHT_PINKY,128,719.77,141.45
RIGHT_PINKY,129,713.46,141.01
RIGHT_PINKY,130,722.10,145.83
RIGHT_PINKY,131,722.49,145.96
RIGHT_PINKY,132,737.48,155.43
RIGHT_PINKY,133,728.62,155.78
RIGHT_PINKY,134,712.07,170.58
RIGHT_PINKY,135,680.51,188.79
RIGHT_PINKY,136,635.90,213.49
RIGHT_PINKY,137,631.03,210.15
RIGHT_PINKY,138,626.63,194.65
RIGHT_PINKY,140,554.86,204.15
RIGHT_PINKY,141,554.36,224.34
RIGHT_PINKY,142,540.47,271.19
RIGHT_PINKY,143,541.30,271.15
RIGHT_PINKY,144,562.32,271.33
RIGHT_PINKY,145,716.98,185.09
RIGHT_PINKY,146,712.50,170.04
RIGHT_PINKY,147,710.93,177.51
RIGHT_PINKY,148,814.21,238.99
RIGHT_PINKY,149,813.86,240.50
RIGHT_PINKY,150,858.30,222.95
RIGHT_PINKY,151,853.23,219.27
RIGHT_PINKY,152,803.29,228.03
RIGHT_PINKY,153,634.38,214.05
RIGHT_PINKY,154,652.94,229.56
RIGHT_PINKY,155,649.00,235.09
RIGHT_PINKY,156,620.58,232.46
RIGHT_PINKY,157,763.91,223.01
RIGHT_PINKY,158,782.11,223.39
RIGHT_PINKY,159,598.50,216.42
RIGHT_PINKY,160,595.95,216.04
RIGHT_PINKY,161,565.62,209.25
RIGHT_PINKY,162,673.07,221.43
RIGHT_PINKY,163,673.95,214.31
RIGHT_PINKY,164,686.01,230.88
RIGHT_PINKY,165,711.13,242.45
RIGHT_PINKY,166,693.09,246.76
RIGHT_PINKY,167,718.63,240.67
RIGHT_PINKY,168,673.38,233.66
RIGHT_PINKY,169,713.89,205.73
RIGHT_PINKY,170,750.15,221.00
RIGHT_PINKY,171,767.69,225.85
RIGHT_PINKY,172,767.85,225.52
RIGHT_PINKY,173,779.43,225.38
RIGHT_PINKY,174,779.69,222.19
RIGHT_PINKY,175,751.74,240.51
RIGHT_PINKY,176,733.83,248.55
RIGHT_PINKY,177,635.11,335.37
RIGHT_PINKY,178,638.40,340.20
RIGHT_PINKY,179,674.67,295.22
RIGHT_PINKY,180,634.13,243.26
RIGHT_PINKY,181,785.14,329.44
RIGHT_PINKY,182,541.82,232.56
RIGHT_PINKY,183,514.35,245.64
LEFT_INDEX,0,581.89,449.30
LEFT_INDEX,1,579.78,470.15
LEFT_INDEX,2,579.97,469.77
LEFT_INDEX,3,585.98,467.08
LEFT_INDEX,4,595.03,458.61
LEFT_INDEX,5,621.58,449.02
LEFT_INDEX,6,641.44,463.41
LEFT_INDEX,7,665.98,424.75
LEFT_INDEX,8,667.26,424.42
LEFT_INDEX,9,673.10,437.42
LEFT_INDEX,10,708.51,378.48
LEFT_INDEX,11,671.13,393.28
LEFT_INDEX,12,650.16,285.85
LEFT_INDEX,13,568.73,347.21
LEFT_INDEX,14,552.28,337.96
LEFT_INDEX,15,556.76,244.07
LEFT_INDEX,16,430.58,271.08
LEFT_INDEX,17,423.48,238.75
LEFT_INDEX,18,447.29,206.93
LEFT_INDEX,19,563.52,194.48
LEFT_INDEX,20,563.98,194.77
LEFT_INDEX,21,643.51,207.38
LEFT_INDEX,22,821.15,183.21
LEFT_INDEX,23,845.20,183.48
LEFT_INDEX,24,819.17,191.36
LEFT_INDEX,25,638.40,209.76
LEFT_INDEX,26,641.00,200.54
LEFT_INDEX,27,612.10,224.22
LEFT_INDEX,28,566.30,196.57
LEFT_INDEX,29,804.49,257.83
LEFT_INDEX,30,382.83,194.91
LEFT_INDEX,31,414.54,199.67
LEFT_INDEX,32,414.10,199.00
LEFT_INDEX,33,558.33,194.65
LEFT_INDEX,34,596.71,229.90
LEFT_INDEX,35,758.10,209.91
LEFT_INDEX,36,802.52,200.88
LEFT_INDEX,37,797.95,200.99
LEFT_INDEX,38,803.40,196.77
LEFT_INDEX,39,713.92,200.08
LEFT_INDEX,40,568.88,200.23
LEFT_INDEX,41,611.02,360.96
LEFT_INDEX,42,700.71,424.60
LEFT_INDEX,43,511.81,250.38
LEFT_INDEX,44,684.03,354.70
LEFT_INDEX,45,566.37,200.54
LEFT_INDEX,46,597.61,246.85
LEFT_INDEX,47,676.10,266.52
LEFT_INDEX,48,644.04,239.56
LEFT_INDEX,49,609.07,259.42
LEFT_INDEX,50,760.12,172.63
LEFT_INDEX,51,679.95,171.25
LEFT_INDEX,52,579.61,192.33
LEFT_INDEX,53,482.58,144.50
LEFT_INDEX,54,458.48,142.96
LEFT_INDEX,55,458.35,142.98
LEFT_INDEX,56,455.02,144.76
LEFT_INDEX,57,602.23,207.56
LEFT_INDEX,58,619.59,154.14
LEFT_INDEX,59,725.03,160.60
LEFT_INDEX,60,773.85,125.06
LEFT_INDEX,61,780.65,123.05
LEFT_INDEX,62,770.79,115.97
LEFT_INDEX,63,714.46,124.09
LEFT_INDEX,64,628.43,372.43
LEFT_INDEX,65,513.70,209.54
LEFT_INDEX,66,531.54,208.58
LEFT_INDEX,67,530.73,211.20
LEFT_INDEX,68,583.43,189.78
LEFT_INDEX,69,514.41,114.97
LEFT_INDEX,70,648.64,156.32
LEFT_INDEX,71,686.22,182.95
LEFT_INDEX,72,645.23,125.52
LEFT_INDEX,73,638.82,142.48
LEFT_INDEX,74,647.52,192.64
LEFT_INDEX,75,632.24,145.72
LEFT_INDEX,76,623.63,151.59
LEFT_INDEX,77,670.52,323.48
LEFT_INDEX,78,661.34,368.47
LEFT_INDEX,79,639.74,196.92
LEFT_INDEX,80,578.91,187.06
LEFT_INDEX,83,647.44,146.23
LEFT_INDEX,84,653.14,156.35
LEFT_INDEX,85,671.99,146.69
LEFT_INDEX,86,703.20,162.71
LEFT_INDEX,87,719.90,167.36
LEFT_INDEX,89,672.28,174.78
LEFT_INDEX,90,672.25,174.84
LEFT_INDEX,91,658.22,168.22
LEFT_INDEX,92,660.73,183.67
LEFT_INDEX,93,622.08,131.96
LEFT_INDEX,94,637.22,157.34
LEFT_INDEX,95,723.40,227.54
LEFT_INDEX,96,709.24,215.97
LEFT_INDEX,97,607.24,126.29
LEFT_INDEX,98,608.24,130.05
LEFT_INDEX,99,579.32,139.54
LEFT_INDEX,103,559.17,203.53
LEFT_INDEX,104,648.41,126.28
LEFT_INDEX,105,650.28,126.12
LEFT_INDEX,106,653.43,123.96
LEFT_INDEX,107,661.64,128.78
LEFT_INDEX,108,660.58,125.73
LEFT_INDEX,109,679.85,136.45
LEFT_INDEX,111,672.89,177.79
LEFT_INDEX,112,677.51,209.81
LEFT_INDEX,113,672.37,198.49
LEFT_INDEX,114,664.47,199.09
LEFT_INDEX,115,637.71,139.84
LEFT_INDEX,116,655.86,136.28
LEFT_INDEX,117,659.40,140.15
LEFT_INDEX,118,651.58,135.53
LEFT_INDEX,119,652.23,134.62
LEFT_INDEX,120,656.10,130.74
LEFT_INDEX,121,653.11,130.60
LEFT_INDEX,122,644.72,138.45
LEFT_INDEX,125,700.44,241.11
LEFT_INDEX,127,629.70,201.59
LEFT_INDEX,128,699.84,137.12
LEFT_INDEX,129,710.22,139.91
LEFT_INDEX,130,714.37,141.96
LEFT_INDEX,131,716.08,142.79
LEFT_INDEX,132,709.51,154.35
LEFT_INDEX,133,717.37,156.75
LEFT_INDEX,134,693.02,175.81
LEFT_INDEX,135,689.14,194.22
LEFT_INDEX,136,632.53,218.20
LEFT_INDEX,137,653.29,195.16
LEFT_INDEX,138,646.55,191.42
LEFT_INDEX,140,613.26,206.14
LEFT_INDEX,141,578.27,225.60
LEFT_INDEX,142,634.71,234.93
LEFT_INDEX,143,629.57,238.07
LEFT_INDEX,144,680.07,237.48
LEFT_INDEX,145,613.99,254.07
LEFT_INDEX,146,715.98,230.28
LEFT_INDEX,147,694.38,240.64
LEFT_INDEX,148,809.30,231.25
LEFT_INDEX,149,814.54,234.90
LEFT_INDEX,150,842.82,222.20
LEFT_INDEX,151,591.76,213.64
LEFT_INDEX,152,689.09,212.99
LEFT_INDEX,153,686.05,264.89
LEFT_INDEX,154,686.30,292.44
LEFT_INDEX,155,685.27,225.50
LEFT_INDEX,156,504.00,229.83
LEFT_INDEX,157,537.36,225.09
LEFT_INDEX,158,632.33,237.84
LEFT_INDEX,159,782.56,226.70
LEFT_INDEX,160,782.95,227.27
LEFT_INDEX,161,915.68,237.52
LEFT_INDEX,162,930.97,229.73
LEFT_INDEX,163,930.09,230.39
LEFT_INDEX,164,902.54,241.29
LEFT_INDEX,165,846.29,246.51
LEFT_INDEX,166,847.21,247.66
LEFT_INDEX,167,718.45,226.65
LEFT_INDEX,168,675.93,214.44
LEFT_INDEX,169,565.56,289.66
LEFT_INDEX,170,493.48,297.29
LEFT_INDEX,171,453.11,303.09
LEFT_INDEX,172,452.84,303.01
LEFT_INDEX,173,434.17,302.84
LEFT_INDEX,174,437.82,303.47
LEFT_INDEX,175,455.69,305.63
LEFT_INDEX,176,491.98,308.35
LEFT_INDEX,177,548.99,302.21
LEFT_INDEX,178,549.07,302.58
LEFT_INDEX,179,658.57,295.71
LEFT_INDEX,180,648.20,252.37
LEFT_INDEX,181,578.24,233.24
LEFT_INDEX,182,840.54,317.22
LEFT_INDEX,183,869.57,320.40
RIGHT_INDEX,0,731.86,430.51
RIGHT_INDEX,1,641.07,439.81
RIGHT_INDEX,2,653.75,428.60
RIGHT_INDEX,3,608.88,457.48
RIGHT_INDEX,4,601.86,452.84
RIGHT_INDEX,5,606.78,413.27
RIGHT_INDEX,6,440.26,361.46
RIGHT_INDEX,7,419.28,344.39
RIGHT_INDEX,8,419.07,344.17
RIGHT_INDEX,9,425.13,328.61
RIGHT_INDEX,10,483.49,310.94
RIGHT_INDEX,11,675.78,393.73
RIGHT_INDEX,12,668.73,273.15
RIGHT_INDEX,13,793.58,257.60
RIGHT_INDEX,14,790.60,258.74
RIGHT_INDEX,15,833.87,244.48
RIGHT_INDEX,16,826.70,225.32
RIGHT_INDEX,17,783.77,219.28
RIGHT_INDEX,18,630.70,217.59
RIGHT_INDEX,19,672.93,200.99
RIGHT_INDEX,20,662.69,198.54
RIGHT_INDEX,21,647.91,223.86
RIGHT_INDEX,22,418.52,178.90
RIGHT_INDEX,23,407.01,194.30
RIGHT_INDEX,24,419.12,197.31
RIGHT_INDEX,25,629.43,195.46
RIGHT_INDEX,26,647.99,189.18
RIGHT_INDEX,27,564.36,193.29
RIGHT_INDEX,28,749.69,243.60
RIGHT_INDEX,29,397.22,193.33
RIGHT_INDEX,30,825.59,269.54
RIGHT_INDEX,31,794.57,293.80
RIGHT_INDEX,32,794.59,294.01
RIGHT_INDEX,33,716.43,306.76
RIGHT_INDEX,34,622.70,308.61
RIGHT_INDEX,35,511.32,333.84
RIGHT_INDEX,36,451.78,363.44
RIGHT_INDEX,37,434.94,372.02
RIGHT_INDEX,38,435.39,372.68
RIGHT_INDEX,39,480.01,377.52
RIGHT_INDEX,40,567.25,375.52
RIGHT_INDEX,41,613.61,310.04
RIGHT_INDEX,42,488.77,201.07
RIGHT_INDEX,43,670.28,356.97
RIGHT_INDEX,44,476.32,193.45
RIGHT_INDEX,45,725.63,396.77
RIGHT_INDEX,46,613.86,273.24
RIGHT_INDEX,47,637.87,251.77
RIGHT_INDEX,48,712.53,197.98
RIGHT_INDEX,49,717.75,196.04
RIGHT_INDEX,50,484.91,432.82
RIGHT_INDEX,51,481.85,416.48
RIGHT_INDEX,52,519.71,401.77
RIGHT_INDEX,53,617.74,315.90
RIGHT_INDEX,54,675.72,357.23
RIGHT_INDEX,55,675.21,354.55
RIGHT_INDEX,56,756.86,381.23
RIGHT_INDEX,57,679.46,265.87
RIGHT_INDEX,58,752.23,304.98
RIGHT_INDEX,59,708.52,293.04
RIGHT_INDEX,60,579.61,297.51
RIGHT_INDEX,61,575.90,291.93
RIGHT_INDEX,62,537.02,176.04
RIGHT_INDEX,63,528.64,159.99
RIGHT_INDEX,64,519.94,193.17
RIGHT_INDEX,65,500.49,197.33
RIGHT_INDEX,66,560.12,185.18
RIGHT_INDEX,67,550.11,190.86
RIGHT_INDEX,68,562.02,184.14
RIGHT_INDEX,69,641.03,190.99
RIGHT_INDEX,70,610.53,157.63
RIGHT_INDEX,71,689.16,184.04
RIGHT_INDEX,72,657.27,149.24
RIGHT_INDEX,73,650.22,155.24
RIGHT_INDEX,74,610.58,183.42
RIGHT_INDEX,75,622.45,150.65
RIGHT_INDEX,76,596.63,165.73
RIGHT_INDEX,77,564.01,186.83
RIGHT_INDEX,78,562.70,185.97
RIGHT_INDEX,79,562.99,182.55
RIGHT_INDEX,80,598.99,163.98
RIGHT_INDEX,83,661.64,158.21
RIGHT_INDEX,84,662.09,157.75
RIGHT_INDEX,85,676.64,159.80
RIGHT_INDEX,86,717.18,172.46
RIGHT_INDEX,87,740.66,168.70
RIGHT_INDEX,89,658.99,177.34
RIGHT_INDEX,90,659.17,177.16
RIGHT_INDEX,91,646.64,177.87
RIGHT_INDEX,92,642.68,185.82
RIGHT_INDEX,93,604.62,122.18
RIGHT_INDEX,94,613.25,147.83
RIGHT_INDEX,95,584.28,132.44
RIGHT_INDEX,96,605.48,135.61
RIGHT_INDEX,97,594.93,126.59
RIGHT_INDEX,98,608.27,125.40
RIGHT_INDEX,99,598.91,129.06
RIGHT_INDEX,103,633.48,147.11
RIGHT_INDEX,104,652.43,134.94
RIGHT_INDEX,105,664.04,131.35
RIGHT_INDEX,106,679.43,134.90
RIGHT_INDEX,107,680.60,135.36
RIGHT_INDEX,108,674.30,133.77
RIGHT_INDEX,109,699.38,144.23
RIGHT_INDEX,111,677.81,186.83
RIGHT_INDEX,112,684.21,215.63
RIGHT_INDEX,113,677.99,201.19
RIGHT_INDEX,114,684.46,250.04
RIGHT_INDEX,115,649.12,116.91
RIGHT_INDEX,116,653.87,128.25
RIGHT_INDEX,117,645.85,136.73
RIGHT_INDEX,118,651.95,132.11
RIGHT_INDEX,119,649.17,132.63
RIGHT_INDEX,120,655.34,124.76
RIGHT_INDEX,121,656.39,129.88
RIGHT_INDEX,122,659.33,133.80
RIGHT_INDEX,125,699.31,238.62
RIGHT_INDEX,127,703.41,148.79
RIGHT_INDEX,128,715.37,144.20
RIGHT_INDEX,129,714.87,146.48
RIGHT_INDEX,130,724.70,150.89
RIGHT_INDEX,131,724.70,151.96
RIGHT_INDEX,132,739.19,158.94
RIGHT_INDEX,133,732.07,160.70
RIGHT_INDEX,134,713.31,174.35
RIGHT_INDEX,135,680.47,193.16
RIGHT_INDEX,136,637.67,211.72
RIGHT_INDEX,137,635.74,210.00
RIGHT_INDEX,138,637.03,197.89
RIGHT_INDEX,140,556.55,203.92
RIGHT_INDEX,141,556.89,226.18
RIGHT_INDEX,142,543.93,275.26
RIGHT_INDEX,143,545.62,274.70
RIGHT_INDEX,144,553.86,273.11
RIGHT_INDEX,145,717.74,186.11
RIGHT_INDEX,146,708.46,167.50
RIGHT_INDEX,147,709.68,192.34
RIGHT_INDEX,148,809.16,234.76
RIGHT_INDEX,149,813.55,235.99
RIGHT_INDEX,150,855.98,217.86
RIGHT_INDEX,151,851.56,213.28
RIGHT_INDEX,152,797.62,227.29
RIGHT_INDEX,153,642.31,211.30
RIGHT_INDEX,154,658.82,224.86
RIGHT_INDEX,155,654.87,230.63
RIGHT_INDEX,156,611.66,234.30
RIGHT_INDEX,157,759.75,216.73
RIGHT_INDEX,158,781.92,223.67
RIGHT_INDEX,159,611.52,215.64
RIGHT_INDEX,160,609.03,214.67
RIGHT_INDEX,161,575.99,205.08
RIGHT_INDEX,162,683.81,217.47
RIGHT_INDEX,163,681.91,212.56
RIGHT_INDEX,164,693.86,226.93
RIGHT_INDEX,165,711.84,231.28
RIGHT_INDEX,166,693.14,235.63
RIGHT_INDEX,167,714.74,229.95
RIGHT_INDEX,168,677.28,226.17
RIGHT_INDEX,169,706.25,204.91
RIGHT_INDEX,170,741.33,219.97
RIGHT_INDEX,171,757.79,224.51
RIGHT_INDEX,172,757.93,224.15
RIGHT_INDEX,173,772.52,221.74
RIGHT_INDEX,174,775.26,217.44
RIGHT_INDEX,175,752.72,234.61
RIGHT_INDEX,176,720.57,239.93
RIGHT_INDEX,177,628.46,333.69
RIGHT_INDEX,178,631.76,338.70
RIGHT_INDEX,179,667.94,294.01
RIGHT_INDEX,180,639.66,237.46
RIGHT_INDEX,181,779.01,330.68
RIGHT_INDEX,182,545.32,229.05
RIGHT_INDEX,183,516.78,240.72
LEFT_THUMB,0,580.34,444.28
LEFT_THUMB,1,579.29,464.14
LEFT_THUMB,2,581.68,462.52
LEFT_THUMB,3,591.32,464.61
LEFT_THUMB,4,593.90,457.20
LEFT_THUMB,5,622.21,442.81
LEFT_THUMB,6,639.18,455.89
LEFT_THUMB,7,666.34,418.77
LEFT_THUMB,8,666.62,418.55
LEFT_THUMB,9,671.51,431.75
LEFT_THUMB,10,706.97,376.98
LEFT_THUMB,11,671.11,389.17
LEFT_THUMB,12,651.62,286.25
LEFT_THUMB,13,573.63,342.37
LEFT_THUMB,14,554.98,337.50
LEFT_THUMB,15,561.52,244.75
LEFT_THUMB,16,438.18,269.40
LEFT_THUMB,17,430.16,238.52
LEFT_THUMB,18,455.62,208.25
LEFT_THUMB,19,566.02,196.32
LEFT_THUMB,20,566.22,196.55
LEFT_THUMB,21,649.55,207.53
LEFT_THUMB,22,814.45,185.57
LEFT_THUMB,23,837.35,185.63
LEFT_THUMB,24,809.90,191.95
LEFT_THUMB,25,640.45,209.52
LEFT_THUMB,26,642.00,200.77
LEFT_THUMB,27,614.68,222.65
LEFT_THUMB,28,571.86,199.11
LEFT_THUMB,29,797.11,255.11
LEFT_THUMB,30,398.40,197.06
LEFT_THUMB,31,427.72,201.02
LEFT_THUMB,32,427.36,200.40
LEFT_THUMB,33,562.89,197.23
LEFT_THUMB,34,600.75,231.21
LEFT_THUMB,35,752.99,212.43
LEFT_THUMB,36,797.06,201.44
LEFT_THUMB,37,790.60,201.74
LEFT_THUMB,38,796.34,198.61
LEFT_THUMB,39,711.45,202.00
LEFT_THUMB,40,576.63,200.17
LEFT_THUMB,41,610.56,354.97
LEFT_THUMB,42,695.93,418.05
LEFT_THUMB,43,519.10,251.47
LEFT_THUMB,44,681.80,350.66
LEFT_THUMB,45,571.34,203.98
LEFT_THUMB,46,601.58,251.19
LEFT_THUMB,47,672.82,267.25
LEFT_THUMB,48,645.70,240.22
LEFT_THUMB,49,612.38,258.64
LEFT_THUMB,50,752.94,176.64
LEFT_THUMB,51,678.61,173.61
LEFT_THUMB,52,581.99,193.70
LEFT_THUMB,53,494.32,155.77
LEFT_THUMB,54,463.02,146.97
LEFT_THUMB,55,462.98,147.07
LEFT_THUMB,56,462.22,147.97
LEFT_THUMB,57,604.71,210.08
LEFT_THUMB,58,619.70,154.39
LEFT_THUMB,59,721.57,164.39
LEFT_THUMB,60,770.03,126.82
LEFT_THUMB,61,766.78,136.21
LEFT_THUMB,62,768.34,118.45
LEFT_THUMB,63,713.23,125.39
LEFT_THUMB,64,627.33,362.94
LEFT_THUMB,65,520.39,205.60
LEFT_THUMB,66,538.12,207.18
LEFT_THUMB,67,536.00,209.66
LEFT_THUMB,68,587.60,190.03
LEFT_THUMB,69,517.87,118.77
LEFT_THUMB,70,644.69,157.26
LEFT_THUMB,71,679.81,182.15
LEFT_THUMB,72,644.57,125.22
LEFT_THUMB,73,638.17,142.88
LEFT_THUMB,74,645.03,185.82
LEFT_THUMB,75,634.12,146.33
LEFT_THUMB,76,629.94,154.85
LEFT_THUMB,77,669.75,316.70
LEFT_THUMB,78,660.49,359.75
LEFT_THUMB,79,642.38,194.05
LEFT_THUMB,80,585.87,186.30
LEFT_THUMB,83,651.74,152.18
LEFT_THUMB,84,652.95,159.69
LEFT_THUMB,85,665.43,147.17
LEFT_THUMB,86,700.85,164.97
LEFT_THUMB,87,717.66,166.37
LEFT_THUMB,89,672.62,173.53
LEFT_THUMB,90,672.60,173.61
LEFT_THUMB,91,657.91,167.77
LEFT_THUMB,92,663.29,182.78
LEFT_THUMB,93,629.87,135.85
LEFT_THUMB,94,642.33,156.26
LEFT_THUMB,95,722.07,220.15
LEFT_THUMB,96,701.34,211.21
LEFT_THUMB,97,615.48,125.72
LEFT_THUMB,98,614.50,129.63
LEFT_THUMB,99,582.09,133.76
LEFT_THUMB,103,567.84,209.43
LEFT_THUMB,104,645.49,127.84
LEFT_THUMB,105,646.71,128.42
LEFT_THUMB,106,641.75,136.50
LEFT_THUMB,107,654.48,131.52
LEFT_THUMB,108,653.63,128.45
LEFT_THUMB,109,679.36,136.85
LEFT_THUMB,111,675.99,176.59
LEFT_THUMB,112,681.74,209.10
LEFT_THUMB,113,674.03,198.10
LEFT_THUMB,114,665.84,200.32
LEFT_THUMB,115,643.29,142.81
LEFT_THUMB,116,658.73,138.11
LEFT_THUMB,117,664.93,142.06
LEFT_THUMB,118,658.30,137.32
LEFT_THUMB,119,658.83,136.30
LEFT_THUMB,120,662.92,129.09
LEFT_THUMB,121,658.03,130.42
LEFT_THUMB,122,651.60,138.95
LEFT_THUMB,125,699.18,238.98
LEFT_THUMB,127,635.85,201.51
LEFT_THUMB,128,693.06,141.05
LEFT_THUMB,129,702.46,143.13
LEFT_THUMB,130,707.91,144.52
LEFT_THUMB,131,709.41,145.85
LEFT_THUMB,132,701.77,157.48
LEFT_THUMB,133,712.86,158.83
LEFT_THUMB,134,690.43,184.38
LEFT_THUMB,135,684.74,194.03
LEFT_THUMB,136,631.65,217.79
LEFT_THUMB,137,658.26,204.04
LEFT_THUMB,138,647.31,191.04
LEFT_THUMB,140,609.13,197.01
LEFT_THUMB,141,584.63,222.38
LEFT_THUMB,142,639.11,232.65
LEFT_THUMB,143,634.19,235.78
LEFT_THUMB,144,684.56,234.57
LEFT_THUMB,145,622.63,252.78
LEFT_THUMB,146,719.51,231.51
LEFT_THUMB,147,699.09,238.66
LEFT_THUMB,148,808.07,231.56
LEFT_THUMB,149,805.86,234.90
LEFT_THUMB,150,838.91,224.32
LEFT_THUMB,151,600.53,213.63
LEFT_THUMB,152,689.89,214.42
LEFT_THUMB,153,685.17,264.26
LEFT_THUMB,154,685.72,289.62
LEFT_THUMB,155,687.82,228.96
LEFT_THUMB,156,512.32,227.83
LEFT_THUMB,157,545.02,224.87
LEFT_THUMB,158,634.86,239.09
LEFT_THUMB,159,781.81,227.55
LEFT_THUMB,160,782.55,227.92
LEFT_THUMB,161,911.09,232.75
LEFT_THUMB,162,922.75,231.12
LEFT_THUMB,163,919.97,231.77
LEFT_THUMB,164,892.45,241.21
LEFT_THUMB,165,844.90,247.52
LEFT_THUMB,166,845.45,248.46
LEFT_THUMB,167,722.58,232.47
LEFT_THUMB,168,676.11,217.87
LEFT_THUMB,169,572.12,288.77
LEFT_THUMB,170,501.25,295.34
LEFT_THUMB,171,462.12,300.28
LEFT_THUMB,172,462.01,300.17
LEFT_THUMB,173,442.48,300.56
LEFT_THUMB,174,447.07,301.38
LEFT_THUMB,175,462.88,304.48
LEFT_THUMB,176,498.99,306.47
LEFT_THUMB,177,557.23,301.48
LEFT_THUMB,178,557.37,301.76
LEFT_THUMB,179,659.15,296.87
LEFT_THUMB,180,651.57,255.99
LEFT_THUMB,181,585.75,239.39
LEFT_THUMB,182,831.55,317.77
LEFT_THUMB,183,859.52,319.60
RIGHT_THUMB,0,723.90,427.09
RIGHT_THUMB,1,639.78,435.45
RIGHT_THUMB,2,651.33,424.65
RIGHT_THUMB,3,616.53,451.39
RIGHT_THUMB,4,603.87,448.42
RIGHT_THUMB,5,607.80,410.83
RIGHT_THUMB,6,446.28,359.52
RIGHT_THUMB,7,425.72,342.13
RIGHT_THUMB,8,425.48,341.97
RIGHT_THUMB,9,435.30,327.67
RIGHT_THUMB,10,488.65,311.42
RIGHT_THUMB,11,675.03,390.45
RIGHT_THUMB,12,667.78,274.73
RIGHT_THUMB,13,785.08,256.68
RIGHT_THUMB,14,782.03,258.32
RIGHT_THUMB,15,826.99,243.75
RIGHT_THUMB,16,818.52,224.23
RIGHT_THUMB,17,772.55,217.66
RIGHT_THUMB,18,626.99,218.42
RIGHT_THUMB,19,665.15,201.22
RIGHT_THUMB,20,657.82,198.43
RIGHT_THUMB,21,643.26,223.32
RIGHT_THUMB,22,424.12,180.19
RIGHT_THUMB,23,414.85,195.62
RIGHT_THUMB,24,422.68,198.89
RIGHT_THUMB,25,626.31,196.44
RIGHT_THUMB,26,644.65,190.81
RIGHT_THUMB,27,570.09,197.97
RIGHT_THUMB,28,742.15,242.93
RIGHT_THUMB,29,405.73,195.48
RIGHT_THUMB,30,819.21,265.41
RIGHT_THUMB,31,788.72,289.12
RIGHT_THUMB,32,788.74,289.40
RIGHT_THUMB,33,710.17,306.65
RIGHT_THUMB,34,621.60,305.15
RIGHT_THUMB,35,517.32,331.17
RIGHT_THUMB,36,457.25,361.31
RIGHT_THUMB,37,442.20,367.17
RIGHT_THUMB,38,442.99,368.50
RIGHT_THUMB,39,485.62,374.68
RIGHT_THUMB,40,570.75,372.66
RIGHT_THUMB,41,610.91,306.20
RIGHT_THUMB,42,493.74,207.24
RIGHT_THUMB,43,668.02,351.96
RIGHT_THUMB,44,482.73,201.18
RIGHT_THUMB,45,720.14,389.18
RIGHT_THUMB,46,613.37,273.93
RIGHT_THUMB,47,636.50,252.47
RIGHT_THUMB,48,704.74,199.86
RIGHT_THUMB,49,709.75,197.82
RIGHT_THUMB,50,489.11,426.27
RIGHT_THUMB,51,486.85,411.65
RIGHT_THUMB,52,522.90,399.39
RIGHT_THUMB,53,614.73,312.48
RIGHT_THUMB,54,671.63,351.37
RIGHT_THUMB,55,670.74,348.48
RIGHT_THUMB,56,750.95,372.25
RIGHT_THUMB,57,677.35,264.37
RIGHT_THUMB,58,746.63,300.46
RIGHT_THUMB,59,704.65,287.02
RIGHT_THUMB,60,579.21,292.76
RIGHT_THUMB,61,576.25,287.66
RIGHT_THUMB,62,544.44,181.44
RIGHT_THUMB,63,528.82,159.79
RIGHT_THUMB,64,523.37,191.84
RIGHT_THUMB,65,501.03,198.29
RIGHT_THUMB,66,561.13,186.93
RIGHT_THUMB,67,551.01,193.46
RIGHT_THUMB,68,562.90,184.04
RIGHT_THUMB,69,639.53,186.61
RIGHT_THUMB,70,604.98,156.96
RIGHT_THUMB,71,682.60,182.60
RIGHT_THUMB,72,650.10,148.14
RIGHT_THUMB,73,643.94,154.43
RIGHT_THUMB,74,610.23,183.41
RIGHT_THUMB,75,619.41,148.38
RIGHT_THUMB,76,594.02,163.79
RIGHT_THUMB,77,565.40,183.38
RIGHT_THUMB,78,564.26,183.19
RIGHT_THUMB,79,574.78,176.04
RIGHT_THUMB,80,600.66,165.44
RIGHT_THUMB,83,658.64,159.50
RIGHT_THUMB,84,659.07,159.00
RIGHT_THUMB,85,669.15,160.18
RIGHT_THUMB,86,709.79,173.19
RIGHT_THUMB,87,734.91,169.55
RIGHT_THUMB,89,659.08,171.83
RIGHT_THUMB,90,659.15,171.64
RIGHT_THUMB,91,645.10,177.08
RIGHT_THUMB,92,638.01,182.32
RIGHT_THUMB,93,607.75,127.07
RIGHT_THUMB,94,612.89,148.67
RIGHT_THUMB,95,586.74,134.68
RIGHT_THUMB,96,607.58,137.94
RIGHT_THUMB,97,604.05,134.10
RIGHT_THUMB,98,614.07,125.36
RIGHT_THUMB,99,601.40,127.87
RIGHT_THUMB,103,632.45,149.80
RIGHT_THUMB,104,651.15,136.65
RIGHT_THUMB,105,662.73,133.57
RIGHT_THUMB,106,674.95,135.25
RIGHT_THUMB,107,674.47,137.12
RIGHT_THUMB,108,671.16,134.38
RIGHT_THUMB,109,689.78,143.48
RIGHT_THUMB,111,676.71,186.64
RIGHT_THUMB,112,678.30,211.05
RIGHT_THUMB,113,674.63,199.09
RIGHT_THUMB,114,683.75,249.54
RIGHT_THUMB,115,650.22,118.07
RIGHT_THUMB,116,659.97,132.36
RIGHT_THUMB,117,645.47,140.12
RIGHT_THUMB,118,658.75,134.48
RIGHT_THUMB,119,651.68,132.80
RIGHT_THUMB,120,662.02,126.03
RIGHT_THUMB,121,659.20,129.58
RIGHT_THUMB,122,665.05,137.61
RIGHT_THUMB,125,698.85,231.11
RIGHT_THUMB,127,698.15,149.16
RIGHT_THUMB,128,710.89,149.16
RIGHT_THUMB,129,707.80,150.37
RIGHT_THUMB,130,717.12,153.33
RIGHT_THUMB,131,717.34,154.87
RIGHT_THUMB,132,732.42,160.95
RIGHT_THUMB,133,726.56,160.99
RIGHT_THUMB,134,707.17,174.92
RIGHT_THUMB,135,680.47,192.94
RIGHT_THUMB,136,636.32,211.24
RIGHT_THUMB,137,634.13,209.65
RIGHT_THUMB,138,633.60,196.35
RIGHT_THUMB,140,561.32,203.89
RIGHT_THUMB,141,561.97,225.13
RIGHT_THUMB,142,549.81,273.88
RIGHT_THUMB,143,554.79,271.77
RIGHT_THUMB,144,562.00,271.79
RIGHT_THUMB,145,719.22,188.30
RIGHT_THUMB,146,712.04,176.14
RIGHT_THUMB,147,710.60,195.67
RIGHT_THUMB,148,805.63,237.64
RIGHT_THUMB,149,805.70,239.63
RIGHT_THUMB,150,852.64,219.80
RIGHT_THUMB,151,845.33,215.46
RIGHT_THUMB,152,790.07,227.51
RIGHT_THUMB,153,650.25,216.69
RIGHT_THUMB,154,664.26,227.99
RIGHT_THUMB,155,657.02,234.19
RIGHT_THUMB,156,613.90,237.62
RIGHT_THUMB,157,753.14,216.69
RIGHT_THUMB,158,773.95,223.93
RIGHT_THUMB,159,617.07,217.98
RIGHT_THUMB,160,614.62,216.38
RIGHT_THUMB,161,579.85,207.57
RIGHT_THUMB,162,678.98,218.75
RIGHT_THUMB,163,678.09,214.30
RIGHT_THUMB,164,690.59,230.93
RIGHT_THUMB,165,711.24,237.07
RIGHT_THUMB,166,696.36,242.51
RIGHT_THUMB,167,713.45,233.23
RIGHT_THUMB,168,676.58,233.23
RIGHT_THUMB,169,707.26,211.64
RIGHT_THUMB,170,740.51,225.98
RIGHT_THUMB,171,754.53,230.22
RIGHT_THUMB,172,754.62,230.00
RIGHT_THUMB,173,769.53,228.23
RIGHT_THUMB,174,769.59,223.36
RIGHT_THUMB,175,745.17,240.46
RIGHT_THUMB,176,717.00,242.40
RIGHT_THUMB,177,626.07,331.65
RIGHT_THUMB,178,629.25,336.27
RIGHT_THUMB,179,665.94,293.63
RIGHT_THUMB,180,640.97,240.78
RIGHT_THUMB,181,774.82,324.60
RIGHT_THUMB,182,549.92,235.50
RIGHT_THUMB,183,522.87,245.11
LEFT_HIP,0,594.65,453.10
LEFT_HIP,1,628.71,430.72
LEFT_HIP,2,627.06,429.79
LEFT_HIP,3,674.86,436.24
LEFT_HIP,4,685.67,428.43
LEFT_HIP,5,686.28,409.66
LEFT_HIP,6,674.07,399.86
LEFT_HIP,7,649.91,404.40
LEFT_HIP,8,649.68,404.83
LEFT_HIP,9,615.13,390.42
LEFT_HIP,10,585.20,382.98
LEFT_HIP,11,584.69,379.79
LEFT_HIP,12,581.78,369.12
LEFT_HIP,13,558.02,361.27
LEFT_HIP,14,557.74,360.01
LEFT_HIP,15,580.41,365.95
LEFT_HIP,16,609.24,359.76
LEFT_HIP,17,628.82,348.84
LEFT_HIP,18,643.14,344.63
LEFT_HIP,19,645.19,337.82
LEFT_HIP,20,643.90,337.32
LEFT_HIP,21,659.55,339.43
LEFT_HIP,22,667.85,339.26
LEFT_HIP,23,658.10,342.29
LEFT_HIP,24,638.26,340.51
LEFT_HIP,25,615.48,340.01
LEFT_HIP,26,613.45,339.00
LEFT_HIP,27,592.70,341.29
LEFT_HIP,28,566.57,341.50
LEFT_HIP,29,606.09,335.68
LEFT_HIP,30,562.70,349.74
LEFT_HIP,31,580.05,355.73
LEFT_HIP,32,580.08,355.77
LEFT_HIP,33,612.38,357.34
LEFT_HIP,34,627.56,364.63
LEFT_HIP,35,656.80,355.17
LEFT_HIP,36,669.60,357.37
LEFT_HIP,37,663.46,361.93
LEFT_HIP,38,663.36,362.08
LEFT_HIP,39,629.50,366.85
LEFT_HIP,40,607.22,369.13
LEFT_HIP,41,590.55,371.18
LEFT_HIP,42,589.43,358.28
LEFT_HIP,43,565.16,353.38
LEFT_HIP,44,594.17,358.73
LEFT_HIP,45,598.68,367.54
LEFT_HIP,46,615.39,382.46
LEFT_HIP,47,636.53,386.68
LEFT_HIP,48,659.92,373.27
LEFT_HIP,49,658.92,372.93
LEFT_HIP,50,672.29,367.72
LEFT_HIP,51,647.31,375.04
LEFT_HIP,52,617.13,371.90
LEFT_HIP,53,602.93,377.69
LEFT_HIP,54,567.80,354.22
LEFT_HIP,55,568.29,354.33
LEFT_HIP,56,555.04,353.64
LEFT_HIP,57,568.55,350.55
LEFT_HIP,58,580.36,350.44
LEFT_HIP,59,600.06,351.05
LEFT_HIP,60,624.55,353.10
LEFT_HIP,61,622.91,351.84
LEFT_HIP,62,632.23,347.16
LEFT_HIP,63,644.97,352.98
LEFT_HIP,64,641.59,344.00
LEFT_HIP,65,619.38,338.60
LEFT_HIP,66,594.80,341.21
LEFT_HIP,67,593.15,337.06
LEFT_HIP,68,608.54,340.42
LEFT_HIP,69,583.76,347.98
LEFT_HIP,70,614.80,323.41
LEFT_HIP,71,609.04,335.08
LEFT_HIP,72,622.54,339.83
LEFT_HIP,73,621.99,340.21
LEFT_HIP,74,628.38,321.30
LEFT_HIP,75,643.28,342.71
LEFT_HIP,76,654.10,345.14
LEFT_HIP,77,652.54,352.19
LEFT_HIP,78,652.70,352.00
LEFT_HIP,79,630.22,347.44
LEFT_HIP,80,606.12,346.75
LEFT_HIP,83,585.76,357.49
LEFT_HIP,84,585.86,355.73
LEFT_HIP,85,590.45,353.90
LEFT_HIP,86,604.45,348.03
LEFT_HIP,87,608.20,335.02
LEFT_HIP,89,630.27,318.98
LEFT_HIP,90,630.72,319.53
LEFT_HIP,91,641.83,338.72
LEFT_HIP,92,641.95,338.21
LEFT_HIP,93,673.63,360.07
LEFT_HIP,94,670.10,350.18
LEFT_HIP,95,679.84,320.13
LEFT_HIP,96,680.58,316.24
LEFT_HIP,97,664.80,355.29
LEFT_HIP,98,620.19,344.58
LEFT_HIP,99,617.97,334.83
LEFT_HIP,103,626.04,364.31
LEFT_HIP,104,632.13,368.56
LEFT_HIP,105,638.34,370.58
LEFT_HIP,106,650.78,345.82
LEFT_HIP,107,665.58,360.50
LEFT_HIP,108,663.32,361.65
LEFT_HIP,109,653.52,338.37
LEFT_HIP,111,638.30,345.47
LEFT_HIP,112,663.90,345.97
LEFT_HIP,113,667.84,340.47
LEFT_HIP,114,634.89,332.74
LEFT_HIP,115,643.59,341.20
LEFT_HIP,116,666.73,378.45
LEFT_HIP,117,661.64,363.21
LEFT_HIP,118,644.10,368.71
LEFT_HIP,119,644.70,368.48
LEFT_HIP,120,651.16,363.26
LEFT_HIP,121,651.72,356.98
LEFT_HIP,122,631.49,374.64
LEFT_HIP,125,660.86,337.00
LEFT_HIP,127,650.77,370.77
LEFT_HIP,128,657.67,379.75
LEFT_HIP,129,663.72,366.33
LEFT_HIP,130,679.84,368.28
LEFT_HIP,131,675.87,368.04
LEFT_HIP,132,691.03,353.38
LEFT_HIP,133,691.93,361.00
LEFT_HIP,134,669.65,347.37
LEFT_HIP,135,689.88,343.12
LEFT_HIP,136,715.68,365.18
LEFT_HIP,137,723.34,370.18
LEFT_HIP,138,731.12,371.99
LEFT_HIP,140,743.66,374.20
LEFT_HIP,141,742.00,373.09
LEFT_HIP,142,738.79,370.46
LEFT_HIP,143,738.96,370.36
LEFT_HIP,144,720.04,370.70
LEFT_HIP,145,704.60,363.41
LEFT_HIP,146,702.85,361.68
LEFT_HIP,147,706.84,366.62
LEFT_HIP,148,678.21,366.34
LEFT_HIP,149,683.44,365.84
LEFT_HIP,150,668.96,370.97
LEFT_HIP,151,659.59,365.76
LEFT_HIP,152,663.25,371.52
LEFT_HIP,153,672.93,364.74
LEFT_HIP,154,671.80,367.42
LEFT_HIP,155,693.07,366.45
LEFT_HIP,156,715.11,362.38
LEFT_HIP,157,723.68,376.26
LEFT_HIP,158,726.85,374.61
LEFT_HIP,159,736.60,372.52
LEFT_HIP,160,736.48,372.08
LEFT_HIP,161,734.64,372.09
LEFT_HIP,162,731.80,377.23
LEFT_HIP,163,726.77,380.87
LEFT_HIP,164,715.77,384.64
LEFT_HIP,165,704.40,393.07
LEFT_HIP,166,704.27,392.76
LEFT_HIP,167,680.17,390.61
LEFT_HIP,168,663.82,395.58
LEFT_HIP,169,644.76,392.19
LEFT_HIP,170,633.50,393.86
LEFT_HIP,171,629.50,393.87
LEFT_HIP,172,629.46,393.86
LEFT_HIP,173,626.43,394.70
LEFT_HIP,174,625.48,396.58
LEFT_HIP,175,630.95,393.93
LEFT_HIP,176,638.63,392.92
LEFT_HIP,177,650.57,394.44
LEFT_HIP,178,650.52,394.28
LEFT_HIP,179,676.33,394.59
LEFT_HIP,180,690.56,392.36
LEFT_HIP,181,695.65,404.44
LEFT_HIP,182,706.59,400.22
LEFT_HIP,183,722.29,392.24
RIGHT_HIP,0,640.26,447.94
RIGHT_HIP,1,648.43,430.99
RIGHT_HIP,2,646.84,429.87
RIGHT_HIP,3,672.89,428.79
RIGHT_HIP,4,666.22,416.90
RIGHT_HIP,5,641.41,400.27
RIGHT_HIP,6,625.78,395.33
RIGHT_HIP,7,600.90,398.14
RIGHT_HIP,8,600.74,399.32
RIGHT_HIP,9,582.47,395.46
RIGHT_HIP,10,567.56,387.02
RIGHT_HIP,11,566.88,382.53
RIGHT_HIP,12,572.18,373.98
RIGHT_HIP,13,594.73,354.06
RIGHT_HIP,14,600.26,352.77
RIGHT_HIP,15,623.25,355.34
RIGHT_HIP,16,640.07,350.96
RIGHT_HIP,17,645.30,340.54
RIGHT_HIP,18,645.96,342.44
RIGHT_HIP,19,654.00,343.70
RIGHT_HIP,20,654.66,343.99
RIGHT_HIP,21,625.48,330.82
RIGHT_HIP,22,616.52,326.91
RIGHT_HIP,23,608.08,325.38
RIGHT_HIP,24,600.81,325.96
RIGHT_HIP,25,597.53,332.00
RIGHT_HIP,26,597.51,329.89
RIGHT_HIP,27,594.05,336.21
RIGHT_HIP,28,607.24,333.37
RIGHT_HIP,29,566.21,344.26
RIGHT_HIP,30,612.66,344.65
RIGHT_HIP,31,618.53,343.98
RIGHT_HIP,32,618.50,344.04
RIGHT_HIP,33,620.80,360.98
RIGHT_HIP,34,616.68,361.98
RIGHT_HIP,35,614.21,355.36
RIGHT_HIP,36,616.67,353.26
RIGHT_HIP,37,620.00,358.20
RIGHT_HIP,38,620.87,358.04
RIGHT_HIP,39,598.96,361.86
RIGHT_HIP,40,594.32,368.95
RIGHT_HIP,41,574.25,362.07
RIGHT_HIP,42,553.39,359.27
RIGHT_HIP,43,564.62,368.73
RIGHT_HIP,44,559.43,365.43
RIGHT_HIP,45,603.22,378.06
RIGHT_HIP,46,610.42,387.06
RIGHT_HIP,47,630.54,385.58
RIGHT_HIP,48,631.68,367.87
RIGHT_HIP,49,633.50,368.34
RIGHT_HIP,50,623.85,367.33
RIGHT_HIP,51,617.45,371.09
RIGHT_HIP,52,605.42,375.10
RIGHT_HIP,53,599.54,395.19
RIGHT_HIP,54,584.00,363.41
RIGHT_HIP,55,582.78,363.53
RIGHT_HIP,56,609.63,354.22
RIGHT_HIP,57,591.06,353.29
RIGHT_HIP,58,593.29,353.51
RIGHT_HIP,59,604.31,341.39
RIGHT_HIP,60,586.23,349.72
RIGHT_HIP,61,586.66,348.71
RIGHT_HIP,62,586.07,328.50
RIGHT_HIP,63,597.59,328.61
RIGHT_HIP,64,608.86,326.36
RIGHT_HIP,65,608.47,329.55
RIGHT_HIP,66,595.90,324.17
RIGHT_HIP,67,597.29,330.17
RIGHT_HIP,68,593.84,317.15
RIGHT_HIP,69,637.37,338.22
RIGHT_HIP,70,598.17,341.78
RIGHT_HIP,71,605.13,350.37
RIGHT_HIP,72,614.09,345.30
RIGHT_HIP,73,614.33,344.37
RIGHT_HIP,74,628.89,351.31
RIGHT_HIP,75,589.71,341.56
RIGHT_HIP,76,599.94,332.56
RIGHT_HIP,77,610.54,333.90
RIGHT_HIP,78,610.36,333.51
RIGHT_HIP,79,604.81,332.17
RIGHT_HIP,80,606.07,344.51
RIGHT_HIP,83,635.30,338.75
RIGHT_HIP,84,633.70,338.40
RIGHT_HIP,85,633.21,334.63
RIGHT_HIP,86,623.41,338.62
RIGHT_HIP,87,615.14,342.16
RIGHT_HIP,89,607.22,333.17
RIGHT_HIP,90,607.34,331.07
RIGHT_HIP,91,603.21,318.45
RIGHT_HIP,92,615.43,353.41
RIGHT_HIP,93,626.41,334.65
RIGHT_HIP,94,646.16,327.13
RIGHT_HIP,95,657.68,311.90
RIGHT_HIP,96,663.31,315.22
RIGHT_HIP,97,644.14,325.47
RIGHT_HIP,98,627.62,357.62
RIGHT_HIP,99,626.80,360.74
RIGHT_HIP,103,665.38,339.72
RIGHT_HIP,104,667.86,339.37
RIGHT_HIP,105,673.87,341.84
RIGHT_HIP,106,672.21,360.05
RIGHT_HIP,107,688.64,341.29
RIGHT_HIP,108,690.89,342.23
RIGHT_HIP,109,667.75,356.34
RIGHT_HIP,111,638.88,316.31
RIGHT_HIP,112,646.46,320.90
RIGHT_HIP,113,661.57,338.98
RIGHT_HIP,114,686.25,353.10
RIGHT_HIP,115,685.98,363.17
RIGHT_HIP,116,656.02,349.26
RIGHT_HIP,117,664.88,370.40
RIGHT_HIP,118,638.64,355.43
RIGHT_HIP,119,638.64,354.98
RIGHT_HIP,120,657.30,361.30
RIGHT_HIP,121,668.08,376.23
RIGHT_HIP,122,653.23,351.60
RIGHT_HIP,125,690.82,326.43
RIGHT_HIP,127,692.43,346.96
RIGHT_HIP,128,693.63,352.04
RIGHT_HIP,129,698.62,356.92
RIGHT_HIP,130,710.33,352.09
RIGHT_HIP,131,708.92,351.45
RIGHT_HIP,132,695.75,373.46
RIGHT_HIP,133,692.46,362.03
RIGHT_HIP,134,679.89,352.55
RIGHT_HIP,135,674.82,361.27
RIGHT_HIP,136,709.71,371.07
RIGHT_HIP,137,695.04,363.54
RIGHT_HIP,138,672.90,369.76
RIGHT_HIP,140,691.29,358.40
RIGHT_HIP,141,695.40,357.33
RIGHT_HIP,142,695.86,356.33
RIGHT_HIP,143,696.20,356.19
RIGHT_HIP,144,693.43,364.36
RIGHT_HIP,145,700.92,362.46
RIGHT_HIP,146,701.11,364.75
RIGHT_HIP,147,688.91,367.31
RIGHT_HIP,148,689.56,364.61
RIGHT_HIP,149,686.38,365.30
RIGHT_HIP,150,695.56,367.61
RIGHT_HIP,151,702.51,361.16
RIGHT_HIP,152,712.52,361.79
RIGHT_HIP,153,719.09,357.50
RIGHT_HIP,154,718.54,359.43
RIGHT_HIP,155,709.56,361.87
RIGHT_HIP,156,723.45,361.99
RIGHT_HIP,157,712.28,372.94
RIGHT_HIP,158,705.09,369.68
RIGHT_HIP,159,688.77,371.07
RIGHT_HIP,160,688.60,370.85
RIGHT_HIP,161,681.64,370.35
RIGHT_HIP,162,675.62,374.28
RIGHT_HIP,163,670.32,377.80
RIGHT_HIP,164,665.28,381.74
RIGHT_HIP,165,663.22,391.81
RIGHT_HIP,166,663.22,391.51
RIGHT_HIP,167,663.37,392.82
RIGHT_HIP,168,659.19,396.61
RIGHT_HIP,169,659.50,396.16
RIGHT_HIP,170,665.08,396.85
RIGHT_HIP,171,670.02,396.35
RIGHT_HIP,172,669.91,396.20
RIGHT_HIP,173,674.14,396.78
RIGHT_HIP,174,678.90,395.32
RIGHT_HIP,175,681.67,393.60
RIGHT_HIP,176,688.32,388.72
RIGHT_HIP,177,693.67,391.09
RIGHT_HIP,178,693.62,391.04
RIGHT_HIP,179,682.65,393.82
RIGHT_HIP,180,684.60,392.94
RIGHT_HIP,181,705.08,400.05
RIGHT_HIP,182,702.86,400.68
RIGHT_HIP,183,689.07,399.05
LEFT_KNEE,0,592.78,515.65
LEFT_KNEE,1,585.71,479.63
LEFT_KNEE,2,611.27,479.60
LEFT_KNEE,3,578.14,475.26
LEFT_KNEE,4,596.76,471.24
LEFT_KNEE,5,619.69,475.68
LEFT_KNEE,6,647.44,474.32
LEFT_KNEE,7,663.57,482.33
LEFT_KNEE,8,663.29,482.40
LEFT_KNEE,9,674.98,443.73
LEFT_KNEE,10,650.37,469.55
LEFT_KNEE,11,689.79,411.51
LEFT_KNEE,12,691.94,408.75
LEFT_KNEE,13,580.97,463.14
LEFT_KNEE,14,580.60,457.45
LEFT_KNEE,15,575.12,473.66
LEFT_KNEE,16,580.31,464.17
LEFT_KNEE,17,598.36,466.37
LEFT_KNEE,18,620.50,465.29
LEFT_KNEE,19,522.85,360.09
LEFT_KNEE,20,526.22,358.51
LEFT_KNEE,21,658.26,462.26
LEFT_KNEE,22,662.05,464.66
LEFT_KNEE,23,654.96,459.27
LEFT_KNEE,24,644.25,453.48
LEFT_KNEE,25,622.53,453.28
LEFT_KNEE,26,624.23,454.34
LEFT_KNEE,27,607.19,454.69
LEFT_KNEE,28,586.66,454.62
LEFT_KNEE,29,691.64,400.71
LEFT_KNEE,30,569.85,476.29
LEFT_KNEE,31,574.11,475.83
LEFT_KNEE,32,574.12,476.04
LEFT_KNEE,33,588.46,471.28
LEFT_KNEE,34,602.99,476.23
LEFT_KNEE,35,631.46,476.27
LEFT_KNEE,36,648.88,483.37
LEFT_KNEE,37,655.51,482.46
LEFT_KNEE,38,655.78,481.33
LEFT_KNEE,39,648.50,480.17
LEFT_KNEE,40,637.02,459.11
LEFT_KNEE,41,608.04,480.02
LEFT_KNEE,42,652.36,440.41
LEFT_KNEE,43,641.87,424.65
LEFT_KNEE,44,643.85,455.11
LEFT_KNEE,45,616.68,456.09
LEFT_KNEE,46,578.77,481.54
LEFT_KNEE,47,604.40,488.91
LEFT_KNEE,48,635.65,481.54
LEFT_KNEE,49,635.62,480.55
LEFT_KNEE,50,657.96,487.66
LEFT_KNEE,51,661.06,483.68
LEFT_KNEE,52,652.86,464.99
LEFT_KNEE,53,663.86,448.54
LEFT_KNEE,54,630.96,410.26
LEFT_KNEE,55,641.33,411.34
LEFT_KNEE,56,567.30,475.55
LEFT_KNEE,57,560.29,478.20
LEFT_KNEE,58,567.82,476.44
LEFT_KNEE,59,582.80,472.50
LEFT_KNEE,60,604.09,470.14
LEFT_KNEE,61,603.95,469.33
LEFT_KNEE,62,623.78,473.80
LEFT_KNEE,63,633.98,476.90
LEFT_KNEE,64,631.77,468.79
LEFT_KNEE,65,622.85,469.46
LEFT_KNEE,66,605.46,458.53
LEFT_KNEE,67,599.35,461.36
LEFT_KNEE,68,592.56,454.11
LEFT_KNEE,69,586.33,468.81
LEFT_KNEE,70,726.90,357.38
LEFT_KNEE,71,743.18,353.61
LEFT_KNEE,72,734.54,356.61
LEFT_KNEE,73,735.46,354.34
LEFT_KNEE,74,648.02,222.86
LEFT_KNEE,75,650.11,464.62
LEFT_KNEE,76,658.00,466.60
LEFT_KNEE,77,650.94,475.75
LEFT_KNEE,78,650.56,475.36
LEFT_KNEE,79,639.06,471.89
LEFT_KNEE,80,568.77,438.99
LEFT_KNEE,83,585.90,488.69
LEFT_KNEE,84,584.97,487.90
LEFT_KNEE,85,590.37,491.43
LEFT_KNEE,86,604.48,481.30
LEFT_KNEE,87,729.53,323.54
LEFT_KNEE,89,648.85,354.33
LEFT_KNEE,90,649.98,378.41
LEFT_KNEE,91,651.79,466.45
LEFT_KNEE,92,618.92,283.44
LEFT_KNEE,93,646.56,480.58
LEFT_KNEE,94,634.84,473.80
LEFT_KNEE,95,624.58,460.22
LEFT_KNEE,96,624.40,457.65
LEFT_KNEE,97,620.87,475.89
LEFT_KNEE,98,537.86,270.48
LEFT_KNEE,99,572.12,265.44
LEFT_KNEE,103,632.21,479.27
LEFT_KNEE,104,644.73,491.88
LEFT_KNEE,105,661.07,486.99
LEFT_KNEE,106,791.90,263.50
LEFT_KNEE,107,686.14,484.61
LEFT_KNEE,108,686.02,486.08
LEFT_KNEE,109,760.78,266.16
LEFT_KNEE,111,710.59,416.56
LEFT_KNEE,112,694.02,383.58
LEFT_KNEE,113,668.45,264.37
LEFT_KNEE,114,652.92,254.68
LEFT_KNEE,115,587.05,257.53
LEFT_KNEE,116,670.24,495.43
LEFT_KNEE,117,583.48,331.18
LEFT_KNEE,118,651.34,490.00
LEFT_KNEE,119,651.20,489.76
LEFT_KNEE,120,561.05,357.33
LEFT_KNEE,121,559.98,272.80
LEFT_KNEE,122,636.07,494.41
LEFT_KNEE,125,632.74,447.87
LEFT_KNEE,127,657.41,497.86
LEFT_KNEE,128,667.32,503.90
LEFT_KNEE,129,680.22,482.92
LEFT_KNEE,130,690.43,496.91
LEFT_KNEE,131,691.54,501.88
LEFT_KNEE,132,822.82,309.85
LEFT_KNEE,133,791.06,414.96
LEFT_KNEE,134,775.63,336.06
LEFT_KNEE,135,744.98,324.01
LEFT_KNEE,136,709.37,456.50
LEFT_KNEE,137,730.93,489.76
LEFT_KNEE,138,736.66,490.92
LEFT_KNEE,140,736.02,501.61
LEFT_KNEE,141,732.78,502.06
LEFT_KNEE,142,728.72,500.09
LEFT_KNEE,143,728.70,499.93
LEFT_KNEE,144,723.46,494.62
LEFT_KNEE,145,684.33,475.33
LEFT_KNEE,146,695.12,474.21
LEFT_KNEE,147,733.53,453.60
LEFT_KNEE,148,673.41,494.66
LEFT_KNEE,149,674.78,487.61
LEFT_KNEE,150,674.79,497.66
LEFT_KNEE,151,673.26,500.11
LEFT_KNEE,152,676.79,502.29
LEFT_KNEE,153,684.37,498.73
LEFT_KNEE,154,683.71,498.09
LEFT_KNEE,155,691.51,491.99
LEFT_KNEE,156,714.12,482.21
LEFT_KNEE,157,724.68,496.99
LEFT_KNEE,158,738.12,494.33
LEFT_KNEE,159,746.00,498.23
LEFT_KNEE,160,746.12,496.96
LEFT_KNEE,161,751.44,499.36
LEFT_KNEE,162,752.00,502.30
LEFT_KNEE,163,749.74,505.79
LEFT_KNEE,164,743.49,498.69
LEFT_KNEE,165,733.23,497.87
LEFT_KNEE,166,733.75,497.92
LEFT_KNEE,167,714.51,492.61
LEFT_KNEE,168,704.28,497.40
LEFT_KNEE,169,656.04,502.42
LEFT_KNEE,170,626.39,498.70
LEFT_KNEE,171,597.84,501.37
LEFT_KNEE,172,598.01,501.24
LEFT_KNEE,173,584.02,504.88
LEFT_KNEE,174,578.91,511.65
LEFT_KNEE,175,589.19,509.27
LEFT_KNEE,176,604.95,506.24
LEFT_KNEE,177,636.33,512.94
LEFT_KNEE,178,636.30,513.00
LEFT_KNEE,179,678.35,503.46
LEFT_KNEE,180,687.16,501.44
LEFT_KNEE,181,665.30,503.92
LEFT_KNEE,182,717.41,511.80
LEFT_KNEE,183,770.56,500.64
RIGHT_KNEE,0,620.33,480.81
RIGHT_KNEE,1,574.73,478.18
RIGHT_KNEE,2,575.88,480.91
RIGHT_KNEE,3,581.83,469.98
RIGHT_KNEE,4,565.44,459.42
RIGHT_KNEE,5,560.70,451.21
RIGHT_KNEE,6,574.72,438.62
RIGHT_KNEE,7,588.63,449.71
RIGHT_KNEE,8,588.47,451.92
RIGHT_KNEE,9,664.06,470.09
RIGHT_KNEE,10,675.26,429.55
RIGHT_KNEE,11,633.13,468.90
RIGHT_KNEE,12,611.16,464.69
RIGHT_KNEE,13,679.77,388.52
RIGHT_KNEE,14,681.82,389.85
RIGHT_KNEE,15,649.98,380.04
RIGHT_KNEE,16,592.52,365.44
RIGHT_KNEE,17,571.61,367.06
RIGHT_KNEE,18,539.46,365.05
RIGHT_KNEE,19,643.73,461.60
RIGHT_KNEE,20,644.01,461.66
RIGHT_KNEE,21,550.41,392.21
RIGHT_KNEE,22,517.61,369.36
RIGHT_KNEE,23,527.51,385.52
RIGHT_KNEE,24,607.90,356.66
RIGHT_KNEE,25,625.65,359.85
RIGHT_KNEE,26,628.81,360.41
RIGHT_KNEE,27,680.10,385.25
RIGHT_KNEE,28,692.76,387.41
RIGHT_KNEE,29,575.78,461.08
RIGHT_KNEE,30,682.31,416.04
RIGHT_KNEE,31,652.99,422.14
RIGHT_KNEE,32,653.08,422.29
RIGHT_KNEE,33,593.06,450.99
RIGHT_KNEE,34,571.18,429.07
RIGHT_KNEE,35,549.49,438.77
RIGHT_KNEE,36,551.59,445.25
RIGHT_KNEE,37,569.99,454.93
RIGHT_KNEE,38,568.62,453.97
RIGHT_KNEE,39,602.23,452.87
RIGHT_KNEE,40,623.19,464.55
RIGHT_KNEE,41,647.48,440.82
RIGHT_KNEE,42,574.82,470.72
RIGHT_KNEE,43,572.31,470.05
RIGHT_KNEE,44,561.07,480.54
RIGHT_KNEE,45,566.12,483.83
RIGHT_KNEE,46,573.68,470.21
RIGHT_KNEE,47,556.28,456.69
RIGHT_KNEE,48,577.22,431.11
RIGHT_KNEE,49,577.92,430.50
RIGHT_KNEE,50,580.10,456.24
RIGHT_KNEE,51,607.39,452.10
RIGHT_KNEE,52,647.75,461.11
RIGHT_KNEE,53,620.15,485.05
RIGHT_KNEE,54,590.12,471.13
RIGHT_KNEE,55,590.08,471.34
RIGHT_KNEE,56,674.84,427.78
RIGHT_KNEE,57,667.64,415.69
RIGHT_KNEE,58,644.81,402.16
RIGHT_KNEE,59,663.14,322.67
RIGHT_KNEE,60,556.09,376.21
RIGHT_KNEE,61,557.50,373.47
RIGHT_KNEE,62,526.29,368.74
RIGHT_KNEE,63,489.35,366.30
RIGHT_KNEE,64,484.21,365.11
RIGHT_KNEE,65,498.30,357.62
RIGHT_KNEE,66,560.48,300.40
RIGHT_KNEE,67,585.86,414.58
RIGHT_KNEE,68,570.91,236.20
RIGHT_KNEE,69,675.83,319.59
RIGHT_KNEE,70,608.56,440.97
RIGHT_KNEE,71,600.91,478.89
RIGHT_KNEE,72,616.58,472.25
RIGHT_KNEE,73,616.89,470.94
RIGHT_KNEE,74,636.47,474.71
RIGHT_KNEE,75,603.52,346.92
RIGHT_KNEE,76,549.30,352.87
RIGHT_KNEE,77,488.44,352.11
RIGHT_KNEE,78,487.97,357.37
RIGHT_KNEE,79,492.38,362.64
RIGHT_KNEE,80,568.30,427.70
RIGHT_KNEE,83,724.59,340.80
RIGHT_KNEE,84,721.02,330.69
RIGHT_KNEE,85,747.57,332.49
RIGHT_KNEE,86,748.81,331.88
RIGHT_KNEE,87,659.54,410.32
RIGHT_KNEE,89,641.83,442.01
RIGHT_KNEE,90,640.06,439.15
RIGHT_KNEE,91,621.28,228.33
RIGHT_KNEE,92,651.08,470.26
RIGHT_KNEE,93,527.34,266.98
RIGHT_KNEE,94,566.84,249.91
RIGHT_KNEE,95,562.58,273.07
RIGHT_KNEE,96,574.90,280.67
RIGHT_KNEE,97,519.06,260.77
RIGHT_KNEE,98,612.72,477.93
RIGHT_KNEE,99,608.55,477.69
RIGHT_KNEE,103,691.37,243.62
RIGHT_KNEE,104,750.57,249.62
RIGHT_KNEE,105,766.12,248.56
RIGHT_KNEE,106,672.74,488.87
RIGHT_KNEE,107,785.42,257.19
RIGHT_KNEE,108,786.69,258.20
RIGHT_KNEE,109,693.31,470.92
RIGHT_KNEE,111,695.63,245.00
RIGHT_KNEE,112,677.29,250.49
RIGHT_KNEE,113,693.60,406.65
RIGHT_KNEE,114,690.86,478.36
RIGHT_KNEE,115,681.70,488.23
RIGHT_KNEE,116,557.78,254.07
RIGHT_KNEE,117,659.19,483.27
RIGHT_KNEE,118,531.06,252.17
RIGHT_KNEE,119,531.73,250.63
RIGHT_KNEE,120,603.53,419.16
RIGHT_KNEE,121,637.82,481.85
RIGHT_KNEE,122,594.36,242.44
RIGHT_KNEE,125,671.31,286.48
RIGHT_KNEE,127,744.45,257.85
RIGHT_KNEE,128,791.84,277.39
RIGHT_KNEE,129,801.10,286.20
RIGHT_KNEE,130,827.13,292.77
RIGHT_KNEE,131,826.32,292.83
RIGHT_KNEE,132,698.35,493.06
RIGHT_KNEE,133,735.53,403.58
RIGHT_KNEE,134,737.52,423.00
RIGHT_KNEE,135,737.08,452.58
RIGHT_KNEE,136,708.25,437.35
RIGHT_KNEE,137,680.76,297.40
RIGHT_KNEE,138,656.91,327.66
RIGHT_KNEE,140,602.86,415.14
RIGHT_KNEE,141,593.64,426.13
RIGHT_KNEE,142,597.75,434.90
RIGHT_KNEE,143,598.47,436.32
RIGHT_KNEE,144,619.76,443.38
RIGHT_KNEE,145,654.62,437.71
RIGHT_KNEE,146,701.69,474.13
RIGHT_KNEE,147,688.61,483.73
RIGHT_KNEE,148,770.92,440.89
RIGHT_KNEE,149,767.92,438.13
RIGHT_KNEE,150,786.90,442.58
RIGHT_KNEE,151,784.77,440.06
RIGHT_KNEE,152,776.05,445.21
RIGHT_KNEE,153,755.26,446.85
RIGHT_KNEE,154,755.27,447.53
RIGHT_KNEE,155,718.52,440.52
RIGHT_KNEE,156,655.23,438.76
RIGHT_KNEE,157,633.86,440.58
RIGHT_KNEE,158,619.57,444.49
RIGHT_KNEE,159,614.86,452.55
RIGHT_KNEE,160,614.82,452.23
RIGHT_KNEE,161,621.51,457.36
RIGHT_KNEE,162,631.85,466.79
RIGHT_KNEE,163,648.36,488.33
RIGHT_KNEE,164,669.92,488.17
RIGHT_KNEE,165,696.14,488.45
RIGHT_KNEE,166,697.57,488.43
RIGHT_KNEE,167,711.82,494.56
RIGHT_KNEE,168,714.59,496.35
RIGHT_KNEE,169,736.98,490.75
RIGHT_KNEE,170,742.20,488.89
RIGHT_KNEE,171,742.76,488.06
RIGHT_KNEE,172,742.84,488.38
RIGHT_KNEE,173,741.55,488.64
RIGHT_KNEE,174,734.53,489.84
RIGHT_KNEE,175,723.87,492.00
RIGHT_KNEE,176,709.33,495.06
RIGHT_KNEE,177,698.95,498.30
RIGHT_KNEE,178,698.95,498.31
RIGHT_KNEE,179,676.33,502.16
RIGHT_KNEE,180,684.96,501.29
RIGHT_KNEE,181,724.94,506.92
RIGHT_KNEE,182,721.94,502.26
RIGHT_KNEE,183,649.38,506.76
LEFT_ANKLE,0,608.98,583.64
LEFT_ANKLE,1,623.62,578.05
LEFT_ANKLE,2,628.22,576.27
LEFT_ANKLE,3,640.63,576.26
LEFT_ANKLE,4,655.28,567.78
LEFT_ANKLE,5,660.01,561.91
LEFT_ANKLE,6,650.83,570.56
LEFT_ANKLE,7,637.40,562.00
LEFT_ANKLE,8,637.12,562.51
LEFT_ANKLE,9,640.97,485.21
LEFT_ANKLE,10,615.34,576.69
LEFT_ANKLE,11,801.40,439.28
LEFT_ANKLE,12,795.16,428.36
LEFT_ANKLE,13,582.92,573.99
LEFT_ANKLE,14,583.83,565.65
LEFT_ANKLE,15,605.22,579.92
LEFT_ANKLE,16,626.88,576.08
LEFT_ANKLE,17,648.06,576.03
LEFT_ANKLE,18,663.36,573.61
LEFT_ANKLE,19,418.39,419.29
LEFT_ANKLE,20,419.10,419.01
LEFT_ANKLE,21,659.60,581.83
LEFT_ANKLE,22,644.38,564.02
LEFT_ANKLE,23,623.57,572.00
LEFT_ANKLE,24,603.82,572.26
LEFT_ANKLE,25,586.44,573.35
LEFT_ANKLE,26,584.93,572.21
LEFT_ANKLE,27,576.11,580.08
LEFT_ANKLE,28,579.40,586.91
LEFT_ANKLE,29,761.08,426.57
LEFT_ANKLE,30,602.32,587.12
LEFT_ANKLE,31,626.80,587.16
LEFT_ANKLE,32,626.87,587.56
LEFT_ANKLE,33,646.06,580.44
LEFT_ANKLE,34,655.55,582.00
LEFT_ANKLE,35,642.88,580.05
LEFT_ANKLE,36,626.04,579.56
LEFT_ANKLE,37,603.76,584.00
LEFT_ANKLE,38,604.66,582.16
LEFT_ANKLE,39,580.63,578.06
LEFT_ANKLE,40,540.15,454.37
LEFT_ANKLE,41,573.74,549.51
LEFT_ANKLE,42,678.46,460.80
LEFT_ANKLE,43,683.85,462.43
LEFT_ANKLE,44,739.03,444.64
LEFT_ANKLE,45,731.59,436.69
LEFT_ANKLE,46,648.72,586.28
LEFT_ANKLE,47,656.39,583.04
LEFT_ANKLE,48,645.94,577.14
LEFT_ANKLE,49,645.51,575.67
LEFT_ANKLE,50,629.91,575.17
LEFT_ANKLE,51,602.10,584.52
LEFT_ANKLE,52,581.54,575.32
LEFT_ANKLE,53,603.25,456.41
LEFT_ANKLE,54,677.01,423.35
LEFT_ANKLE,55,677.02,425.04
LEFT_ANKLE,56,582.06,593.82
LEFT_ANKLE,57,605.33,596.66
LEFT_ANKLE,58,625.23,592.93
LEFT_ANKLE,59,640.84,589.28
LEFT_ANKLE,60,645.57,589.21
LEFT_ANKLE,61,645.12,588.49
LEFT_ANKLE,62,632.02,595.24
LEFT_ANKLE,63,615.03,577.03
LEFT_ANKLE,64,595.09,583.65
LEFT_ANKLE,65,580.50,586.45
LEFT_ANKLE,66,567.93,587.58
LEFT_ANKLE,67,565.09,586.70
LEFT_ANKLE,68,576.33,573.08
LEFT_ANKLE,69,589.01,595.51
LEFT_ANKLE,70,705.58,251.68
LEFT_ANKLE,71,725.95,220.03
LEFT_ANKLE,72,731.13,244.51
LEFT_ANKLE,73,717.40,224.22
LEFT_ANKLE,74,637.63,176.78
LEFT_ANKLE,75,666.33,594.10
LEFT_ANKLE,76,654.63,583.86
LEFT_ANKLE,77,633.20,587.92
LEFT_ANKLE,78,633.20,588.05
LEFT_ANKLE,79,608.74,591.85
LEFT_ANKLE,80,561.09,548.50
LEFT_ANKLE,83,588.42,622.00
LEFT_ANKLE,84,586.70,619.46
LEFT_ANKLE,85,604.18,612.43
LEFT_ANKLE,86,627.74,615.86
LEFT_ANKLE,87,741.89,267.34
LEFT_ANKLE,89,663.75,448.65
LEFT_ANKLE,90,659.63,495.66
LEFT_ANKLE,91,650.89,608.59
LEFT_ANKLE,92,620.73,188.05
LEFT_ANKLE,93,630.97,599.79
LEFT_ANKLE,94,616.08,601.81
LEFT_ANKLE,95,601.95,605.23
LEFT_ANKLE,96,602.89,602.50
LEFT_ANKLE,97,596.05,608.60
LEFT_ANKLE,98,546.91,188.25
LEFT_ANKLE,99,562.69,160.16
LEFT_ANKLE,103,641.17,603.60
LEFT_ANKLE,104,658.09,614.78
LEFT_ANKLE,105,674.24,619.88
LEFT_ANKLE,106,765.04,183.26
LEFT_ANKLE,107,699.10,618.78
LEFT_ANKLE,108,699.59,618.71
LEFT_ANKLE,109,738.85,144.65
LEFT_ANKLE,111,700.90,546.06
LEFT_ANKLE,112,685.72,494.82
LEFT_ANKLE,113,672.41,218.38
LEFT_ANKLE,114,659.15,172.89
LEFT_ANKLE,115,623.11,163.03
LEFT_ANKLE,116,658.85,617.40
LEFT_ANKLE,117,600.25,296.08
LEFT_ANKLE,118,639.90,620.68
LEFT_ANKLE,119,639.81,621.35
LEFT_ANKLE,120,579.65,348.99
LEFT_ANKLE,121,585.52,196.38
LEFT_ANKLE,122,632.43,623.06
LEFT_ANKLE,125,639.58,584.42
LEFT_ANKLE,127,663.62,631.50
LEFT_ANKLE,128,675.24,621.38
LEFT_ANKLE,129,687.47,625.62
LEFT_ANKLE,130,702.39,629.12
LEFT_ANKLE,131,701.63,629.39
LEFT_ANKLE,132,782.89,179.36
LEFT_ANKLE,133,759.67,509.32
LEFT_ANKLE,134,758.16,256.01
LEFT_ANKLE,135,722.40,226.47
LEFT_ANKLE,136,705.78,562.40
LEFT_ANKLE,137,734.54,626.92
LEFT_ANKLE,138,731.32,616.09
LEFT_ANKLE,140,713.26,617.52
LEFT_ANKLE,141,698.70,625.32
LEFT_ANKLE,142,683.43,622.11
LEFT_ANKLE,143,683.18,622.33
LEFT_ANKLE,144,670.46,621.74
LEFT_ANKLE,145,656.36,618.62
LEFT_ANKLE,146,587.96,463.95
LEFT_ANKLE,147,627.96,500.19
LEFT_ANKLE,148,664.19,632.81
LEFT_ANKLE,149,666.45,627.79
LEFT_ANKLE,150,678.49,637.95
LEFT_ANKLE,151,687.38,631.14
LEFT_ANKLE,152,699.38,628.18
LEFT_ANKLE,153,715.42,632.05
LEFT_ANKLE,154,716.46,631.32
LEFT_ANKLE,155,732.76,617.92
LEFT_ANKLE,156,760.66,614.68
LEFT_ANKLE,157,772.95,624.05
LEFT_ANKLE,158,772.18,619.07
LEFT_ANKLE,159,769.25,620.92
LEFT_ANKLE,160,769.49,619.79
LEFT_ANKLE,161,764.78,593.63
LEFT_ANKLE,162,754.37,599.60
LEFT_ANKLE,163,741.58,603.37
LEFT_ANKLE,164,721.14,601.12
LEFT_ANKLE,165,690.01,608.41
LEFT_ANKLE,166,689.53,606.80
LEFT_ANKLE,167,652.95,598.67
LEFT_ANKLE,168,635.03,597.60
LEFT_ANKLE,169,587.97,608.93
LEFT_ANKLE,170,557.88,613.91
LEFT_ANKLE,171,539.79,619.39
LEFT_ANKLE,172,539.95,619.51
LEFT_ANKLE,173,533.26,620.65
LEFT_ANKLE,174,536.54,625.56
LEFT_ANKLE,175,556.18,631.26
LEFT_ANKLE,176,593.17,635.72
LEFT_ANKLE,177,637.45,635.68
LEFT_ANKLE,178,637.61,635.71
LEFT_ANKLE,179,700.32,625.57
LEFT_ANKLE,180,736.19,617.54
LEFT_ANKLE,181,735.82,605.26
LEFT_ANKLE,182,743.74,607.73
LEFT_ANKLE,183,838.03,615.58
RIGHT_ANKLE,0,635.19,531.55
RIGHT_ANKLE,1,626.64,570.13
RIGHT_ANKLE,2,624.52,572.33
RIGHT_ANKLE,3,640.96,572.16
RIGHT_ANKLE,4,455.85,498.49
RIGHT_ANKLE,5,456.36,497.12
RIGHT_ANKLE,6,510.18,492.27
RIGHT_ANKLE,7,583.91,472.86
RIGHT_ANKLE,8,583.55,473.51
RIGHT_ANKLE,9,612.37,569.79
RIGHT_ANKLE,10,757.93,464.51
RIGHT_ANKLE,11,578.47,569.60
RIGHT_ANKLE,12,574.15,577.48
RIGHT_ANKLE,13,741.60,412.26
RIGHT_ANKLE,14,749.46,413.31
RIGHT_ANKLE,15,669.27,387.04
RIGHT_ANKLE,16,574.38,420.30
RIGHT_ANKLE,17,523.08,409.26
RIGHT_ANKLE,18,467.39,409.65
RIGHT_ANKLE,19,667.47,575.72
RIGHT_ANKLE,20,667.70,577.14
RIGHT_ANKLE,21,400.89,431.63
RIGHT_ANKLE,22,431.55,416.00
RIGHT_ANKLE,23,465.28,428.28
RIGHT_ANKLE,24,535.89,421.20
RIGHT_ANKLE,25,569.61,432.10
RIGHT_ANKLE,26,565.43,431.85
RIGHT_ANKLE,27,638.06,441.36
RIGHT_ANKLE,28,714.37,426.85
RIGHT_ANKLE,29,585.85,579.81
RIGHT_ANKLE,30,783.82,423.39
RIGHT_ANKLE,31,745.84,415.13
RIGHT_ANKLE,32,746.16,415.06
RIGHT_ANKLE,33,702.94,454.79
RIGHT_ANKLE,34,625.27,403.29
RIGHT_ANKLE,35,571.36,421.21
RIGHT_ANKLE,36,505.25,443.16
RIGHT_ANKLE,37,457.81,437.86
RIGHT_ANKLE,38,454.88,435.00
RIGHT_ANKLE,39,477.29,446.16
RIGHT_ANKLE,40,568.19,577.39
RIGHT_ANKLE,41,587.85,516.49
RIGHT_ANKLE,42,582.67,570.33
RIGHT_ANKLE,43,583.48,571.06
RIGHT_ANKLE,44,601.25,584.07
RIGHT_ANKLE,45,627.46,587.91
RIGHT_ANKLE,46,679.13,472.29
RIGHT_ANKLE,47,616.09,482.99
RIGHT_ANKLE,48,541.91,474.35
RIGHT_ANKLE,49,540.72,478.53
RIGHT_ANKLE,50,493.94,452.75
RIGHT_ANKLE,51,497.03,452.07
RIGHT_ANKLE,52,554.12,510.84
RIGHT_ANKLE,53,563.04,587.96
RIGHT_ANKLE,54,568.36,588.99
RIGHT_ANKLE,55,568.25,590.30
RIGHT_ANKLE,56,734.67,380.67
RIGHT_ANKLE,57,762.43,356.04
RIGHT_ANKLE,58,719.62,347.08
RIGHT_ANKLE,59,698.02,291.33
RIGHT_ANKLE,60,593.18,350.78
RIGHT_ANKLE,61,593.97,342.44
RIGHT_ANKLE,62,552.53,322.90
RIGHT_ANKLE,63,505.63,254.57
RIGHT_ANKLE,64,488.63,241.45
RIGHT_ANKLE,65,487.74,228.38
RIGHT_ANKLE,66,564.44,253.73
RIGHT_ANKLE,67,570.75,504.52
RIGHT_ANKLE,68,542.24,169.97
RIGHT_ANKLE,69,644.99,252.80
RIGHT_ANKLE,70,599.41,588.86
RIGHT_ANKLE,71,622.07,602.04
RIGHT_ANKLE,72,644.85,595.98
RIGHT_ANKLE,73,643.80,596.49
RIGHT_ANKLE,74,661.21,600.68
RIGHT_ANKLE,75,631.81,395.33
RIGHT_ANKLE,76,593.02,317.76
RIGHT_ANKLE,77,519.45,218.03
RIGHT_ANKLE,78,519.23,218.52
RIGHT_ANKLE,79,499.87,220.28
RIGHT_ANKLE,80,583.75,508.34
RIGHT_ANKLE,83,691.13,232.71
RIGHT_ANKLE,84,686.27,231.50
RIGHT_ANKLE,85,724.15,217.85
RIGHT_ANKLE,86,750.31,207.05
RIGHT_ANKLE,87,658.89,507.47
RIGHT_ANKLE,89,655.95,601.50
RIGHT_ANKLE,90,656.27,601.79
RIGHT_ANKLE,91,668.96,186.34
RIGHT_ANKLE,92,648.63,602.08
RIGHT_ANKLE,93,573.42,186.73
RIGHT_ANKLE,94,553.38,146.55
RIGHT_ANKLE,95,540.82,151.24
RIGHT_ANKLE,96,544.54,191.29
RIGHT_ANKLE,97,526.50,130.81
RIGHT_ANKLE,98,599.54,614.64
RIGHT_ANKLE,99,606.36,615.68
RIGHT_ANKLE,103,663.35,165.45
RIGHT_ANKLE,104,693.62,149.41
RIGHT_ANKLE,105,719.11,139.56
RIGHT_ANKLE,106,686.58,621.72
RIGHT_ANKLE,107,739.10,142.18
RIGHT_ANKLE,108,742.08,143.00
RIGHT_ANKLE,109,705.46,616.40
RIGHT_ANKLE,111,741.40,208.38
RIGHT_ANKLE,112,703.73,255.64
RIGHT_ANKLE,113,677.87,575.79
RIGHT_ANKLE,114,683.62,605.92
RIGHT_ANKLE,115,670.13,618.23
RIGHT_ANKLE,116,593.89,157.02
RIGHT_ANKLE,117,648.05,615.21
RIGHT_ANKLE,118,575.39,154.46
RIGHT_ANKLE,119,569.64,152.78
RIGHT_ANKLE,120,631.06,467.40
RIGHT_ANKLE,121,630.45,620.79
RIGHT_ANKLE,122,599.29,143.49
RIGHT_ANKLE,125,686.22,253.34
RIGHT_ANKLE,127,710.97,161.91
RIGHT_ANKLE,128,755.27,174.07
RIGHT_ANKLE,129,764.88,166.82
RIGHT_ANKLE,130,775.36,165.04
RIGHT_ANKLE,131,778.71,168.67
RIGHT_ANKLE,132,713.15,629.72
RIGHT_ANKLE,133,731.89,467.80
RIGHT_ANKLE,134,727.10,570.59
RIGHT_ANKLE,135,736.83,622.30
RIGHT_ANKLE,136,730.89,525.42
RIGHT_ANKLE,137,650.65,241.10
RIGHT_ANKLE,138,623.67,238.73
RIGHT_ANKLE,140,585.06,297.01
RIGHT_ANKLE,141,553.00,306.19
RIGHT_ANKLE,142,549.28,309.83
RIGHT_ANKLE,143,549.72,315.56
RIGHT_ANKLE,144,552.35,328.87
RIGHT_ANKLE,145,547.34,368.53
RIGHT_ANKLE,146,652.00,611.98
RIGHT_ANKLE,147,653.99,620.32
RIGHT_ANKLE,148,673.77,488.86
RIGHT_ANKLE,149,671.68,488.97
RIGHT_ANKLE,150,723.53,519.59
RIGHT_ANKLE,151,768.81,531.73
RIGHT_ANKLE,152,790.25,537.91
RIGHT_ANKLE,153,806.46,550.57
RIGHT_ANKLE,154,805.53,549.56
RIGHT_ANKLE,155,792.65,529.78
RIGHT_ANKLE,156,751.45,510.85
RIGHT_ANKLE,157,725.16,513.33
RIGHT_ANKLE,158,702.80,516.14
RIGHT_ANKLE,159,676.55,526.84
RIGHT_ANKLE,160,676.12,526.88
RIGHT_ANKLE,161,653.24,535.57
RIGHT_ANKLE,162,638.39,544.97
RIGHT_ANKLE,163,626.05,570.25
RIGHT_ANKLE,164,628.73,580.44
RIGHT_ANKLE,165,636.74,582.50
RIGHT_ANKLE,166,636.08,582.03
RIGHT_ANKLE,167,645.74,599.97
RIGHT_ANKLE,168,639.36,600.37
RIGHT_ANKLE,169,668.66,608.16
RIGHT_ANKLE,170,684.19,606.32
RIGHT_ANKLE,171,693.79,609.72
RIGHT_ANKLE,172,694.15,609.23
RIGHT_ANKLE,173,699.13,612.33
RIGHT_ANKLE,174,699.67,616.12
RIGHT_ANKLE,175,702.41,608.03
RIGHT_ANKLE,176,704.34,609.52
RIGHT_ANKLE,177,707.90,612.70
RIGHT_ANKLE,178,707.98,612.85
RIGHT_ANKLE,179,700.04,622.41
RIGHT_ANKLE,180,730.98,611.73
RIGHT_ANKLE,181,777.75,618.09
RIGHT_ANKLE,182,767.39,612.38
RIGHT_ANKLE,183,739.11,602.37
LEFT_HEEL,0,617.12,601.77
LEFT_HEEL,1,637.43,601.11
LEFT_HEEL,2,635.96,595.48
LEFT_HEEL,3,658.87,596.44
LEFT_HEEL,4,673.17,585.38
LEFT_HEEL,5,672.72,577.68
LEFT_HEEL,6,647.77,585.24
LEFT_HEEL,7,628.74,570.15
LEFT_HEEL,8,628.31,570.49
LEFT_HEEL,9,630.16,491.61
LEFT_HEEL,10,582.06,586.76
LEFT_HEEL,11,811.32,453.95
LEFT_HEEL,12,806.42,443.61
LEFT_HEEL,13,579.46,590.33
LEFT_HEEL,14,579.93,580.89
LEFT_HEEL,15,614.31,597.75
LEFT_HEEL,16,641.31,592.57
LEFT_HEEL,17,666.47,595.53
LEFT_HEEL,18,681.37,592.99
LEFT_HEEL,19,409.40,442.28
LEFT_HEEL,20,409.81,442.33
LEFT_HEEL,21,658.59,595.69
LEFT_HEEL,22,637.07,573.00
LEFT_HEEL,23,612.77,588.52
LEFT_HEEL,24,587.59,592.99
LEFT_HEEL,25,570.03,594.10
LEFT_HEEL,26,567.26,594.68
LEFT_HEEL,27,562.91,602.02
LEFT_HEEL,28,573.55,606.10
LEFT_HEEL,29,759.27,429.77
LEFT_HEEL,30,611.64,603.92
LEFT_HEEL,31,639.82,606.22
LEFT_HEEL,32,640.15,606.75
LEFT_HEEL,33,666.59,587.96
LEFT_HEEL,34,672.46,602.26
LEFT_HEEL,35,648.61,594.31
LEFT_HEEL,36,619.61,589.65
LEFT_HEEL,37,589.52,600.06
LEFT_HEEL,38,590.40,598.37
LEFT_HEEL,39,563.91,597.80
LEFT_HEEL,40,522.51,469.76
LEFT_HEEL,41,560.74,557.28
LEFT_HEEL,42,676.96,464.64
LEFT_HEEL,43,684.54,468.49
LEFT_HEEL,44,741.50,437.90
LEFT_HEEL,45,746.07,429.61
LEFT_HEEL,46,667.46,603.17
LEFT_HEEL,47,672.81,602.04
LEFT_HEEL,48,652.59,587.47
LEFT_HEEL,49,652.25,586.18
LEFT_HEEL,50,621.38,588.34
LEFT_HEEL,51,584.96,604.56
LEFT_HEEL,52,563.17,593.57
LEFT_HEEL,53,595.68,454.80
LEFT_HEEL,54,679.79,434.26
LEFT_HEEL,55,679.86,434.25
LEFT_HEEL,56,584.47,615.45
LEFT_HEEL,57,618.59,617.73
LEFT_HEEL,58,642.85,613.93
LEFT_HEEL,59,661.54,611.75
LEFT_HEEL,60,663.22,610.75
LEFT_HEEL,61,664.18,611.26
LEFT_HEEL,62,636.59,613.23
LEFT_HEEL,63,606.72,588.66
LEFT_HEEL,64,580.97,600.28
LEFT_HEEL,65,562.36,606.29
LEFT_HEEL,66,553.13,608.70
LEFT_HEEL,67,552.57,608.44
LEFT_HEEL,68,567.69,594.21
LEFT_HEEL,69,591.72,614.53
LEFT_HEEL,70,695.73,242.54
LEFT_HEEL,71,713.76,213.57
LEFT_HEEL,72,701.96,221.42
LEFT_HEEL,73,702.50,219.55
LEFT_HEEL,74,635.05,174.44
LEFT_HEEL,75,675.04,608.67
LEFT_HEEL,76,649.87,600.67
LEFT_HEEL,77,623.08,602.43
LEFT_HEEL,78,623.17,602.43
LEFT_HEEL,79,593.59,615.64
LEFT_HEEL,80,556.25,566.08
LEFT_HEEL,83,590.68,637.48
LEFT_HEEL,84,586.60,636.03
LEFT_HEEL,85,611.85,633.83
LEFT_HEEL,86,643.25,639.06
LEFT_HEEL,87,741.79,261.98
LEFT_HEEL,89,666.29,470.79
LEFT_HEEL,90,661.46,519.77
LEFT_HEEL,91,651.70,627.61
LEFT_HEEL,92,628.02,184.83
LEFT_HEEL,93,623.52,612.87
LEFT_HEEL,94,604.81,622.83
LEFT_HEEL,95,591.87,625.68
LEFT_HEEL,96,593.54,623.18
LEFT_HEEL,97,582.66,630.21
LEFT_HEEL,98,551.37,183.48
LEFT_HEEL,99,565.98,154.70
LEFT_HEEL,103,663.22,606.72
LEFT_HEEL,104,663.84,628.01
LEFT_HEEL,105,684.90,635.94
LEFT_HEEL,106,759.05,183.04
LEFT_HEEL,107,712.57,641.81
LEFT_HEEL,108,713.90,640.17
LEFT_HEEL,109,734.30,163.93
LEFT_HEEL,111,699.52,563.61
LEFT_HEEL,112,682.04,514.45
LEFT_HEEL,113,671.84,221.39
LEFT_HEEL,114,654.87,158.80
LEFT_HEEL,115,624.18,148.27
LEFT_HEEL,116,647.29,636.18
LEFT_HEEL,117,604.86,301.20
LEFT_HEEL,118,624.40,639.77
LEFT_HEEL,119,625.87,638.77
LEFT_HEEL,120,587.77,351.82
LEFT_HEEL,121,596.05,192.71
LEFT_HEEL,122,623.53,643.92
LEFT_HEEL,125,645.16,604.42
LEFT_HEEL,127,665.03,644.59
LEFT_HEEL,128,681.70,641.34
LEFT_HEEL,129,696.44,647.17
LEFT_HEEL,130,716.63,651.54
LEFT_HEEL,131,715.68,652.57
LEFT_HEEL,132,770.47,180.17
LEFT_HEEL,133,759.61,526.18
LEFT_HEEL,134,751.11,250.43
LEFT_HEEL,135,717.84,210.33
LEFT_HEEL,136,714.39,583.37
LEFT_HEEL,137,742.88,646.37
LEFT_HEEL,138,729.83,634.11
LEFT_HEEL,140,706.86,627.72
LEFT_HEEL,141,686.52,641.26
LEFT_HEEL,142,669.31,641.44
LEFT_HEEL,143,669.50,639.97
LEFT_HEEL,144,654.79,642.45
LEFT_HEEL,145,635.66,631.41
LEFT_HEEL,146,579.35,457.18
LEFT_HEEL,147,611.39,493.66
LEFT_HEEL,148,654.20,650.97
LEFT_HEEL,149,657.72,645.93
LEFT_HEEL,150,673.18,643.08
LEFT_HEEL,151,687.45,647.85
LEFT_HEEL,152,708.30,649.81
LEFT_HEEL,153,730.55,647.84
LEFT_HEEL,154,731.62,646.66
LEFT_HEEL,155,749.13,639.59
LEFT_HEEL,156,778.78,634.84
LEFT_HEEL,157,791.30,646.24
LEFT_HEEL,158,784.38,630.83
LEFT_HEEL,159,774.48,633.00
LEFT_HEEL,160,774.93,631.68
LEFT_HEEL,161,765.57,602.71
LEFT_HEEL,162,750.38,608.48
LEFT_HEEL,163,733.97,614.41
LEFT_HEEL,164,709.46,614.42
LEFT_HEEL,165,676.02,628.18
LEFT_HEEL,166,675.56,624.50
LEFT_HEEL,167,634.95,615.55
LEFT_HEEL,168,610.38,613.14
LEFT_HEEL,169,570.54,627.95
LEFT_HEEL,170,538.36,635.53
LEFT_HEEL,171,531.67,633.59
LEFT_HEEL,172,531.75,633.39
LEFT_HEEL,173,526.21,641.94
LEFT_HEEL,174,535.10,642.96
LEFT_HEEL,175,558.87,648.48
LEFT_HEEL,176,601.37,657.25
LEFT_HEEL,177,646.59,658.10
LEFT_HEEL,178,646.72,658.26
LEFT_HEEL,179,711.70,644.38
LEFT_HEEL,180,754.47,635.26
LEFT_HEEL,181,755.79,618.54
LEFT_HEEL,182,768.95,622.19
LEFT_HEEL,183,850.03,634.49
RIGHT_HEEL,0,638.39,543.40
RIGHT_HEEL,1,636.86,586.69
RIGHT_HEEL,2,635.62,588.44
RIGHT_HEEL,3,658.88,589.59
RIGHT_HEEL,4,443.21,516.95
RIGHT_HEEL,5,442.88,518.68
RIGHT_HEEL,6,503.63,513.20
RIGHT_HEEL,7,586.30,464.40
RIGHT_HEEL,8,585.67,471.11
RIGHT_HEEL,9,600.47,587.48
RIGHT_HEEL,10,749.29,509.41
RIGHT_HEEL,11,560.09,588.71
RIGHT_HEEL,12,562.09,596.60
RIGHT_HEEL,13,750.41,421.17
RIGHT_HEEL,14,761.19,423.74
RIGHT_HEEL,15,675.75,396.01
RIGHT_HEEL,16,579.58,439.06
RIGHT_HEEL,17,521.35,421.96
RIGHT_HEEL,18,462.21,428.28
RIGHT_HEEL,19,680.89,592.41
RIGHT_HEEL,20,680.72,593.81
RIGHT_HEEL,21,428.96,478.81
RIGHT_HEEL,22,422.70,431.55
RIGHT_HEEL,23,462.28,433.58
RIGHT_HEEL,24,524.74,425.68
RIGHT_HEEL,25,550.75,454.42
RIGHT_HEEL,26,546.52,433.64
RIGHT_HEEL,27,619.37,448.85
RIGHT_HEEL,28,714.14,444.03
RIGHT_HEEL,29,587.71,596.04
RIGHT_HEEL,30,796.21,415.06
RIGHT_HEEL,31,756.12,414.09
RIGHT_HEEL,32,756.54,414.02
RIGHT_HEEL,33,722.83,455.84
RIGHT_HEEL,34,642.27,400.33
RIGHT_HEEL,35,587.33,415.06
RIGHT_HEEL,36,508.02,454.74
RIGHT_HEEL,37,449.32,428.04
RIGHT_HEEL,38,446.04,428.91
RIGHT_HEEL,39,470.50,459.87
RIGHT_HEEL,40,549.70,593.33
RIGHT_HEEL,41,567.51,525.29
RIGHT_HEEL,42,582.31,584.10
RIGHT_HEEL,43,582.96,583.93
RIGHT_HEEL,44,610.70,601.46
RIGHT_HEEL,45,643.44,600.25
RIGHT_HEEL,46,699.08,469.75
RIGHT_HEEL,47,632.78,487.64
RIGHT_HEEL,48,543.28,471.48
RIGHT_HEEL,49,538.75,474.90
RIGHT_HEEL,50,488.94,448.66
RIGHT_HEEL,51,491.21,443.94
RIGHT_HEEL,52,532.70,514.23
RIGHT_HEEL,53,547.37,605.34
RIGHT_HEEL,54,557.47,606.27
RIGHT_HEEL,55,557.19,607.32
RIGHT_HEEL,56,738.77,375.01
RIGHT_HEEL,57,765.54,360.57
RIGHT_HEEL,58,717.74,335.57
RIGHT_HEEL,59,706.88,306.06
RIGHT_HEEL,60,605.87,354.40
RIGHT_HEEL,61,606.60,345.56
RIGHT_HEEL,62,562.40,320.43
RIGHT_HEEL,63,515.38,250.07
RIGHT_HEEL,64,497.03,229.99
RIGHT_HEEL,65,503.47,220.44
RIGHT_HEEL,66,567.35,256.74
RIGHT_HEEL,67,558.17,517.85
RIGHT_HEEL,68,535.88,175.24
RIGHT_HEEL,69,636.94,254.45
RIGHT_HEEL,70,604.16,614.68
RIGHT_HEEL,71,634.74,624.80
RIGHT_HEEL,72,663.19,617.21
RIGHT_HEEL,73,662.42,618.44
RIGHT_HEEL,74,678.92,621.60
RIGHT_HEEL,75,638.44,402.92
RIGHT_HEEL,76,600.75,313.93
RIGHT_HEEL,77,533.76,209.22
RIGHT_HEEL,78,533.54,209.65
RIGHT_HEEL,79,514.22,216.39
RIGHT_HEEL,80,579.40,520.24
RIGHT_HEEL,83,680.90,231.87
RIGHT_HEEL,84,685.99,250.91
RIGHT_HEEL,85,713.48,224.18
RIGHT_HEEL,86,746.76,229.60
RIGHT_HEEL,87,666.34,527.22
RIGHT_HEEL,89,662.96,620.02
RIGHT_HEEL,90,663.53,620.22
RIGHT_HEEL,91,677.11,196.55
RIGHT_HEEL,92,647.42,617.62
RIGHT_HEEL,93,579.80,189.50
RIGHT_HEEL,94,557.98,146.18
RIGHT_HEEL,95,546.61,176.01
RIGHT_HEEL,96,545.87,190.10
RIGHT_HEEL,97,515.87,144.37
RIGHT_HEEL,98,585.10,634.44
RIGHT_HEEL,99,599.15,635.13
RIGHT_HEEL,103,663.40,194.13
RIGHT_HEEL,104,690.07,182.22
RIGHT_HEEL,105,718.27,169.56
RIGHT_HEEL,106,701.14,647.61
RIGHT_HEEL,107,725.97,141.00
RIGHT_HEEL,108,727.87,142.00
RIGHT_HEEL,109,719.49,639.34
RIGHT_HEEL,111,753.99,224.00
RIGHT_HEEL,112,706.17,270.92
RIGHT_HEEL,113,685.84,620.18
RIGHT_HEEL,114,680.48,626.88
RIGHT_HEEL,115,664.87,632.04
RIGHT_HEEL,116,593.94,159.85
RIGHT_HEEL,117,632.61,634.95
RIGHT_HEEL,118,577.58,154.67
RIGHT_HEEL,119,572.41,151.58
RIGHT_HEEL,120,633.30,477.74
RIGHT_HEEL,121,619.25,640.38
RIGHT_HEEL,122,603.70,143.39
RIGHT_HEEL,125,689.89,263.35
RIGHT_HEEL,127,710.63,194.08
RIGHT_HEEL,128,753.67,205.55
RIGHT_HEEL,129,763.18,203.41
RIGHT_HEEL,130,761.97,158.31
RIGHT_HEEL,131,764.46,163.77
RIGHT_HEEL,132,728.48,653.30
RIGHT_HEEL,133,739.69,483.18
RIGHT_HEEL,134,736.72,596.94
RIGHT_HEEL,135,749.39,645.49
RIGHT_HEEL,136,740.48,540.72
RIGHT_HEEL,137,638.82,233.68
RIGHT_HEEL,138,624.83,241.80
RIGHT_HEEL,140,591.50,291.18
RIGHT_HEEL,141,567.71,296.05
RIGHT_HEEL,142,558.19,302.06
RIGHT_HEEL,143,558.61,302.85
RIGHT_HEEL,144,557.63,312.73
RIGHT_HEEL,145,545.06,378.75
RIGHT_HEEL,146,636.17,632.86
RIGHT_HEEL,147,643.66,632.10
RIGHT_HEEL,148,657.50,487.25
RIGHT_HEEL,149,652.93,487.65
RIGHT_HEEL,150,700.37,529.06
RIGHT_HEEL,151,751.64,540.88
RIGHT_HEEL,152,779.52,548.31
RIGHT_HEEL,153,815.74,570.90
RIGHT_HEEL,154,815.18,569.85
RIGHT_HEEL,155,805.11,536.05
RIGHT_HEEL,156,778.07,520.45
RIGHT_HEEL,157,747.63,520.19
RIGHT_HEEL,158,725.98,523.21
RIGHT_HEEL,159,696.45,532.97
RIGHT_HEEL,160,696.17,532.90
RIGHT_HEEL,161,669.98,543.54
RIGHT_HEEL,162,653.22,553.04
RIGHT_HEEL,163,629.71,581.19
RIGHT_HEEL,164,622.43,587.97
RIGHT_HEEL,165,623.40,588.56
RIGHT_HEEL,166,623.26,587.72
RIGHT_HEEL,167,626.87,616.04
RIGHT_HEEL,168,613.17,617.62
RIGHT_HEEL,169,643.46,626.78
RIGHT_HEEL,170,659.67,626.14
RIGHT_HEEL,171,673.91,628.32
RIGHT_HEEL,172,674.13,627.52
RIGHT_HEEL,173,681.19,628.10
RIGHT_HEEL,174,684.59,630.89
RIGHT_HEEL,175,688.65,620.44
RIGHT_HEEL,176,697.24,619.62
RIGHT_HEEL,177,707.43,635.75
RIGHT_HEEL,178,707.50,636.05
RIGHT_HEEL,179,712.23,640.63
RIGHT_HEEL,180,742.68,623.68
RIGHT_HEEL,181,796.21,638.04
RIGHT_HEEL,182,800.42,645.22
RIGHT_HEEL,183,762.75,617.14
LEFT_FOOT_INDEX,0,593.46,590.38
LEFT_FOOT_INDEX,1,596.77,597.19
LEFT_FOOT_INDEX,2,598.95,597.02
LEFT_FOOT_INDEX,3,601.84,601.91
LEFT_FOOT_INDEX,4,614.96,600.48
LEFT_FOOT_INDEX,5,626.99,602.44
LEFT_FOOT_INDEX,6,635.74,601.09
LEFT_FOOT_INDEX,7,637.52,600.62
LEFT_FOOT_INDEX,8,637.51,601.29
LEFT_FOOT_INDEX,9,650.17,510.85
LEFT_FOOT_INDEX,10,630.79,597.50
LEFT_FOOT_INDEX,11,838.78,407.23
LEFT_FOOT_INDEX,12,832.62,397.27
LEFT_FOOT_INDEX,13,590.09,594.15
LEFT_FOOT_INDEX,14,589.12,592.60
LEFT_FOOT_INDEX,15,580.38,594.54
LEFT_FOOT_INDEX,16,591.94,601.25
LEFT_FOOT_INDEX,17,604.25,605.41
LEFT_FOOT_INDEX,18,619.16,605.27
LEFT_FOOT_INDEX,19,374.73,397.38
LEFT_FOOT_INDEX,20,374.50,398.53
LEFT_FOOT_INDEX,21,639.59,603.44
LEFT_FOOT_INDEX,22,647.66,603.63
LEFT_FOOT_INDEX,23,647.93,604.96
LEFT_FOOT_INDEX,24,642.13,603.12
LEFT_FOOT_INDEX,25,617.43,602.13
LEFT_FOOT_INDEX,26,618.97,602.10
LEFT_FOOT_INDEX,27,614.11,602.07
LEFT_FOOT_INDEX,28,590.95,605.45
LEFT_FOOT_INDEX,29,807.46,447.60
LEFT_FOOT_INDEX,30,580.98,612.90
LEFT_FOOT_INDEX,31,593.90,611.70
LEFT_FOOT_INDEX,32,593.92,611.70
LEFT_FOOT_INDEX,33,604.49,609.05
LEFT_FOOT_INDEX,34,613.96,612.44
LEFT_FOOT_INDEX,35,625.18,614.41
LEFT_FOOT_INDEX,36,631.01,616.76
LEFT_FOOT_INDEX,37,628.22,615.51
LEFT_FOOT_INDEX,38,623.97,617.39
LEFT_FOOT_INDEX,39,618.05,612.18
LEFT_FOOT_INDEX,40,517.29,490.36
LEFT_FOOT_INDEX,41,592.65,587.02
LEFT_FOOT_INDEX,42,720.07,466.37
LEFT_FOOT_INDEX,43,718.40,458.92
LEFT_FOOT_INDEX,44,771.91,470.54
LEFT_FOOT_INDEX,45,751.49,470.50
LEFT_FOOT_INDEX,46,601.94,615.44
LEFT_FOOT_INDEX,47,619.74,618.25
LEFT_FOOT_INDEX,48,632.16,619.91
LEFT_FOOT_INDEX,49,634.88,620.05
LEFT_FOOT_INDEX,50,637.49,616.83
LEFT_FOOT_INDEX,51,633.18,614.50
LEFT_FOOT_INDEX,52,581.28,584.82
LEFT_FOOT_INDEX,53,600.05,464.60
LEFT_FOOT_INDEX,54,702.55,419.78
LEFT_FOOT_INDEX,55,702.46,420.18
LEFT_FOOT_INDEX,56,571.22,615.12
LEFT_FOOT_INDEX,57,578.78,618.75
LEFT_FOOT_INDEX,58,581.29,620.27
LEFT_FOOT_INDEX,59,595.32,621.02
LEFT_FOOT_INDEX,60,608.20,623.15
LEFT_FOOT_INDEX,61,607.62,623.00
LEFT_FOOT_INDEX,62,609.19,624.83
LEFT_FOOT_INDEX,63,618.13,624.76
LEFT_FOOT_INDEX,64,619.49,625.94
LEFT_FOOT_INDEX,65,618.46,624.30
LEFT_FOOT_INDEX,66,611.96,620.73
LEFT_FOOT_INDEX,67,575.69,598.92
LEFT_FOOT_INDEX,68,590.50,595.45
LEFT_FOOT_INDEX,69,583.62,620.75
LEFT_FOOT_INDEX,70,705.11,202.38
LEFT_FOOT_INDEX,71,744.60,180.20
LEFT_FOOT_INDEX,72,734.36,182.64
LEFT_FOOT_INDEX,73,723.80,183.18
LEFT_FOOT_INDEX,74,612.38,127.32
LEFT_FOOT_INDEX,75,635.39,628.37
LEFT_FOOT_INDEX,76,643.88,624.59
LEFT_FOOT_INDEX,77,640.82,629.16
LEFT_FOOT_INDEX,78,640.65,629.19
LEFT_FOOT_INDEX,79,643.93,630.99
LEFT_FOOT_INDEX,80,576.71,569.34
LEFT_FOOT_INDEX,83,579.53,639.39
LEFT_FOOT_INDEX,84,581.36,637.83
LEFT_FOOT_INDEX,85,583.08,637.94
LEFT_FOOT_INDEX,86,588.84,640.11
LEFT_FOOT_INDEX,87,741.22,221.57
LEFT_FOOT_INDEX,89,658.23,445.24
LEFT_FOOT_INDEX,90,651.40,501.41
LEFT_FOOT_INDEX,91,639.55,635.03
LEFT_FOOT_INDEX,92,615.88,131.66
LEFT_FOOT_INDEX,93,643.68,635.28
LEFT_FOOT_INDEX,94,628.25,637.16
LEFT_FOOT_INDEX,95,591.56,623.29
LEFT_FOOT_INDEX,96,589.16,615.06
LEFT_FOOT_INDEX,97,619.73,642.77
LEFT_FOOT_INDEX,98,534.32,111.94
LEFT_FOOT_INDEX,99,546.10,97.02
LEFT_FOOT_INDEX,103,625.00,631.82
LEFT_FOOT_INDEX,104,625.97,647.25
LEFT_FOOT_INDEX,105,637.41,648.05
LEFT_FOOT_INDEX,106,748.29,100.03
LEFT_FOOT_INDEX,107,649.72,650.76
LEFT_FOOT_INDEX,108,652.55,648.96
LEFT_FOOT_INDEX,109,743.05,93.62
LEFT_FOOT_INDEX,111,685.12,579.84
LEFT_FOOT_INDEX,112,684.06,513.56
LEFT_FOOT_INDEX,113,677.88,183.68
LEFT_FOOT_INDEX,114,644.79,134.56
LEFT_FOOT_INDEX,115,628.25,96.65
LEFT_FOOT_INDEX,116,680.88,650.42
LEFT_FOOT_INDEX,117,613.40,251.08
LEFT_FOOT_INDEX,118,678.98,649.09
LEFT_FOOT_INDEX,119,682.18,648.62
LEFT_FOOT_INDEX,120,580.82,330.15
LEFT_FOOT_INDEX,121,572.98,117.60
LEFT_FOOT_INDEX,122,667.54,648.33
LEFT_FOOT_INDEX,125,624.21,618.53
LEFT_FOOT_INDEX,127,652.49,651.30
LEFT_FOOT_INDEX,128,647.16,653.53
LEFT_FOOT_INDEX,129,647.74,654.23
LEFT_FOOT_INDEX,130,658.81,661.62
LEFT_FOOT_INDEX,131,659.73,660.53
LEFT_FOOT_INDEX,132,785.93,136.54
LEFT_FOOT_INDEX,133,716.59,521.59
LEFT_FOOT_INDEX,134,747.29,207.45
LEFT_FOOT_INDEX,135,711.34,173.20
LEFT_FOOT_INDEX,136,666.69,573.68
LEFT_FOOT_INDEX,137,703.12,659.73
LEFT_FOOT_INDEX,138,719.13,649.42
LEFT_FOOT_INDEX,140,713.56,653.43
LEFT_FOOT_INDEX,141,718.76,655.70
LEFT_FOOT_INDEX,142,718.21,655.98
LEFT_FOOT_INDEX,143,718.32,656.18
LEFT_FOOT_INDEX,144,707.37,653.36
LEFT_FOOT_INDEX,145,652.05,653.95
LEFT_FOOT_INDEX,146,557.06,468.51
LEFT_FOOT_INDEX,147,601.77,525.00
LEFT_FOOT_INDEX,148,692.23,651.59
LEFT_FOOT_INDEX,149,687.06,649.60
LEFT_FOOT_INDEX,150,687.15,642.75
LEFT_FOOT_INDEX,151,687.00,642.94
LEFT_FOOT_INDEX,152,683.94,646.79
LEFT_FOOT_INDEX,153,685.02,649.39
LEFT_FOOT_INDEX,154,684.89,648.01
LEFT_FOOT_INDEX,155,694.06,650.81
LEFT_FOOT_INDEX,156,714.12,650.55
LEFT_FOOT_INDEX,157,727.86,651.56
LEFT_FOOT_INDEX,158,726.47,641.16
LEFT_FOOT_INDEX,159,750.30,645.96
LEFT_FOOT_INDEX,160,750.11,645.18
LEFT_FOOT_INDEX,161,764.70,639.68
LEFT_FOOT_INDEX,162,763.17,644.92
LEFT_FOOT_INDEX,163,757.64,643.60
LEFT_FOOT_INDEX,164,743.12,642.61
LEFT_FOOT_INDEX,165,727.80,641.32
LEFT_FOOT_INDEX,166,727.79,642.69
LEFT_FOOT_INDEX,167,692.60,633.13
LEFT_FOOT_INDEX,168,670.46,634.80
LEFT_FOOT_INDEX,169,626.76,634.98
LEFT_FOOT_INDEX,170,588.70,638.15
LEFT_FOOT_INDEX,171,555.83,637.15
LEFT_FOOT_INDEX,172,556.47,637.93
LEFT_FOOT_INDEX,173,526.50,631.56
LEFT_FOOT_INDEX,174,517.86,642.03
LEFT_FOOT_INDEX,175,528.20,650.77
LEFT_FOOT_INDEX,176,553.86,655.32
LEFT_FOOT_INDEX,177,592.52,656.52
LEFT_FOOT_INDEX,178,592.61,656.56
LEFT_FOOT_INDEX,179,653.57,660.63
LEFT_FOOT_INDEX,180,704.73,651.00
LEFT_FOOT_INDEX,181,703.55,647.27
LEFT_FOOT_INDEX,182,702.93,644.99
LEFT_FOOT_INDEX,183,819.90,648.90
RIGHT_FOOT_INDEX,0,635.87,531.42
RIGHT_FOOT_INDEX,1,601.25,593.47
RIGHT_FOOT_INDEX,2,601.98,596.16
RIGHT_FOOT_INDEX,3,608.37,599.17
RIGHT_FOOT_INDEX,4,410.11,467.42
RIGHT_FOOT_INDEX,5,408.46,470.21
RIGHT_FOOT_INDEX,6,470.31,476.56
RIGHT_FOOT_INDEX,7,580.70,493.14
RIGHT_FOOT_INDEX,8,578.50,499.46
RIGHT_FOOT_INDEX,9,636.72,599.70
RIGHT_FOOT_INDEX,10,788.23,466.94
RIGHT_FOOT_INDEX,11,613.53,595.75
RIGHT_FOOT_INDEX,12,606.89,597.24
RIGHT_FOOT_INDEX,13,772.23,392.31
RIGHT_FOOT_INDEX,14,776.01,391.96
RIGHT_FOOT_INDEX,15,671.39,379.87
RIGHT_FOOT_INDEX,16,541.99,418.11
RIGHT_FOOT_INDEX,17,471.81,396.19
RIGHT_FOOT_INDEX,18,418.33,395.48
RIGHT_FOOT_INDEX,19,635.53,603.95
RIGHT_FOOT_INDEX,20,635.02,603.82
RIGHT_FOOT_INDEX,21,360.68,412.31
RIGHT_FOOT_INDEX,22,393.20,436.18
RIGHT_FOOT_INDEX,23,431.86,458.78
RIGHT_FOOT_INDEX,24,523.07,455.02
RIGHT_FOOT_INDEX,25,586.28,475.33
RIGHT_FOOT_INDEX,26,572.57,470.69
RIGHT_FOOT_INDEX,27,657.45,480.02
RIGHT_FOOT_INDEX,28,754.30,450.94
RIGHT_FOOT_INDEX,29,589.32,603.52
RIGHT_FOOT_INDEX,30,786.26,422.58
RIGHT_FOOT_INDEX,31,751.92,411.37
RIGHT_FOOT_INDEX,32,753.40,412.33
RIGHT_FOOT_INDEX,33,705.26,459.47
RIGHT_FOOT_INDEX,34,613.51,402.50
RIGHT_FOOT_INDEX,35,571.31,444.16
RIGHT_FOOT_INDEX,36,473.22,456.14
RIGHT_FOOT_INDEX,37,420.41,461.93
RIGHT_FOOT_INDEX,38,421.61,461.31
RIGHT_FOOT_INDEX,39,450.07,472.05
RIGHT_FOOT_INDEX,40,605.58,607.91
RIGHT_FOOT_INDEX,41,612.00,546.75
RIGHT_FOOT_INDEX,42,590.34,608.16
RIGHT_FOOT_INDEX,43,587.38,608.36
RIGHT_FOOT_INDEX,44,587.30,612.34
RIGHT_FOOT_INDEX,45,591.08,614.85
RIGHT_FOOT_INDEX,46,691.44,481.89
RIGHT_FOOT_INDEX,47,601.21,494.93
RIGHT_FOOT_INDEX,48,502.87,474.44
RIGHT_FOOT_INDEX,49,496.66,477.11
RIGHT_FOOT_INDEX,50,465.25,479.41
RIGHT_FOOT_INDEX,51,464.94,476.03
RIGHT_FOOT_INDEX,52,555.56,534.51
RIGHT_FOOT_INDEX,53,603.37,620.42
RIGHT_FOOT_INDEX,54,587.33,618.04
RIGHT_FOOT_INDEX,55,587.86,617.98
RIGHT_FOOT_INDEX,56,769.23,352.14
RIGHT_FOOT_INDEX,57,785.49,340.14
RIGHT_FOOT_INDEX,58,731.83,331.24
RIGHT_FOOT_INDEX,59,687.50,280.82
RIGHT_FOOT_INDEX,60,560.09,329.33
RIGHT_FOOT_INDEX,61,558.88,319.96
RIGHT_FOOT_INDEX,62,533.32,308.35
RIGHT_FOOT_INDEX,63,496.81,218.79
RIGHT_FOOT_INDEX,64,447.03,209.14
RIGHT_FOOT_INDEX,65,486.69,180.22
RIGHT_FOOT_INDEX,66,570.89,214.87
RIGHT_FOOT_INDEX,67,613.35,522.87
RIGHT_FOOT_INDEX,68,551.10,111.87
RIGHT_FOOT_INDEX,69,641.80,202.51
RIGHT_FOOT_INDEX,70,561.12,611.89
RIGHT_FOOT_INDEX,71,592.32,625.22
RIGHT_FOOT_INDEX,72,600.49,628.60
RIGHT_FOOT_INDEX,73,602.52,627.85
RIGHT_FOOT_INDEX,74,616.62,627.71
RIGHT_FOOT_INDEX,75,631.23,410.73
RIGHT_FOOT_INDEX,76,600.86,302.18
RIGHT_FOOT_INDEX,77,514.31,173.98
RIGHT_FOOT_INDEX,78,514.58,177.35
RIGHT_FOOT_INDEX,79,496.07,162.89
RIGHT_FOOT_INDEX,80,621.97,523.83
RIGHT_FOOT_INDEX,83,698.90,188.10
RIGHT_FOOT_INDEX,84,696.96,182.91
RIGHT_FOOT_INDEX,85,720.45,174.06
RIGHT_FOOT_INDEX,86,735.09,156.61
RIGHT_FOOT_INDEX,87,617.44,507.78
RIGHT_FOOT_INDEX,89,633.24,624.06
RIGHT_FOOT_INDEX,90,633.68,624.12
RIGHT_FOOT_INDEX,91,674.00,137.14
RIGHT_FOOT_INDEX,92,645.44,626.59
RIGHT_FOOT_INDEX,93,576.08,141.09
RIGHT_FOOT_INDEX,94,543.64,99.49
RIGHT_FOOT_INDEX,95,520.29,99.18
RIGHT_FOOT_INDEX,96,522.90,108.82
RIGHT_FOOT_INDEX,97,505.98,85.44
RIGHT_FOOT_INDEX,98,644.41,639.58
RIGHT_FOOT_INDEX,99,632.07,640.29
RIGHT_FOOT_INDEX,103,649.95,102.86
RIGHT_FOOT_INDEX,104,682.21,99.78
RIGHT_FOOT_INDEX,105,710.44,96.55
RIGHT_FOOT_INDEX,106,638.71,649.88
RIGHT_FOOT_INDEX,107,712.11,99.71
RIGHT_FOOT_INDEX,108,707.87,98.59
RIGHT_FOOT_INDEX,109,659.94,648.26
RIGHT_FOOT_INDEX,111,730.45,160.93
RIGHT_FOOT_INDEX,112,706.90,228.50
RIGHT_FOOT_INDEX,113,684.28,610.07
RIGHT_FOOT_INDEX,114,683.64,642.99
RIGHT_FOOT_INDEX,115,684.87,648.73
RIGHT_FOOT_INDEX,116,603.82,93.66
RIGHT_FOOT_INDEX,117,682.66,644.51
RIGHT_FOOT_INDEX,118,575.39,87.95
RIGHT_FOOT_INDEX,119,571.27,90.58
RIGHT_FOOT_INDEX,120,656.04,469.54
RIGHT_FOOT_INDEX,121,666.96,641.87
RIGHT_FOOT_INDEX,122,585.67,95.12
RIGHT_FOOT_INDEX,125,673.33,207.82
RIGHT_FOOT_INDEX,127,697.49,108.25
RIGHT_FOOT_INDEX,128,737.81,122.98
RIGHT_FOOT_INDEX,129,733.45,136.57
RIGHT_FOOT_INDEX,130,743.79,110.53
RIGHT_FOOT_INDEX,131,744.67,114.54
RIGHT_FOOT_INDEX,132,662.22,658.85
RIGHT_FOOT_INDEX,133,692.49,464.94
RIGHT_FOOT_INDEX,134,676.27,588.64
RIGHT_FOOT_INDEX,135,699.32,654.30
RIGHT_FOOT_INDEX,136,713.45,543.05
RIGHT_FOOT_INDEX,137,624.95,178.74
RIGHT_FOOT_INDEX,138,609.60,188.34
RIGHT_FOOT_INDEX,140,574.80,253.47
RIGHT_FOOT_INDEX,141,520.19,276.73
RIGHT_FOOT_INDEX,142,505.21,294.86
RIGHT_FOOT_INDEX,143,505.60,297.36
RIGHT_FOOT_INDEX,144,503.68,318.71
RIGHT_FOOT_INDEX,145,517.20,401.74
RIGHT_FOOT_INDEX,146,693.06,651.36
RIGHT_FOOT_INDEX,147,689.72,649.11
RIGHT_FOOT_INDEX,148,665.04,532.35
RIGHT_FOOT_INDEX,149,659.46,538.98
RIGHT_FOOT_INDEX,150,745.58,557.41
RIGHT_FOOT_INDEX,151,795.81,574.00
RIGHT_FOOT_INDEX,152,815.64,577.49
RIGHT_FOOT_INDEX,153,799.09,570.43
RIGHT_FOOT_INDEX,154,798.88,568.15
RIGHT_FOOT_INDEX,155,791.51,563.78
RIGHT_FOOT_INDEX,156,746.74,556.57
RIGHT_FOOT_INDEX,157,707.17,555.87
RIGHT_FOOT_INDEX,158,684.62,557.03
RIGHT_FOOT_INDEX,159,650.89,567.32
RIGHT_FOOT_INDEX,160,650.76,567.28
RIGHT_FOOT_INDEX,161,626.40,579.84
RIGHT_FOOT_INDEX,162,611.57,593.37
RIGHT_FOOT_INDEX,163,607.34,608.44
RIGHT_FOOT_INDEX,164,618.87,620.19
RIGHT_FOOT_INDEX,165,638.01,632.82
RIGHT_FOOT_INDEX,166,637.90,633.81
RIGHT_FOOT_INDEX,167,681.00,637.51
RIGHT_FOOT_INDEX,168,684.98,640.16
RIGHT_FOOT_INDEX,169,711.24,645.77
RIGHT_FOOT_INDEX,170,723.63,641.15
RIGHT_FOOT_INDEX,171,728.90,641.45
RIGHT_FOOT_INDEX,172,728.58,641.52
RIGHT_FOOT_INDEX,173,724.98,644.79
RIGHT_FOOT_INDEX,174,714.27,649.79
RIGHT_FOOT_INDEX,175,708.69,646.82
RIGHT_FOOT_INDEX,176,700.87,639.59
RIGHT_FOOT_INDEX,177,692.72,626.84
RIGHT_FOOT_INDEX,178,692.82,620.65
RIGHT_FOOT_INDEX,179,660.57,656.37
RIGHT_FOOT_INDEX,180,704.68,644.48
RIGHT_FOOT_INDEX,181,734.88,643.66
RIGHT_FOOT_INDEX,182,711.33,643.22
RIGHT_FOOT_INDEX,183,702.76,644.35
